species_a,species_b,class_a,class_b,order_a,order_b,family_a,family_b,genus_a,genus_b,pair_class,relation,divergence_mya,divergence_years,divergence_source,timetree_study_count,timetree_ci_low,timetree_ci_high,timetree_name_a,timetree_name_b,n_calls_a,n_calls_b,n_pairs,alignment_r,alignment_fisher_z,log10_divergence_mya
African grey parrot (Psittacus erithacus),African savanna elephant (Loxodonta africana),Aves,Mammalia,Psittaciformes,Proboscidea,Psittacidae,Elephantidae,Psittacus,Loxodonta,Cross-class,cross_class,318.95,318950000.0,TimeTree API pairwise summaryjson,30.0,316.0,322.37,Loxodonta africana,Psittacus erithacus,5,8,40,-0.09845765696239031,-0.0987776668853986,2.503722606486479
African grey parrot (Psittacus erithacus),American bullfrog (Lithobates catesbeianus),Aves,Amphibia,Psittaciformes,Anura,Psittacidae,Ranidae,Psittacus,Lithobates,Cross-class,cross_class,351.686545,351686545.0,TimeTree API pairwise summaryjson,32.0,348.4,355.7,Aquarana catesbeiana,Psittacus erithacus,5,5,25,0.4034269062196233,0.4277352714999697,2.546155753178947
African grey parrot (Psittacus erithacus),Bengalese finch (Lonchura striata domestica),Aves,Aves,Psittaciformes,Passeriformes,Psittacidae,Estrildidae,Psittacus,Lonchura,Aves,same_class,67.814305,67814305.0,TimeTree API pairwise summaryjson,12.0,56.259865,86.0,Lonchura striata domestica,Psittacus erithacus,5,6,30,0.36817993388796294,0.38631598603066997,1.8313213152131547
African grey parrot (Psittacus erithacus),Black-and-white colobus (Colobus guereza),Aves,Mammalia,Psittaciformes,Primates,Psittacidae,Cercopithecidae,Psittacus,Colobus,Cross-class,cross_class,318.95,318950000.0,TimeTree API pairwise summaryjson,30.0,316.0,322.37,Psittacus erithacus,Colobus guereza,5,5,25,0.4842484006491478,0.5285192713179534,2.503722606486479
African grey parrot (Psittacus erithacus),Bonobo (Pan paniscus),Aves,Mammalia,Psittaciformes,Primates,Psittacidae,Hominidae,Psittacus,Pan,Cross-class,cross_class,318.95,318950000.0,TimeTree API pairwise summaryjson,30.0,316.0,322.37,Psittacus erithacus,Pan paniscus,5,14,70,0.07577952409726613,0.07592508150386942,2.503722606486479
African grey parrot (Psittacus erithacus),Bornean Orangutan (Pongo pygmaeus),Aves,Mammalia,Psittaciformes,Primates,Psittacidae,Hominidae,Psittacus,Pongo,Cross-class,cross_class,318.95,318950000.0,TimeTree API pairwise summaryjson,30.0,316.0,322.37,Psittacus erithacus,Pongo pygmaeus,5,32,160,0.14851905333348417,0.14962574404653908,2.503722606486479
African grey parrot (Psittacus erithacus),Brown lemurs (Eulemur spp.),Aves,Mammalia,Psittaciformes,Primates,Psittacidae,Lemuridae,Psittacus,Eulemur,Cross-class,cross_class,318.95,318950000.0,TimeTree API pairwise summaryjson,30.0,316.0,322.37,Psittacus erithacus,Eulemur,5,5,25,0.42871949447322116,0.45832676076941725,2.503722606486479
African grey parrot (Psittacus erithacus),Campbell's monkey (Cercopithecus campbelli),Aves,Mammalia,Psittaciformes,Primates,Psittacidae,Cercopithecidae,Psittacus,Cercopithecus,Cross-class,cross_class,318.95,318950000.0,TimeTree API pairwise summaryjson,30.0,316.0,322.37,Psittacus erithacus,Cercopithecus campbelli,5,7,35,-0.004788431339169221,-0.004788467937772665,2.503722606486479
African grey parrot (Psittacus erithacus),Carolina chickadee (Poecile carolinensis),Aves,Aves,Psittaciformes,Passeriformes,Psittacidae,Paridae,Psittacus,Poecile,Aves,same_class,67.814305,67814305.0,TimeTree API pairwise summaryjson,12.0,56.259865,86.0,Poecile carolinensis,Psittacus erithacus,5,4,20,0.3359447051174219,0.3495142717100537,1.8313213152131547
African grey parrot (Psittacus erithacus),Chacma baboon (Papio ursinus),Aves,Mammalia,Psittaciformes,Primates,Psittacidae,Cercopithecidae,Psittacus,Papio,Cross-class,cross_class,318.95,318950000.0,TimeTree API pairwise summaryjson,30.0,316.0,322.37,Psittacus erithacus,Papio ursinus,5,6,30,0.2978220716288962,0.30712798893549154,2.503722606486479
African grey parrot (Psittacus erithacus),Chestnut-crowned babbler (Pomatostomus ruficeps),Aves,Aves,Psittaciformes,Passeriformes,Psittacidae,Pomatostomidae,Psittacus,Pomatostomus,Aves,same_class,67.814305,67814305.0,TimeTree API pairwise summaryjson,12.0,56.259865,86.0,Pomatostomus ruficeps,Psittacus erithacus,5,4,20,0.34820881628167477,0.3634039737187809,1.8313213152131547
African grey parrot (Psittacus erithacus),Chimpanzee (Pan troglodytes),Aves,Mammalia,Psittaciformes,Primates,Psittacidae,Hominidae,Psittacus,Pan,Cross-class,cross_class,318.95,318950000.0,TimeTree API pairwise summaryjson,30.0,316.0,322.37,Psittacus erithacus,Pan troglodytes,5,13,65,0.05010877875827642,0.05015078126028033,2.503722606486479
African grey parrot (Psittacus erithacus),Common marmoset (Callithrix jacchus),Aves,Mammalia,Psittaciformes,Primates,Psittacidae,Callitrichidae,Psittacus,Callithrix,Cross-class,cross_class,318.95,318950000.0,TimeTree API pairwise summaryjson,30.0,316.0,322.37,Psittacus erithacus,Callithrix jacchus,5,8,40,0.1764911443393909,0.17835868888482279,2.503722606486479
African grey parrot (Psittacus erithacus),Crowned monkey / Crowned guenon (Cercopithecus pogonias),Aves,Mammalia,Psittaciformes,Primates,Psittacidae,Cercopithecidae,Psittacus,Cercopithecus,Cross-class,cross_class,318.95,318950000.0,TimeTree API pairwise summaryjson,30.0,316.0,322.37,Psittacus erithacus,Cercopithecus pogonias,5,5,25,0.3619219168348631,0.3790957460101513,2.503722606486479
African grey parrot (Psittacus erithacus),De Brazza’s monkey (Cercopithecus neglectus),Aves,Mammalia,Psittaciformes,Primates,Psittacidae,Cercopithecidae,Psittacus,Cercopithecus,Cross-class,cross_class,318.95,318950000.0,TimeTree API pairwise summaryjson,30.0,316.0,322.37,Psittacus erithacus,Cercopithecus neglectus,5,7,35,0.18713135442388373,0.18936276019781298,2.503722606486479
African grey parrot (Psittacus erithacus),Diana monkey (Cercopithecus diana),Aves,Mammalia,Psittaciformes,Primates,Psittacidae,Cercopithecidae,Psittacus,Cercopithecus,Cross-class,cross_class,318.95,318950000.0,TimeTree API pairwise summaryjson,30.0,316.0,322.37,Psittacus erithacus,Cercopithecus diana,5,6,30,0.15560003898762373,0.1568743662639459,2.503722606486479
African grey parrot (Psittacus erithacus),Drill (Mandrillus leucophaeus),Aves,Mammalia,Psittaciformes,Primates,Psittacidae,Cercopithecidae,Psittacus,Mandrillus,Cross-class,cross_class,318.95,318950000.0,TimeTree API pairwise summaryjson,30.0,316.0,322.37,Psittacus erithacus,Mandrillus leucophaeus,5,7,35,0.4714346337584603,0.5119133324727404,2.503722606486479
African grey parrot (Psittacus erithacus),Eastern Gorilla (Gorilla beringei),Aves,Mammalia,Psittaciformes,Primates,Psittacidae,Hominidae,Psittacus,Gorilla,Cross-class,cross_class,318.95,318950000.0,TimeTree API pairwise summaryjson,30.0,316.0,322.37,Psittacus erithacus,Gorilla beringei,5,3,15,0.35316635667509666,0.3690567165813577,2.503722606486479
African grey parrot (Psittacus erithacus),Egyptian fruit bat (Rousettus aegyptiacus),Aves,Mammalia,Psittaciformes,Chiroptera,Psittacidae,Pteropodidae,Psittacus,Rousettus,Cross-class,cross_class,318.95,318950000.0,TimeTree API pairwise summaryjson,30.0,316.0,322.37,Rousettus aegyptiacus,Psittacus erithacus,5,5,25,0.28976695918407047,0.2983118432793932,2.503722606486479
African grey parrot (Psittacus erithacus),European starling (Sturnus vulgaris),Aves,Aves,Psittaciformes,Passeriformes,Psittacidae,Sturnidae,Psittacus,Sturnus,Aves,same_class,67.814305,67814305.0,TimeTree API pairwise summaryjson,12.0,56.259865,86.0,Sturnus vulgaris,Psittacus erithacus,5,6,30,0.4096754674337977,0.4352211755339097,1.8313213152131547
African grey parrot (Psittacus erithacus),Gelada (Theropithecus gelada),Aves,Mammalia,Psittaciformes,Primates,Psittacidae,Cercopithecidae,Psittacus,Theropithecus,Cross-class,cross_class,318.95,318950000.0,TimeTree API pairwise summaryjson,30.0,316.0,322.37,Psittacus erithacus,Theropithecus gelada,5,8,40,0.2940623166243494,0.30300733280515246,2.503722606486479
African grey parrot (Psittacus erithacus),"Gibbons (Hylobates spp., Nomascus spp., Hoolock spp.)",Aves,Mammalia,Psittaciformes,Primates,Psittacidae,Hylobatidae,Psittacus,,Cross-class,cross_class,318.95,318950000.0,TimeTree API pairwise summaryjson,30.0,316.0,322.37,Psittacus erithacus,Hylobates,5,4,20,0.2822318123414913,0.29010539174489974,2.503722606486479
African grey parrot (Psittacus erithacus),Gray wolf (Canis lupus),Aves,Mammalia,Psittaciformes,Carnivora,Psittacidae,Canidae,Psittacus,Canis,Cross-class,cross_class,318.95,318950000.0,TimeTree API pairwise summaryjson,30.0,316.0,322.37,Canis lupus,Psittacus erithacus,5,5,25,0.15326842877087948,0.15448578741479158,2.503722606486479
African grey parrot (Psittacus erithacus),Greater sac-winged bat (Saccopteryx bilineata),Aves,Mammalia,Psittaciformes,Chiroptera,Psittacidae,Emballonuridae,Psittacus,Saccopteryx,Cross-class,cross_class,318.95,318950000.0,TimeTree API pairwise summaryjson,30.0,316.0,322.37,Saccopteryx bilineata,Psittacus erithacus,5,5,25,0.5357425349699605,0.5981649996643957,2.503722606486479
African grey parrot (Psittacus erithacus),Green tree frog (Hyla cinerea),Aves,Amphibia,Psittaciformes,Anura,Psittacidae,Hylidae,Psittacus,Hyla,Cross-class,cross_class,351.686545,351686545.0,TimeTree API pairwise summaryjson,32.0,348.4,355.7,Dryophytes cinereus,Psittacus erithacus,5,7,35,0.3019809030824893,0.31169784671040235,2.546155753178947
African grey parrot (Psittacus erithacus),Howler monkey (Alouatta spp.),Aves,Mammalia,Psittaciformes,Primates,Psittacidae,Atelidae,Psittacus,Alouatta,Cross-class,cross_class,318.95,318950000.0,TimeTree API pairwise summaryjson,30.0,316.0,322.37,Psittacus erithacus,Alouatta,5,6,30,0.5452688012970368,0.6116233416629492,2.503722606486479
African grey parrot (Psittacus erithacus),Indri (Indri indri),Aves,Mammalia,Psittaciformes,Primates,Psittacidae,Indriidae,Psittacus,Indri,Cross-class,cross_class,318.95,318950000.0,TimeTree API pairwise summaryjson,30.0,316.0,322.37,Psittacus erithacus,Indri indri,5,6,30,0.46773465597327607,0.5071666544043834,2.503722606486479
African grey parrot (Psittacus erithacus),Japanese macaque (Macaca fuscata),Aves,Mammalia,Psittaciformes,Primates,Psittacidae,Cercopithecidae,Psittacus,Macaca,Cross-class,cross_class,318.95,318950000.0,TimeTree API pairwise summaryjson,30.0,316.0,322.37,Psittacus erithacus,Macaca fuscata,5,8,40,0.11257091841423461,0.1130500744067373,2.503722606486479
African grey parrot (Psittacus erithacus),Japanese tit (Parus minor),Aves,Aves,Psittaciformes,Passeriformes,Psittacidae,Paridae,Psittacus,Parus,Aves,same_class,67.814305,67814305.0,TimeTree API pairwise summaryjson,12.0,56.259865,86.0,Parus minor,Psittacus erithacus,5,4,20,0.15139718619561152,0.15257008992259602,1.8313213152131547
African grey parrot (Psittacus erithacus),Langurs (Semnopithecus spp. / Trachypithecus spp.),Aves,Mammalia,Psittaciformes,Primates,Psittacidae,Cercopithecidae,Psittacus,,Cross-class,cross_class,318.95,318950000.0,TimeTree API pairwise summaryjson,30.0,316.0,322.37,Psittacus erithacus,Semnopithecus,5,5,25,0.3555617131218738,0.37179606576670554,2.503722606486479
African grey parrot (Psittacus erithacus),L’Hoest’s monkey (Allochrocebus lhoesti),Aves,Mammalia,Psittaciformes,Primates,Psittacidae,Cercopithecidae,Psittacus,Allochrocebus,Cross-class,cross_class,318.95,318950000.0,TimeTree API pairwise summaryjson,30.0,316.0,322.37,Psittacus erithacus,Allochrocebus lhoesti,5,7,35,0.2220396205192978,0.22580048256261154,2.503722606486479
African grey parrot (Psittacus erithacus),Mandrill (Mandrillus sphinx),Aves,Mammalia,Psittaciformes,Primates,Psittacidae,Cercopithecidae,Psittacus,Mandrillus,Cross-class,cross_class,318.95,318950000.0,TimeTree API pairwise summaryjson,30.0,316.0,322.37,Psittacus erithacus,Mandrillus sphinx,5,7,35,0.49808703820181083,0.5467587717703323,2.503722606486479
African grey parrot (Psittacus erithacus),Meerkat (Suricata suricatta),Aves,Mammalia,Psittaciformes,Carnivora,Psittacidae,Herpestidae,Psittacus,Suricata,Cross-class,cross_class,318.95,318950000.0,TimeTree API pairwise summaryjson,30.0,316.0,322.37,Suricata suricatta,Psittacus erithacus,5,7,35,0.2950785214953762,0.3041200940265808,2.503722606486479
African grey parrot (Psittacus erithacus),Mona monkey (Cercopithecus mona),Aves,Mammalia,Psittaciformes,Primates,Psittacidae,Cercopithecidae,Psittacus,Cercopithecus,Cross-class,cross_class,318.95,318950000.0,TimeTree API pairwise summaryjson,30.0,316.0,322.37,Psittacus erithacus,Cercopithecus mona,5,6,30,0.2656454427164302,0.27217277118980865,2.503722606486479
African grey parrot (Psittacus erithacus),Mouse lemurs (Microcebus spp.),Aves,Mammalia,Psittaciformes,Primates,Psittacidae,Cheirogaleidae,Psittacus,Microcebus,Cross-class,cross_class,318.95,318950000.0,TimeTree API pairwise summaryjson,30.0,316.0,322.37,Psittacus erithacus,Microcebus,5,6,30,0.40174539753362604,0.4257285158259494,2.503722606486479
African grey parrot (Psittacus erithacus),Olive baboon (Papio anubis),Aves,Mammalia,Psittaciformes,Primates,Psittacidae,Cercopithecidae,Psittacus,Papio,Cross-class,cross_class,318.95,318950000.0,TimeTree API pairwise summaryjson,30.0,316.0,322.37,Psittacus erithacus,Papio anubis,5,14,70,0.23614928776399316,0.24069202323204414,2.503722606486479
African grey parrot (Psittacus erithacus),Patas monkey (Erythrocebus patas),Aves,Mammalia,Psittaciformes,Primates,Psittacidae,Cercopithecidae,Psittacus,Erythrocebus,Cross-class,cross_class,318.95,318950000.0,TimeTree API pairwise summaryjson,30.0,316.0,322.37,Psittacus erithacus,Erythrocebus patas,5,6,30,0.34683554298852076,0.36184206582824924,2.503722606486479
African grey parrot (Psittacus erithacus),Plain-tailed wren (Pheugopedius euophrys),Aves,Aves,Psittaciformes,Passeriformes,Psittacidae,Troglodytidae,Psittacus,Pheugopedius,Aves,same_class,67.814305,67814305.0,TimeTree API pairwise summaryjson,12.0,56.259865,86.0,Pheugopedius euophrys,Psittacus erithacus,5,3,15,0.6087252086756353,0.7068936221173577,1.8313213152131547
African grey parrot (Psittacus erithacus),Poison dart frogs (Dendrobatidae; various genera),Aves,Amphibia,Psittaciformes,Anura,Psittacidae,Dendrobatidae,Psittacus,,Cross-class,cross_class,351.686545,351686545.0,TimeTree API pairwise summaryjson,32.0,348.4,355.7,Dendrobatidae,Psittacus erithacus,5,2,10,-0.3504734526084944,-0.36598340336410146,2.546155753178947
African grey parrot (Psittacus erithacus),Putty-nosed monkey (Cercopithecus nictitans),Aves,Mammalia,Psittaciformes,Primates,Psittacidae,Cercopithecidae,Psittacus,Cercopithecus,Cross-class,cross_class,318.95,318950000.0,TimeTree API pairwise summaryjson,30.0,316.0,322.37,Psittacus erithacus,Cercopithecus nictitans,5,7,35,0.18618960547652075,0.18838701409054573,2.503722606486479
African grey parrot (Psittacus erithacus),Red colobus (Piliocolobus spp.),Aves,Mammalia,Psittaciformes,Primates,Psittacidae,Cercopithecidae,Psittacus,Piliocolobus,Cross-class,cross_class,318.95,318950000.0,TimeTree API pairwise summaryjson,30.0,316.0,322.37,Psittacus erithacus,Piliocolobus,5,5,25,0.3869503595025598,0.4082083587900921,2.503722606486479
African grey parrot (Psittacus erithacus),Red-tailed monkey (Cercopithecus ascanius),Aves,Mammalia,Psittaciformes,Primates,Psittacidae,Cercopithecidae,Psittacus,Cercopithecus,Cross-class,cross_class,318.95,318950000.0,TimeTree API pairwise summaryjson,30.0,316.0,322.37,Psittacus erithacus,Cercopithecus ascanius,5,7,35,0.29273845695209094,0.30155877554721944,2.503722606486479
African grey parrot (Psittacus erithacus),Rhesus macaque (Macaca mulatta),Aves,Mammalia,Psittaciformes,Primates,Psittacidae,Cercopithecidae,Psittacus,Macaca,Cross-class,cross_class,318.95,318950000.0,TimeTree API pairwise summaryjson,30.0,316.0,322.37,Psittacus erithacus,Macaca mulatta,5,8,40,0.13556470848381832,0.13640444756891562,2.503722606486479
African grey parrot (Psittacus erithacus),Ring-tailed lemur (Lemur catta),Aves,Mammalia,Psittaciformes,Primates,Psittacidae,Lemuridae,Psittacus,Lemur,Cross-class,cross_class,318.95,318950000.0,TimeTree API pairwise summaryjson,30.0,316.0,322.37,Psittacus erithacus,Lemur catta,5,6,30,0.42827880408583,0.4577869559886217,2.503722606486479
African grey parrot (Psittacus erithacus),Siamang (Symphalangus syndactylus),Aves,Mammalia,Psittaciformes,Primates,Psittacidae,Hylobatidae,Psittacus,Symphalangus,Cross-class,cross_class,318.95,318950000.0,TimeTree API pairwise summaryjson,30.0,316.0,322.37,Psittacus erithacus,Symphalangus syndactylus,5,4,20,0.2516420868489392,0.2571651403081313,2.503722606486479
African grey parrot (Psittacus erithacus),Spotted hyena (Crocuta crocuta),Aves,Mammalia,Psittaciformes,Carnivora,Psittacidae,Hyaenidae,Psittacus,Crocuta,Cross-class,cross_class,318.95,318950000.0,TimeTree API pairwise summaryjson,30.0,316.0,322.37,Crocuta crocuta,Psittacus erithacus,5,6,30,0.4003996875638513,0.42412483933647405,2.503722606486479
African grey parrot (Psittacus erithacus),Talapoin monkey (Miopithecus talapoin),Aves,Mammalia,Psittaciformes,Primates,Psittacidae,Cercopithecidae,Psittacus,Miopithecus,Cross-class,cross_class,318.95,318950000.0,TimeTree API pairwise summaryjson,30.0,316.0,322.37,Psittacus erithacus,Miopithecus talapoin,5,7,35,0.09857965466838947,0.09890086029764328,2.503722606486479
African grey parrot (Psittacus erithacus),Tufted capuchin (Sapajus apella),Aves,Mammalia,Psittaciformes,Primates,Psittacidae,Cebidae,Psittacus,Sapajus,Cross-class,cross_class,318.95,318950000.0,TimeTree API pairwise summaryjson,30.0,316.0,322.37,Psittacus erithacus,Sapajus apella,5,8,40,0.21843384165604257,0.2220108874077479,2.503722606486479
African grey parrot (Psittacus erithacus),Túngara frog (Engystomops pustulosus),Aves,Amphibia,Psittaciformes,Anura,Psittacidae,Leptodactylidae,Psittacus,Engystomops,Cross-class,cross_class,351.686545,351686545.0,TimeTree API pairwise summaryjson,32.0,348.4,355.7,Engystomops pustulosus,Psittacus erithacus,5,3,15,0.13706899097490652,0.13793721264616657,2.546155753178947
African grey parrot (Psittacus erithacus),Vervet monkey (Chlorocebus pygerythrus),Aves,Mammalia,Psittaciformes,Primates,Psittacidae,Cercopithecidae,Psittacus,Chlorocebus,Cross-class,cross_class,318.95,318950000.0,TimeTree API pairwise summaryjson,30.0,316.0,322.37,Psittacus erithacus,Chlorocebus pygerythrus,5,8,40,0.2268270416222161,0.23084185066213103,2.503722606486479
African grey parrot (Psittacus erithacus),Western Gorilla (Gorilla gorilla),Aves,Mammalia,Psittaciformes,Primates,Psittacidae,Hominidae,Psittacus,Gorilla,Cross-class,cross_class,318.95,318950000.0,TimeTree API pairwise summaryjson,30.0,316.0,322.37,Psittacus erithacus,Gorilla gorilla,5,9,45,0.38996431387096164,0.41175794750698347,2.503722606486479
African grey parrot (Psittacus erithacus),White-browed sparrow-weaver (Plocepasser mahali),Aves,Aves,Psittaciformes,Passeriformes,Psittacidae,Ploceidae,Psittacus,Plocepasser,Aves,same_class,67.814305,67814305.0,TimeTree API pairwise summaryjson,12.0,56.259865,86.0,Plocepasser mahali,Psittacus erithacus,5,4,20,0.6513506964219054,0.7776411398648415,1.8313213152131547
African grey parrot (Psittacus erithacus),Yellow baboon (Papio cynocephalus),Aves,Mammalia,Psittaciformes,Primates,Psittacidae,Cercopithecidae,Psittacus,Papio,Cross-class,cross_class,318.95,318950000.0,TimeTree API pairwise summaryjson,30.0,316.0,322.37,Psittacus erithacus,Papio cynocephalus,5,7,35,0.18262332270140855,0.1846951834023497,2.503722606486479
African grey parrot (Psittacus erithacus),Zebra finch (Taeniopygia guttata),Aves,Aves,Psittaciformes,Passeriformes,Psittacidae,Estrildidae,Psittacus,Taeniopygia,Aves,same_class,67.814305,67814305.0,TimeTree API pairwise summaryjson,12.0,56.259865,86.0,Psittacus erithacus,Taeniopygia guttata,5,7,35,0.21071782619631987,0.21392240791951164,1.8313213152131547
African savanna elephant (Loxodonta africana),American bullfrog (Lithobates catesbeianus),Mammalia,Amphibia,Proboscidea,Anura,Elephantidae,Ranidae,Loxodonta,Lithobates,Cross-class,cross_class,351.686545,351686545.0,TimeTree API pairwise summaryjson,32.0,348.4,355.7,Aquarana catesbeiana,Loxodonta africana,8,5,40,0.18965111682157898,0.1919752445360077,2.546155753178947
African savanna elephant (Loxodonta africana),Bengalese finch (Lonchura striata domestica),Mammalia,Aves,Proboscidea,Passeriformes,Elephantidae,Estrildidae,Loxodonta,Lonchura,Cross-class,cross_class,318.95,318950000.0,TimeTree API pairwise summaryjson,30.0,316.0,322.37,Loxodonta africana,Lonchura striata domestica,8,6,48,-0.32390875637744315,-0.3360078881459266,2.503722606486479
African savanna elephant (Loxodonta africana),Black-and-white colobus (Colobus guereza),Mammalia,Mammalia,Proboscidea,Primates,Elephantidae,Cercopithecidae,Loxodonta,Colobus,Mammalia,same_class,99.1887,99188700.0,TimeTree API pairwise summaryjson,27.0,94.7,101.9,Loxodonta africana,Colobus guereza,8,5,40,-0.2025768098496025,-0.20541817917262606,1.9964621982914958
African savanna elephant (Loxodonta africana),Bonobo (Pan paniscus),Mammalia,Mammalia,Proboscidea,Primates,Elephantidae,Hominidae,Loxodonta,Pan,Mammalia,same_class,99.1887,99188700.0,TimeTree API pairwise summaryjson,27.0,94.7,101.9,Loxodonta africana,Pan paniscus,8,14,112,-0.009751104892383131,-0.009751413968186965,1.9964621982914958
African savanna elephant (Loxodonta africana),Bornean Orangutan (Pongo pygmaeus),Mammalia,Mammalia,Proboscidea,Primates,Elephantidae,Hominidae,Loxodonta,Pongo,Mammalia,same_class,99.1887,99188700.0,TimeTree API pairwise summaryjson,27.0,94.7,101.9,Loxodonta africana,Pongo pygmaeus,8,32,256,-0.13450488336879504,-0.1353249381428607,1.9964621982914958
African savanna elephant (Loxodonta africana),Brown lemurs (Eulemur spp.),Mammalia,Mammalia,Proboscidea,Primates,Elephantidae,Lemuridae,Loxodonta,Eulemur,Mammalia,same_class,99.1887,99188700.0,TimeTree API pairwise summaryjson,27.0,94.7,101.9,Loxodonta africana,Eulemur,8,5,40,0.0036953022249516117,0.0036953190451918367,1.9964621982914958
African savanna elephant (Loxodonta africana),Campbell's monkey (Cercopithecus campbelli),Mammalia,Mammalia,Proboscidea,Primates,Elephantidae,Cercopithecidae,Loxodonta,Cercopithecus,Mammalia,same_class,99.1887,99188700.0,TimeTree API pairwise summaryjson,27.0,94.7,101.9,Loxodonta africana,Cercopithecus campbelli,8,7,56,-0.33985481264188294,-0.35392837331311283,1.9964621982914958
African savanna elephant (Loxodonta africana),Carolina chickadee (Poecile carolinensis),Mammalia,Aves,Proboscidea,Passeriformes,Elephantidae,Paridae,Loxodonta,Poecile,Cross-class,cross_class,318.95,318950000.0,TimeTree API pairwise summaryjson,30.0,316.0,322.37,Poecile carolinensis,Loxodonta africana,8,4,32,-0.439592722130548,-0.4717258597070932,2.503722606486479
African savanna elephant (Loxodonta africana),Chacma baboon (Papio ursinus),Mammalia,Mammalia,Proboscidea,Primates,Elephantidae,Cercopithecidae,Loxodonta,Papio,Mammalia,same_class,99.1887,99188700.0,TimeTree API pairwise summaryjson,27.0,94.7,101.9,Loxodonta africana,Papio ursinus,8,6,48,0.0626757677228923,0.06275803043300332,1.9964621982914958
African savanna elephant (Loxodonta africana),Chestnut-crowned babbler (Pomatostomus ruficeps),Mammalia,Aves,Proboscidea,Passeriformes,Elephantidae,Pomatostomidae,Loxodonta,Pomatostomus,Cross-class,cross_class,318.95,318950000.0,TimeTree API pairwise summaryjson,30.0,316.0,322.37,Loxodonta africana,Pomatostomus ruficeps,8,4,32,-0.4445305183934465,-0.4778629890103111,2.503722606486479
African savanna elephant (Loxodonta africana),Chimpanzee (Pan troglodytes),Mammalia,Mammalia,Proboscidea,Primates,Elephantidae,Hominidae,Loxodonta,Pan,Mammalia,same_class,99.1887,99188700.0,TimeTree API pairwise summaryjson,27.0,94.7,101.9,Loxodonta africana,Pan troglodytes,8,13,104,-0.08020974868453412,-0.08038242832859303,1.9964621982914958
African savanna elephant (Loxodonta africana),Common marmoset (Callithrix jacchus),Mammalia,Mammalia,Proboscidea,Primates,Elephantidae,Callitrichidae,Loxodonta,Callithrix,Mammalia,same_class,99.1887,99188700.0,TimeTree API pairwise summaryjson,27.0,94.7,101.9,Loxodonta africana,Callithrix jacchus,8,8,64,0.009644844812469825,0.00964514389339698,1.9964621982914958
African savanna elephant (Loxodonta africana),Crowned monkey / Crowned guenon (Cercopithecus pogonias),Mammalia,Mammalia,Proboscidea,Primates,Elephantidae,Cercopithecidae,Loxodonta,Cercopithecus,Mammalia,same_class,99.1887,99188700.0,TimeTree API pairwise summaryjson,27.0,94.7,101.9,Loxodonta africana,Cercopithecus pogonias,8,5,40,-0.011350095166139617,-0.011350582594533826,1.9964621982914958
African savanna elephant (Loxodonta africana),De Brazza’s monkey (Cercopithecus neglectus),Mammalia,Mammalia,Proboscidea,Primates,Elephantidae,Cercopithecidae,Loxodonta,Cercopithecus,Mammalia,same_class,99.1887,99188700.0,TimeTree API pairwise summaryjson,27.0,94.7,101.9,Loxodonta africana,Cercopithecus neglectus,8,7,56,0.039430420204247155,0.03945087420916866,1.9964621982914958
African savanna elephant (Loxodonta africana),Diana monkey (Cercopithecus diana),Mammalia,Mammalia,Proboscidea,Primates,Elephantidae,Cercopithecidae,Loxodonta,Cercopithecus,Mammalia,same_class,99.1887,99188700.0,TimeTree API pairwise summaryjson,27.0,94.7,101.9,Loxodonta africana,Cercopithecus diana,8,6,48,-0.15059407665516383,-0.1517482424744427,1.9964621982914958
African savanna elephant (Loxodonta africana),Drill (Mandrillus leucophaeus),Mammalia,Mammalia,Proboscidea,Primates,Elephantidae,Cercopithecidae,Loxodonta,Mandrillus,Mammalia,same_class,99.1887,99188700.0,TimeTree API pairwise summaryjson,27.0,94.7,101.9,Loxodonta africana,Mandrillus leucophaeus,8,7,56,0.08528063080266578,0.085488280264988,1.9964621982914958
African savanna elephant (Loxodonta africana),Eastern Gorilla (Gorilla beringei),Mammalia,Mammalia,Proboscidea,Primates,Elephantidae,Hominidae,Loxodonta,Gorilla,Mammalia,same_class,99.1887,99188700.0,TimeTree API pairwise summaryjson,27.0,94.7,101.9,Loxodonta africana,Gorilla beringei,8,3,24,-0.37631254825805216,-0.3957568855302747,1.9964621982914958
African savanna elephant (Loxodonta africana),Egyptian fruit bat (Rousettus aegyptiacus),Mammalia,Mammalia,Proboscidea,Chiroptera,Elephantidae,Pteropodidae,Loxodonta,Rousettus,Mammalia,same_class,99.1887,99188700.0,TimeTree API pairwise summaryjson,27.0,94.7,101.9,Loxodonta africana,Rousettus aegyptiacus,8,5,40,0.2429606280007318,0.24791807668886928,1.9964621982914958
African savanna elephant (Loxodonta africana),European starling (Sturnus vulgaris),Mammalia,Aves,Proboscidea,Passeriformes,Elephantidae,Sturnidae,Loxodonta,Sturnus,Cross-class,cross_class,318.95,318950000.0,TimeTree API pairwise summaryjson,30.0,316.0,322.37,Loxodonta africana,Sturnus vulgaris,8,6,48,0.08954309835688347,0.08978357415066737,2.503722606486479
African savanna elephant (Loxodonta africana),Gelada (Theropithecus gelada),Mammalia,Mammalia,Proboscidea,Primates,Elephantidae,Cercopithecidae,Loxodonta,Theropithecus,Mammalia,same_class,99.1887,99188700.0,TimeTree API pairwise summaryjson,27.0,94.7,101.9,Loxodonta africana,Theropithecus gelada,8,8,64,0.1356133817940902,0.13645403246726584,1.9964621982914958
African savanna elephant (Loxodonta africana),"Gibbons (Hylobates spp., Nomascus spp., Hoolock spp.)",Mammalia,Mammalia,Proboscidea,Primates,Elephantidae,Hylobatidae,Loxodonta,,Mammalia,same_class,99.1887,99188700.0,TimeTree API pairwise summaryjson,27.0,94.7,101.9,Loxodonta africana,Hylobates,8,4,32,0.018012362524176085,0.01801431091168658,1.9964621982914958
African savanna elephant (Loxodonta africana),Gray wolf (Canis lupus),Mammalia,Mammalia,Proboscidea,Carnivora,Elephantidae,Canidae,Loxodonta,Canis,Mammalia,same_class,99.1887,99188700.0,TimeTree API pairwise summaryjson,27.0,94.7,101.9,Loxodonta africana,Canis lupus,8,5,40,-0.17147587728880345,-0.1731868569316758,1.9964621982914958
African savanna elephant (Loxodonta africana),Greater sac-winged bat (Saccopteryx bilineata),Mammalia,Mammalia,Proboscidea,Chiroptera,Elephantidae,Emballonuridae,Loxodonta,Saccopteryx,Mammalia,same_class,99.1887,99188700.0,TimeTree API pairwise summaryjson,27.0,94.7,101.9,Loxodonta africana,Saccopteryx bilineata,8,5,40,-0.2648715185166102,-0.27134027046889986,1.9964621982914958
African savanna elephant (Loxodonta africana),Green tree frog (Hyla cinerea),Mammalia,Amphibia,Proboscidea,Anura,Elephantidae,Hylidae,Loxodonta,Hyla,Cross-class,cross_class,351.686545,351686545.0,TimeTree API pairwise summaryjson,32.0,348.4,355.7,Dryophytes cinereus,Loxodonta africana,8,7,56,-0.01349638998357748,-0.013497209540400385,2.546155753178947
African savanna elephant (Loxodonta africana),Howler monkey (Alouatta spp.),Mammalia,Mammalia,Proboscidea,Primates,Elephantidae,Atelidae,Loxodonta,Alouatta,Mammalia,same_class,99.1887,99188700.0,TimeTree API pairwise summaryjson,27.0,94.7,101.9,Loxodonta africana,Alouatta,8,6,48,0.004289354494459205,0.004289380800734444,1.9964621982914958
African savanna elephant (Loxodonta africana),Indri (Indri indri),Mammalia,Mammalia,Proboscidea,Primates,Elephantidae,Indriidae,Loxodonta,Indri,Mammalia,same_class,99.1887,99188700.0,TimeTree API pairwise summaryjson,27.0,94.7,101.9,Loxodonta africana,Indri indri,8,6,48,0.29772499666720753,0.3070214689443193,1.9964621982914958
African savanna elephant (Loxodonta africana),Japanese macaque (Macaca fuscata),Mammalia,Mammalia,Proboscidea,Primates,Elephantidae,Cercopithecidae,Loxodonta,Macaca,Mammalia,same_class,99.1887,99188700.0,TimeTree API pairwise summaryjson,27.0,94.7,101.9,Loxodonta africana,Macaca fuscata,8,8,64,-0.12475760084202918,-0.12541097495127362,1.9964621982914958
African savanna elephant (Loxodonta africana),Japanese tit (Parus minor),Mammalia,Aves,Proboscidea,Passeriformes,Elephantidae,Paridae,Loxodonta,Parus,Cross-class,cross_class,318.95,318950000.0,TimeTree API pairwise summaryjson,30.0,316.0,322.37,Loxodonta africana,Parus minor,8,4,32,-0.19965638533281024,-0.20237464771503194,2.503722606486479
African savanna elephant (Loxodonta africana),Langurs (Semnopithecus spp. / Trachypithecus spp.),Mammalia,Mammalia,Proboscidea,Primates,Elephantidae,Cercopithecidae,Loxodonta,,Mammalia,same_class,99.1887,99188700.0,TimeTree API pairwise summaryjson,27.0,94.7,101.9,Loxodonta africana,Semnopithecus,8,5,40,-0.12220749480693585,-0.1228213814607316,1.9964621982914958
African savanna elephant (Loxodonta africana),L’Hoest’s monkey (Allochrocebus lhoesti),Mammalia,Mammalia,Proboscidea,Primates,Elephantidae,Cercopithecidae,Loxodonta,Allochrocebus,Mammalia,same_class,99.1887,99188700.0,TimeTree API pairwise summaryjson,27.0,94.7,101.9,Loxodonta africana,Allochrocebus lhoesti,8,7,56,0.11107298532800776,0.11153317346726417,1.9964621982914958
African savanna elephant (Loxodonta africana),Mandrill (Mandrillus sphinx),Mammalia,Mammalia,Proboscidea,Primates,Elephantidae,Cercopithecidae,Loxodonta,Mandrillus,Mammalia,same_class,99.1887,99188700.0,TimeTree API pairwise summaryjson,27.0,94.7,101.9,Loxodonta africana,Mandrillus sphinx,8,7,56,0.1265690470785126,0.12725148572776418,1.9964621982914958
African savanna elephant (Loxodonta africana),Meerkat (Suricata suricatta),Mammalia,Mammalia,Proboscidea,Carnivora,Elephantidae,Herpestidae,Loxodonta,Suricata,Mammalia,same_class,99.1887,99188700.0,TimeTree API pairwise summaryjson,27.0,94.7,101.9,Suricata suricatta,Loxodonta africana,8,7,56,-0.2569377377834804,-0.26282691767881405,1.9964621982914958
African savanna elephant (Loxodonta africana),Mona monkey (Cercopithecus mona),Mammalia,Mammalia,Proboscidea,Primates,Elephantidae,Cercopithecidae,Loxodonta,Cercopithecus,Mammalia,same_class,99.1887,99188700.0,TimeTree API pairwise summaryjson,27.0,94.7,101.9,Loxodonta africana,Cercopithecus mona,8,6,48,-0.08084554305187266,-0.08102237256556448,1.9964621982914958
African savanna elephant (Loxodonta africana),Mouse lemurs (Microcebus spp.),Mammalia,Mammalia,Proboscidea,Primates,Elephantidae,Cheirogaleidae,Loxodonta,Microcebus,Mammalia,same_class,99.1887,99188700.0,TimeTree API pairwise summaryjson,27.0,94.7,101.9,Loxodonta africana,Microcebus,8,6,48,-0.05886028743354237,-0.05892840356203879,1.9964621982914958
African savanna elephant (Loxodonta africana),Olive baboon (Papio anubis),Mammalia,Mammalia,Proboscidea,Primates,Elephantidae,Cercopithecidae,Loxodonta,Papio,Mammalia,same_class,99.1887,99188700.0,TimeTree API pairwise summaryjson,27.0,94.7,101.9,Loxodonta africana,Papio anubis,8,14,112,-0.05328076020416508,-0.0533312647639669,1.9964621982914958
African savanna elephant (Loxodonta africana),Patas monkey (Erythrocebus patas),Mammalia,Mammalia,Proboscidea,Primates,Elephantidae,Cercopithecidae,Loxodonta,Erythrocebus,Mammalia,same_class,99.1887,99188700.0,TimeTree API pairwise summaryjson,27.0,94.7,101.9,Loxodonta africana,Erythrocebus patas,8,6,48,-0.07028798239182309,-0.07040407697925524,1.9964621982914958
African savanna elephant (Loxodonta africana),Plain-tailed wren (Pheugopedius euophrys),Mammalia,Aves,Proboscidea,Passeriformes,Elephantidae,Troglodytidae,Loxodonta,Pheugopedius,Cross-class,cross_class,318.95,318950000.0,TimeTree API pairwise summaryjson,30.0,316.0,322.37,Loxodonta africana,Pheugopedius euophrys,8,3,24,-0.1340625838917631,-0.1348745166021707,2.503722606486479
African savanna elephant (Loxodonta africana),Poison dart frogs (Dendrobatidae; various genera),Mammalia,Amphibia,Proboscidea,Anura,Elephantidae,Dendrobatidae,Loxodonta,,Cross-class,cross_class,351.686545,351686545.0,TimeTree API pairwise summaryjson,32.0,348.4,355.7,Dendrobatidae,Loxodonta africana,8,2,16,-0.4319858135453739,-0.4623355230838492,2.546155753178947
African savanna elephant (Loxodonta africana),Putty-nosed monkey (Cercopithecus nictitans),Mammalia,Mammalia,Proboscidea,Primates,Elephantidae,Cercopithecidae,Loxodonta,Cercopithecus,Mammalia,same_class,99.1887,99188700.0,TimeTree API pairwise summaryjson,27.0,94.7,101.9,Loxodonta africana,Cercopithecus nictitans,8,7,56,-0.21628924965173107,-0.21975994631314996,1.9964621982914958
African savanna elephant (Loxodonta africana),Red colobus (Piliocolobus spp.),Mammalia,Mammalia,Proboscidea,Primates,Elephantidae,Cercopithecidae,Loxodonta,Piliocolobus,Mammalia,same_class,99.1887,99188700.0,TimeTree API pairwise summaryjson,27.0,94.7,101.9,Loxodonta africana,Piliocolobus,8,5,40,-0.10729714010270769,-0.10771176705264046,1.9964621982914958
African savanna elephant (Loxodonta africana),Red-tailed monkey (Cercopithecus ascanius),Mammalia,Mammalia,Proboscidea,Primates,Elephantidae,Cercopithecidae,Loxodonta,Cercopithecus,Mammalia,same_class,99.1887,99188700.0,TimeTree API pairwise summaryjson,27.0,94.7,101.9,Loxodonta africana,Cercopithecus ascanius,8,7,56,0.03655514069719979,0.03657143637843022,1.9964621982914958
African savanna elephant (Loxodonta africana),Rhesus macaque (Macaca mulatta),Mammalia,Mammalia,Proboscidea,Primates,Elephantidae,Cercopithecidae,Loxodonta,Macaca,Mammalia,same_class,99.1887,99188700.0,TimeTree API pairwise summaryjson,27.0,94.7,101.9,Loxodonta africana,Macaca mulatta,8,8,64,-0.1256128119933993,-0.1262798018369393,1.9964621982914958
African savanna elephant (Loxodonta africana),Ring-tailed lemur (Lemur catta),Mammalia,Mammalia,Proboscidea,Primates,Elephantidae,Lemuridae,Loxodonta,Lemur,Mammalia,same_class,99.1887,99188700.0,TimeTree API pairwise summaryjson,27.0,94.7,101.9,Loxodonta africana,Lemur catta,8,6,48,0.01973112696491114,0.019733688120026693,1.9964621982914958
African savanna elephant (Loxodonta africana),Siamang (Symphalangus syndactylus),Mammalia,Mammalia,Proboscidea,Primates,Elephantidae,Hylobatidae,Loxodonta,Symphalangus,Mammalia,same_class,99.1887,99188700.0,TimeTree API pairwise summaryjson,27.0,94.7,101.9,Loxodonta africana,Symphalangus syndactylus,8,4,32,0.1613796471559363,0.16280291195542598,1.9964621982914958
African savanna elephant (Loxodonta africana),Spotted hyena (Crocuta crocuta),Mammalia,Mammalia,Proboscidea,Carnivora,Elephantidae,Hyaenidae,Loxodonta,Crocuta,Mammalia,same_class,99.1887,99188700.0,TimeTree API pairwise summaryjson,27.0,94.7,101.9,Crocuta crocuta,Loxodonta africana,8,6,48,-0.017146443143157185,-0.017148123793991464,1.9964621982914958
African savanna elephant (Loxodonta africana),Talapoin monkey (Miopithecus talapoin),Mammalia,Mammalia,Proboscidea,Primates,Elephantidae,Cercopithecidae,Loxodonta,Miopithecus,Mammalia,same_class,99.1887,99188700.0,TimeTree API pairwise summaryjson,27.0,94.7,101.9,Loxodonta africana,Miopithecus talapoin,8,7,56,0.053942146958370255,0.05399455797197886,1.9964621982914958
African savanna elephant (Loxodonta africana),Tufted capuchin (Sapajus apella),Mammalia,Mammalia,Proboscidea,Primates,Elephantidae,Cebidae,Loxodonta,Sapajus,Mammalia,same_class,99.1887,99188700.0,TimeTree API pairwise summaryjson,27.0,94.7,101.9,Loxodonta africana,Sapajus apella,8,8,64,0.07377174203130601,0.07390600931362688,1.9964621982914958
African savanna elephant (Loxodonta africana),Túngara frog (Engystomops pustulosus),Mammalia,Amphibia,Proboscidea,Anura,Elephantidae,Leptodactylidae,Loxodonta,Engystomops,Cross-class,cross_class,351.686545,351686545.0,TimeTree API pairwise summaryjson,32.0,348.4,355.7,Engystomops pustulosus,Loxodonta africana,8,3,24,-0.04987599238561036,-0.049917411640183706,2.546155753178947
African savanna elephant (Loxodonta africana),Vervet monkey (Chlorocebus pygerythrus),Mammalia,Mammalia,Proboscidea,Primates,Elephantidae,Cercopithecidae,Loxodonta,Chlorocebus,Mammalia,same_class,99.1887,99188700.0,TimeTree API pairwise summaryjson,27.0,94.7,101.9,Loxodonta africana,Chlorocebus pygerythrus,8,8,64,-0.28349628833149565,-0.2914798404707481,1.9964621982914958
African savanna elephant (Loxodonta africana),Western Gorilla (Gorilla gorilla),Mammalia,Mammalia,Proboscidea,Primates,Elephantidae,Hominidae,Loxodonta,Gorilla,Mammalia,same_class,99.1887,99188700.0,TimeTree API pairwise summaryjson,27.0,94.7,101.9,Loxodonta africana,Gorilla gorilla,8,9,72,-0.034182427759648394,-0.03419575045430832,1.9964621982914958
African savanna elephant (Loxodonta africana),White-browed sparrow-weaver (Plocepasser mahali),Mammalia,Aves,Proboscidea,Passeriformes,Elephantidae,Ploceidae,Loxodonta,Plocepasser,Cross-class,cross_class,318.95,318950000.0,TimeTree API pairwise summaryjson,30.0,316.0,322.37,Loxodonta africana,Plocepasser mahali,8,4,32,-0.10285826232795965,-0.1032233232194212,2.503722606486479
African savanna elephant (Loxodonta africana),Yellow baboon (Papio cynocephalus),Mammalia,Mammalia,Proboscidea,Primates,Elephantidae,Cercopithecidae,Loxodonta,Papio,Mammalia,same_class,99.1887,99188700.0,TimeTree API pairwise summaryjson,27.0,94.7,101.9,Loxodonta africana,Papio cynocephalus,8,7,56,-0.14550761420674163,-0.14654777856549667,1.9964621982914958
African savanna elephant (Loxodonta africana),Zebra finch (Taeniopygia guttata),Mammalia,Aves,Proboscidea,Passeriformes,Elephantidae,Estrildidae,Loxodonta,Taeniopygia,Cross-class,cross_class,318.95,318950000.0,TimeTree API pairwise summaryjson,30.0,316.0,322.37,Loxodonta africana,Taeniopygia guttata,8,7,56,-0.37570478448805494,-0.3950490455220027,2.503722606486479
American bullfrog (Lithobates catesbeianus),Bengalese finch (Lonchura striata domestica),Amphibia,Aves,Anura,Passeriformes,Ranidae,Estrildidae,Lithobates,Lonchura,Cross-class,cross_class,351.686545,351686545.0,TimeTree API pairwise summaryjson,32.0,348.4,355.7,Aquarana catesbeiana,Lonchura striata domestica,5,6,30,-0.12096120955987226,-0.12155639607140256,2.546155753178947
American bullfrog (Lithobates catesbeianus),Black-and-white colobus (Colobus guereza),Amphibia,Mammalia,Anura,Primates,Ranidae,Cercopithecidae,Lithobates,Colobus,Cross-class,cross_class,351.686545,351686545.0,TimeTree API pairwise summaryjson,32.0,348.4,355.7,Aquarana catesbeiana,Colobus guereza,5,5,25,0.4732302110469361,0.5142245357280598,2.546155753178947
American bullfrog (Lithobates catesbeianus),Bonobo (Pan paniscus),Amphibia,Mammalia,Anura,Primates,Ranidae,Hominidae,Lithobates,Pan,Cross-class,cross_class,351.686545,351686545.0,TimeTree API pairwise summaryjson,32.0,348.4,355.7,Aquarana catesbeiana,Pan paniscus,5,14,70,0.08347169341211982,0.08366637158197086,2.546155753178947
American bullfrog (Lithobates catesbeianus),Bornean Orangutan (Pongo pygmaeus),Amphibia,Mammalia,Anura,Primates,Ranidae,Hominidae,Lithobates,Pongo,Cross-class,cross_class,351.686545,351686545.0,TimeTree API pairwise summaryjson,32.0,348.4,355.7,Aquarana catesbeiana,Pongo pygmaeus,5,32,160,0.16064653133325785,0.16205028405539587,2.546155753178947
American bullfrog (Lithobates catesbeianus),Brown lemurs (Eulemur spp.),Amphibia,Mammalia,Anura,Primates,Ranidae,Lemuridae,Lithobates,Eulemur,Cross-class,cross_class,351.686545,351686545.0,TimeTree API pairwise summaryjson,32.0,348.4,355.7,Aquarana catesbeiana,Eulemur,5,5,25,0.2360401377425728,0.2405764299589781,2.546155753178947
American bullfrog (Lithobates catesbeianus),Campbell's monkey (Cercopithecus campbelli),Amphibia,Mammalia,Anura,Primates,Ranidae,Cercopithecidae,Lithobates,Cercopithecus,Cross-class,cross_class,351.686545,351686545.0,TimeTree API pairwise summaryjson,32.0,348.4,355.7,Aquarana catesbeiana,Cercopithecus campbelli,5,7,35,-0.13114689891226772,-0.13190664221459855,2.546155753178947
American bullfrog (Lithobates catesbeianus),Carolina chickadee (Poecile carolinensis),Amphibia,Aves,Anura,Passeriformes,Ranidae,Paridae,Lithobates,Poecile,Cross-class,cross_class,351.686545,351686545.0,TimeTree API pairwise summaryjson,32.0,348.4,355.7,Poecile carolinensis,Aquarana catesbeiana,5,4,20,-0.39604621285616687,-0.41895085144158006,2.546155753178947
American bullfrog (Lithobates catesbeianus),Chacma baboon (Papio ursinus),Amphibia,Mammalia,Anura,Primates,Ranidae,Cercopithecidae,Lithobates,Papio,Cross-class,cross_class,351.686545,351686545.0,TimeTree API pairwise summaryjson,32.0,348.4,355.7,Aquarana catesbeiana,Papio ursinus,5,6,30,0.1823776065187169,0.18444100132322513,2.546155753178947
American bullfrog (Lithobates catesbeianus),Chestnut-crowned babbler (Pomatostomus ruficeps),Amphibia,Aves,Anura,Passeriformes,Ranidae,Pomatostomidae,Lithobates,Pomatostomus,Cross-class,cross_class,351.686545,351686545.0,TimeTree API pairwise summaryjson,32.0,348.4,355.7,Aquarana catesbeiana,Pomatostomus ruficeps,5,4,20,-0.2958792500424439,-0.3049974200158445,2.546155753178947
American bullfrog (Lithobates catesbeianus),Chimpanzee (Pan troglodytes),Amphibia,Mammalia,Anura,Primates,Ranidae,Hominidae,Lithobates,Pan,Cross-class,cross_class,351.686545,351686545.0,TimeTree API pairwise summaryjson,32.0,348.4,355.7,Aquarana catesbeiana,Pan troglodytes,5,13,65,0.10846406242713781,0.10889243034133257,2.546155753178947
American bullfrog (Lithobates catesbeianus),Common marmoset (Callithrix jacchus),Amphibia,Mammalia,Anura,Primates,Ranidae,Callitrichidae,Lithobates,Callithrix,Cross-class,cross_class,351.686545,351686545.0,TimeTree API pairwise summaryjson,32.0,348.4,355.7,Aquarana catesbeiana,Callithrix jacchus,5,8,40,-0.03308899030241713,-0.033101074413821714,2.546155753178947
American bullfrog (Lithobates catesbeianus),Crowned monkey / Crowned guenon (Cercopithecus pogonias),Amphibia,Mammalia,Anura,Primates,Ranidae,Cercopithecidae,Lithobates,Cercopithecus,Cross-class,cross_class,351.686545,351686545.0,TimeTree API pairwise summaryjson,32.0,348.4,355.7,Aquarana catesbeiana,Cercopithecus pogonias,5,5,25,0.13823459216052922,0.13912532637429834,2.546155753178947
American bullfrog (Lithobates catesbeianus),De Brazza’s monkey (Cercopithecus neglectus),Amphibia,Mammalia,Anura,Primates,Ranidae,Cercopithecidae,Lithobates,Cercopithecus,Cross-class,cross_class,351.686545,351686545.0,TimeTree API pairwise summaryjson,32.0,348.4,355.7,Aquarana catesbeiana,Cercopithecus neglectus,5,7,35,0.28640599220622126,0.29464668622689555,2.546155753178947
American bullfrog (Lithobates catesbeianus),Diana monkey (Cercopithecus diana),Amphibia,Mammalia,Anura,Primates,Ranidae,Cercopithecidae,Lithobates,Cercopithecus,Cross-class,cross_class,351.686545,351686545.0,TimeTree API pairwise summaryjson,32.0,348.4,355.7,Aquarana catesbeiana,Cercopithecus diana,5,6,30,0.08804890634978377,0.08827750692093561,2.546155753178947
American bullfrog (Lithobates catesbeianus),Drill (Mandrillus leucophaeus),Amphibia,Mammalia,Anura,Primates,Ranidae,Cercopithecidae,Lithobates,Mandrillus,Cross-class,cross_class,351.686545,351686545.0,TimeTree API pairwise summaryjson,32.0,348.4,355.7,Aquarana catesbeiana,Mandrillus leucophaeus,5,7,35,0.406426847883275,0.43132357731206367,2.546155753178947
American bullfrog (Lithobates catesbeianus),Eastern Gorilla (Gorilla beringei),Amphibia,Mammalia,Anura,Primates,Ranidae,Hominidae,Lithobates,Gorilla,Cross-class,cross_class,351.686545,351686545.0,TimeTree API pairwise summaryjson,32.0,348.4,355.7,Aquarana catesbeiana,Gorilla beringei,5,3,15,0.47390778237375125,0.5150979959499092,2.546155753178947
American bullfrog (Lithobates catesbeianus),Egyptian fruit bat (Rousettus aegyptiacus),Amphibia,Mammalia,Anura,Chiroptera,Ranidae,Pteropodidae,Lithobates,Rousettus,Cross-class,cross_class,351.686545,351686545.0,TimeTree API pairwise summaryjson,32.0,348.4,355.7,Aquarana catesbeiana,Rousettus aegyptiacus,5,5,25,0.4769057331872542,0.518971383517966,2.546155753178947
American bullfrog (Lithobates catesbeianus),European starling (Sturnus vulgaris),Amphibia,Aves,Anura,Passeriformes,Ranidae,Sturnidae,Lithobates,Sturnus,Cross-class,cross_class,351.686545,351686545.0,TimeTree API pairwise summaryjson,32.0,348.4,355.7,Aquarana catesbeiana,Sturnus vulgaris,5,6,30,0.06588198706415767,0.06597755492590529,2.546155753178947
American bullfrog (Lithobates catesbeianus),Gelada (Theropithecus gelada),Amphibia,Mammalia,Anura,Primates,Ranidae,Cercopithecidae,Lithobates,Theropithecus,Cross-class,cross_class,351.686545,351686545.0,TimeTree API pairwise summaryjson,32.0,348.4,355.7,Aquarana catesbeiana,Theropithecus gelada,5,8,40,0.14884096221185822,0.14995492982478945,2.546155753178947
American bullfrog (Lithobates catesbeianus),"Gibbons (Hylobates spp., Nomascus spp., Hoolock spp.)",Amphibia,Mammalia,Anura,Primates,Ranidae,Hylobatidae,Lithobates,,Cross-class,cross_class,351.686545,351686545.0,TimeTree API pairwise summaryjson,32.0,348.4,355.7,Aquarana catesbeiana,Hylobates,5,4,20,0.4096621796088286,0.43520520788098305,2.546155753178947
American bullfrog (Lithobates catesbeianus),Gray wolf (Canis lupus),Amphibia,Mammalia,Anura,Carnivora,Ranidae,Canidae,Lithobates,Canis,Cross-class,cross_class,351.686545,351686545.0,TimeTree API pairwise summaryjson,32.0,348.4,355.7,Aquarana catesbeiana,Canis lupus,5,5,25,0.08407779551620248,0.08427675752062957,2.546155753178947
American bullfrog (Lithobates catesbeianus),Greater sac-winged bat (Saccopteryx bilineata),Amphibia,Mammalia,Anura,Chiroptera,Ranidae,Emballonuridae,Lithobates,Saccopteryx,Cross-class,cross_class,351.686545,351686545.0,TimeTree API pairwise summaryjson,32.0,348.4,355.7,Aquarana catesbeiana,Saccopteryx bilineata,5,5,25,0.170163551912424,0.17183508755248247,2.546155753178947
American bullfrog (Lithobates catesbeianus),Green tree frog (Hyla cinerea),Amphibia,Amphibia,Anura,Anura,Ranidae,Hylidae,Lithobates,Hyla,Amphibia,same_order,150.01515,150015150.0,TimeTree API pairwise summaryjson,26.0,134.147,160.0088,Dryophytes cinereus,Aquarana catesbeiana,5,7,35,0.7652509098065055,1.0087654376768163,2.1761351205833837
American bullfrog (Lithobates catesbeianus),Howler monkey (Alouatta spp.),Amphibia,Mammalia,Anura,Primates,Ranidae,Atelidae,Lithobates,Alouatta,Cross-class,cross_class,351.686545,351686545.0,TimeTree API pairwise summaryjson,32.0,348.4,355.7,Aquarana catesbeiana,Alouatta,5,6,30,0.19534216592066297,0.19788530923462777,2.546155753178947
American bullfrog (Lithobates catesbeianus),Indri (Indri indri),Amphibia,Mammalia,Anura,Primates,Ranidae,Indriidae,Lithobates,Indri,Cross-class,cross_class,351.686545,351686545.0,TimeTree API pairwise summaryjson,32.0,348.4,355.7,Aquarana catesbeiana,Indri indri,5,6,30,0.18939985977951074,0.19171462610146442,2.546155753178947
American bullfrog (Lithobates catesbeianus),Japanese macaque (Macaca fuscata),Amphibia,Mammalia,Anura,Primates,Ranidae,Cercopithecidae,Lithobates,Macaca,Cross-class,cross_class,351.686545,351686545.0,TimeTree API pairwise summaryjson,32.0,348.4,355.7,Aquarana catesbeiana,Macaca fuscata,5,8,40,0.05865064739029212,0.05871803729052341,2.546155753178947
American bullfrog (Lithobates catesbeianus),Japanese tit (Parus minor),Amphibia,Aves,Anura,Passeriformes,Ranidae,Paridae,Lithobates,Parus,Cross-class,cross_class,351.686545,351686545.0,TimeTree API pairwise summaryjson,32.0,348.4,355.7,Aquarana catesbeiana,Parus minor,5,4,20,-0.20425298291956687,-0.20716670245470467,2.546155753178947
American bullfrog (Lithobates catesbeianus),Langurs (Semnopithecus spp. / Trachypithecus spp.),Amphibia,Mammalia,Anura,Primates,Ranidae,Cercopithecidae,Lithobates,,Cross-class,cross_class,351.686545,351686545.0,TimeTree API pairwise summaryjson,32.0,348.4,355.7,Aquarana catesbeiana,Semnopithecus,5,5,25,0.36793073350332967,0.3860277382340541,2.546155753178947
American bullfrog (Lithobates catesbeianus),L’Hoest’s monkey (Allochrocebus lhoesti),Amphibia,Mammalia,Anura,Primates,Ranidae,Cercopithecidae,Lithobates,Allochrocebus,Cross-class,cross_class,351.686545,351686545.0,TimeTree API pairwise summaryjson,32.0,348.4,355.7,Aquarana catesbeiana,Allochrocebus lhoesti,5,7,35,0.29685385544477416,0.30606587092692394,2.546155753178947
American bullfrog (Lithobates catesbeianus),Mandrill (Mandrillus sphinx),Amphibia,Mammalia,Anura,Primates,Ranidae,Cercopithecidae,Lithobates,Mandrillus,Cross-class,cross_class,351.686545,351686545.0,TimeTree API pairwise summaryjson,32.0,348.4,355.7,Aquarana catesbeiana,Mandrillus sphinx,5,7,35,0.33822527083316356,0.3520871903048825,2.546155753178947
American bullfrog (Lithobates catesbeianus),Meerkat (Suricata suricatta),Amphibia,Mammalia,Anura,Carnivora,Ranidae,Herpestidae,Lithobates,Suricata,Cross-class,cross_class,351.686545,351686545.0,TimeTree API pairwise summaryjson,32.0,348.4,355.7,Suricata suricatta,Aquarana catesbeiana,5,7,35,-0.04906523222211994,-0.04910466235670016,2.546155753178947
American bullfrog (Lithobates catesbeianus),Mona monkey (Cercopithecus mona),Amphibia,Mammalia,Anura,Primates,Ranidae,Cercopithecidae,Lithobates,Cercopithecus,Cross-class,cross_class,351.686545,351686545.0,TimeTree API pairwise summaryjson,32.0,348.4,355.7,Aquarana catesbeiana,Cercopithecus mona,5,6,30,0.08562937506549002,0.08583958999096115,2.546155753178947
American bullfrog (Lithobates catesbeianus),Mouse lemurs (Microcebus spp.),Amphibia,Mammalia,Anura,Primates,Ranidae,Cheirogaleidae,Lithobates,Microcebus,Cross-class,cross_class,351.686545,351686545.0,TimeTree API pairwise summaryjson,32.0,348.4,355.7,Aquarana catesbeiana,Microcebus,5,6,30,0.20679641016660416,0.20982230510650618,2.546155753178947
American bullfrog (Lithobates catesbeianus),Olive baboon (Papio anubis),Amphibia,Mammalia,Anura,Primates,Ranidae,Cercopithecidae,Lithobates,Papio,Cross-class,cross_class,351.686545,351686545.0,TimeTree API pairwise summaryjson,32.0,348.4,355.7,Aquarana catesbeiana,Papio anubis,5,14,70,0.14244819958437918,0.14342359817234981,2.546155753178947
American bullfrog (Lithobates catesbeianus),Patas monkey (Erythrocebus patas),Amphibia,Mammalia,Anura,Primates,Ranidae,Cercopithecidae,Lithobates,Erythrocebus,Cross-class,cross_class,351.686545,351686545.0,TimeTree API pairwise summaryjson,32.0,348.4,355.7,Aquarana catesbeiana,Erythrocebus patas,5,6,30,0.36292453640520017,0.38024997430981156,2.546155753178947
American bullfrog (Lithobates catesbeianus),Plain-tailed wren (Pheugopedius euophrys),Amphibia,Aves,Anura,Passeriformes,Ranidae,Troglodytidae,Lithobates,Pheugopedius,Cross-class,cross_class,351.686545,351686545.0,TimeTree API pairwise summaryjson,32.0,348.4,355.7,Aquarana catesbeiana,Pheugopedius euophrys,5,3,15,0.5618776186560068,0.635572848694118,2.546155753178947
American bullfrog (Lithobates catesbeianus),Poison dart frogs (Dendrobatidae; various genera),Amphibia,Amphibia,Anura,Anura,Ranidae,Dendrobatidae,Lithobates,,Amphibia,same_order,150.01515,150015150.0,TimeTree API pairwise summaryjson,26.0,134.147,160.0088,Dendrobatidae,Aquarana catesbeiana,5,2,10,0.4981688900760722,0.5468676363802877,2.1761351205833837
American bullfrog (Lithobates catesbeianus),Putty-nosed monkey (Cercopithecus nictitans),Amphibia,Mammalia,Anura,Primates,Ranidae,Cercopithecidae,Lithobates,Cercopithecus,Cross-class,cross_class,351.686545,351686545.0,TimeTree API pairwise summaryjson,32.0,348.4,355.7,Aquarana catesbeiana,Cercopithecus nictitans,5,7,35,0.039603698498636,0.039624423518244904,2.546155753178947
American bullfrog (Lithobates catesbeianus),Red colobus (Piliocolobus spp.),Amphibia,Mammalia,Anura,Primates,Ranidae,Cercopithecidae,Lithobates,Piliocolobus,Cross-class,cross_class,351.686545,351686545.0,TimeTree API pairwise summaryjson,32.0,348.4,355.7,Aquarana catesbeiana,Piliocolobus,5,5,25,0.44537013101107,0.4789098626149582,2.546155753178947
American bullfrog (Lithobates catesbeianus),Red-tailed monkey (Cercopithecus ascanius),Amphibia,Mammalia,Anura,Primates,Ranidae,Cercopithecidae,Lithobates,Cercopithecus,Cross-class,cross_class,351.686545,351686545.0,TimeTree API pairwise summaryjson,32.0,348.4,355.7,Aquarana catesbeiana,Cercopithecus ascanius,5,7,35,0.2483331821025367,0.253635660837212,2.546155753178947
American bullfrog (Lithobates catesbeianus),Rhesus macaque (Macaca mulatta),Amphibia,Mammalia,Anura,Primates,Ranidae,Cercopithecidae,Lithobates,Macaca,Cross-class,cross_class,351.686545,351686545.0,TimeTree API pairwise summaryjson,32.0,348.4,355.7,Aquarana catesbeiana,Macaca mulatta,5,8,40,0.06878283597828865,0.06889161727008922,2.546155753178947
American bullfrog (Lithobates catesbeianus),Ring-tailed lemur (Lemur catta),Amphibia,Mammalia,Anura,Primates,Ranidae,Lemuridae,Lithobates,Lemur,Cross-class,cross_class,351.686545,351686545.0,TimeTree API pairwise summaryjson,32.0,348.4,355.7,Aquarana catesbeiana,Lemur catta,5,6,30,0.0681303779969001,0.06823608725005974,2.546155753178947
American bullfrog (Lithobates catesbeianus),Siamang (Symphalangus syndactylus),Amphibia,Mammalia,Anura,Primates,Ranidae,Hylobatidae,Lithobates,Symphalangus,Cross-class,cross_class,351.686545,351686545.0,TimeTree API pairwise summaryjson,32.0,348.4,355.7,Aquarana catesbeiana,Symphalangus syndactylus,5,4,20,0.7039049213359584,0.874998647022505,2.546155753178947
American bullfrog (Lithobates catesbeianus),Spotted hyena (Crocuta crocuta),Amphibia,Mammalia,Anura,Carnivora,Ranidae,Hyaenidae,Lithobates,Crocuta,Cross-class,cross_class,351.686545,351686545.0,TimeTree API pairwise summaryjson,32.0,348.4,355.7,Crocuta crocuta,Aquarana catesbeiana,5,6,30,0.07496468588992054,0.07510558774361659,2.546155753178947
American bullfrog (Lithobates catesbeianus),Talapoin monkey (Miopithecus talapoin),Amphibia,Mammalia,Anura,Primates,Ranidae,Cercopithecidae,Lithobates,Miopithecus,Cross-class,cross_class,351.686545,351686545.0,TimeTree API pairwise summaryjson,32.0,348.4,355.7,Aquarana catesbeiana,Miopithecus talapoin,5,7,35,0.14081461089640465,0.14175656939463177,2.546155753178947
American bullfrog (Lithobates catesbeianus),Tufted capuchin (Sapajus apella),Amphibia,Mammalia,Anura,Primates,Ranidae,Cebidae,Lithobates,Sapajus,Cross-class,cross_class,351.686545,351686545.0,TimeTree API pairwise summaryjson,32.0,348.4,355.7,Aquarana catesbeiana,Sapajus apella,5,8,40,0.21158557317556195,0.21483064892834583,2.546155753178947
American bullfrog (Lithobates catesbeianus),Túngara frog (Engystomops pustulosus),Amphibia,Amphibia,Anura,Anura,Ranidae,Leptodactylidae,Lithobates,Engystomops,Amphibia,same_order,150.01515,150015150.0,TimeTree API pairwise summaryjson,26.0,134.147,160.0088,Engystomops pustulosus,Aquarana catesbeiana,5,3,15,0.7911265706628884,1.0744358013470445,2.1761351205833837
American bullfrog (Lithobates catesbeianus),Vervet monkey (Chlorocebus pygerythrus),Amphibia,Mammalia,Anura,Primates,Ranidae,Cercopithecidae,Lithobates,Chlorocebus,Cross-class,cross_class,351.686545,351686545.0,TimeTree API pairwise summaryjson,32.0,348.4,355.7,Aquarana catesbeiana,Chlorocebus pygerythrus,5,8,40,0.11232057514760946,0.11279652525154646,2.546155753178947
American bullfrog (Lithobates catesbeianus),Western Gorilla (Gorilla gorilla),Amphibia,Mammalia,Anura,Primates,Ranidae,Hominidae,Lithobates,Gorilla,Cross-class,cross_class,351.686545,351686545.0,TimeTree API pairwise summaryjson,32.0,348.4,355.7,Aquarana catesbeiana,Gorilla gorilla,5,9,45,0.5740710900766359,0.6535740694804314,2.546155753178947
American bullfrog (Lithobates catesbeianus),White-browed sparrow-weaver (Plocepasser mahali),Amphibia,Aves,Anura,Passeriformes,Ranidae,Ploceidae,Lithobates,Plocepasser,Cross-class,cross_class,351.686545,351686545.0,TimeTree API pairwise summaryjson,32.0,348.4,355.7,Aquarana catesbeiana,Plocepasser mahali,5,4,20,0.17666062914210912,0.17853362812628168,2.546155753178947
American bullfrog (Lithobates catesbeianus),Yellow baboon (Papio cynocephalus),Amphibia,Mammalia,Anura,Primates,Ranidae,Cercopithecidae,Lithobates,Papio,Cross-class,cross_class,351.686545,351686545.0,TimeTree API pairwise summaryjson,32.0,348.4,355.7,Aquarana catesbeiana,Papio cynocephalus,5,7,35,0.10823373666795084,0.1086593685559582,2.546155753178947
American bullfrog (Lithobates catesbeianus),Zebra finch (Taeniopygia guttata),Amphibia,Aves,Anura,Passeriformes,Ranidae,Estrildidae,Lithobates,Taeniopygia,Cross-class,cross_class,351.686545,351686545.0,TimeTree API pairwise summaryjson,32.0,348.4,355.7,Aquarana catesbeiana,Taeniopygia guttata,5,7,35,-0.207438738041795,-0.21049342238974458,2.546155753178947
Bengalese finch (Lonchura striata domestica),Black-and-white colobus (Colobus guereza),Aves,Mammalia,Passeriformes,Primates,Estrildidae,Cercopithecidae,Lonchura,Colobus,Cross-class,cross_class,318.95,318950000.0,TimeTree API pairwise summaryjson,30.0,316.0,322.37,Lonchura striata domestica,Colobus guereza,6,5,30,0.32989833914546157,0.34271417403406573,2.503722606486479
Bengalese finch (Lonchura striata domestica),Bonobo (Pan paniscus),Aves,Mammalia,Passeriformes,Primates,Estrildidae,Hominidae,Lonchura,Pan,Cross-class,cross_class,318.95,318950000.0,TimeTree API pairwise summaryjson,30.0,316.0,322.37,Lonchura striata domestica,Pan paniscus,6,14,84,-0.1608379304358519,-0.16224675970932928,2.503722606486479
Bengalese finch (Lonchura striata domestica),Bornean Orangutan (Pongo pygmaeus),Aves,Mammalia,Passeriformes,Primates,Estrildidae,Hominidae,Lonchura,Pongo,Cross-class,cross_class,318.95,318950000.0,TimeTree API pairwise summaryjson,30.0,316.0,322.37,Lonchura striata domestica,Pongo pygmaeus,6,32,192,-0.1861381351766261,-0.1883336959443589,2.503722606486479
Bengalese finch (Lonchura striata domestica),Brown lemurs (Eulemur spp.),Aves,Mammalia,Passeriformes,Primates,Estrildidae,Lemuridae,Lonchura,Eulemur,Cross-class,cross_class,318.95,318950000.0,TimeTree API pairwise summaryjson,30.0,316.0,322.37,Lonchura striata domestica,Eulemur,6,5,30,0.019951333080922513,0.019953980960583425,2.503722606486479
Bengalese finch (Lonchura striata domestica),Campbell's monkey (Cercopithecus campbelli),Aves,Mammalia,Passeriformes,Primates,Estrildidae,Cercopithecidae,Lonchura,Cercopithecus,Cross-class,cross_class,318.95,318950000.0,TimeTree API pairwise summaryjson,30.0,316.0,322.37,Lonchura striata domestica,Cercopithecus campbelli,6,7,42,-0.1254420172251386,-0.126106272747493,2.503722606486479
Bengalese finch (Lonchura striata domestica),Carolina chickadee (Poecile carolinensis),Aves,Aves,Passeriformes,Passeriformes,Estrildidae,Paridae,Lonchura,Poecile,Aves,same_order,29.793515,29793515.0,TimeTree API pairwise summaryjson,8.0,21.544868,36.99,Poecile carolinensis,Lonchura striata domestica,6,4,24,0.4858261023225394,0.530582331927021,1.474121743733689
Bengalese finch (Lonchura striata domestica),Chacma baboon (Papio ursinus),Aves,Mammalia,Passeriformes,Primates,Estrildidae,Cercopithecidae,Lonchura,Papio,Cross-class,cross_class,318.95,318950000.0,TimeTree API pairwise summaryjson,30.0,316.0,322.37,Lonchura striata domestica,Papio ursinus,6,6,36,-0.022627897887775455,-0.02263176106671907,2.503722606486479
Bengalese finch (Lonchura striata domestica),Chestnut-crowned babbler (Pomatostomus ruficeps),Aves,Aves,Passeriformes,Passeriformes,Estrildidae,Pomatostomidae,Lonchura,Pomatostomus,Aves,same_order,35.0,35000000.0,coarse_taxonomic_heuristic,,,,,,6,4,24,0.31861543980402873,0.3301053549120086,1.5440680443502757
Bengalese finch (Lonchura striata domestica),Chimpanzee (Pan troglodytes),Aves,Mammalia,Passeriformes,Primates,Estrildidae,Hominidae,Lonchura,Pan,Cross-class,cross_class,318.95,318950000.0,TimeTree API pairwise summaryjson,30.0,316.0,322.37,Lonchura striata domestica,Pan troglodytes,6,13,78,-0.04392500111345574,-0.043953283577865945,2.503722606486479
Bengalese finch (Lonchura striata domestica),Common marmoset (Callithrix jacchus),Aves,Mammalia,Passeriformes,Primates,Estrildidae,Callitrichidae,Lonchura,Callithrix,Cross-class,cross_class,318.95,318950000.0,TimeTree API pairwise summaryjson,30.0,316.0,322.37,Lonchura striata domestica,Callithrix jacchus,6,8,48,0.12131838765789557,0.12191889377320107,2.503722606486479
Bengalese finch (Lonchura striata domestica),Crowned monkey / Crowned guenon (Cercopithecus pogonias),Aves,Mammalia,Passeriformes,Primates,Estrildidae,Cercopithecidae,Lonchura,Cercopithecus,Cross-class,cross_class,318.95,318950000.0,TimeTree API pairwise summaryjson,30.0,316.0,322.37,Lonchura striata domestica,Cercopithecus pogonias,6,5,30,0.0769375393106322,0.07708988840310707,2.503722606486479
Bengalese finch (Lonchura striata domestica),De Brazza’s monkey (Cercopithecus neglectus),Aves,Mammalia,Passeriformes,Primates,Estrildidae,Cercopithecidae,Lonchura,Cercopithecus,Cross-class,cross_class,318.95,318950000.0,TimeTree API pairwise summaryjson,30.0,316.0,322.37,Lonchura striata domestica,Cercopithecus neglectus,6,7,42,0.2879409280330882,0.2963195840340334,2.503722606486479
Bengalese finch (Lonchura striata domestica),Diana monkey (Cercopithecus diana),Aves,Mammalia,Passeriformes,Primates,Estrildidae,Cercopithecidae,Lonchura,Cercopithecus,Cross-class,cross_class,318.95,318950000.0,TimeTree API pairwise summaryjson,30.0,316.0,322.37,Lonchura striata domestica,Cercopithecus diana,6,6,36,-0.20216100556777186,-0.2049846192272494,2.503722606486479
Bengalese finch (Lonchura striata domestica),Drill (Mandrillus leucophaeus),Aves,Mammalia,Passeriformes,Primates,Estrildidae,Cercopithecidae,Lonchura,Mandrillus,Cross-class,cross_class,318.95,318950000.0,TimeTree API pairwise summaryjson,30.0,316.0,322.37,Lonchura striata domestica,Mandrillus leucophaeus,6,7,42,-0.03256376239432222,-0.032575279912689256,2.503722606486479
Bengalese finch (Lonchura striata domestica),Eastern Gorilla (Gorilla beringei),Aves,Mammalia,Passeriformes,Primates,Estrildidae,Hominidae,Lonchura,Gorilla,Cross-class,cross_class,318.95,318950000.0,TimeTree API pairwise summaryjson,30.0,316.0,322.37,Lonchura striata domestica,Gorilla beringei,6,3,18,0.4510376956048369,0.4860022273753645,2.503722606486479
Bengalese finch (Lonchura striata domestica),Egyptian fruit bat (Rousettus aegyptiacus),Aves,Mammalia,Passeriformes,Chiroptera,Estrildidae,Pteropodidae,Lonchura,Rousettus,Cross-class,cross_class,318.95,318950000.0,TimeTree API pairwise summaryjson,30.0,316.0,322.37,Rousettus aegyptiacus,Lonchura striata domestica,6,5,30,0.07345719817468084,0.07358975162539573,2.503722606486479
Bengalese finch (Lonchura striata domestica),European starling (Sturnus vulgaris),Aves,Aves,Passeriformes,Passeriformes,Estrildidae,Sturnidae,Lonchura,Sturnus,Aves,same_order,35.99253,35992530.0,TimeTree API pairwise summaryjson,7.0,21.364678,72.0,Lonchura striata domestica,Sturnus vulgaris,6,6,36,0.501219155309857,0.550933008447978,1.556212375311453
Bengalese finch (Lonchura striata domestica),Gelada (Theropithecus gelada),Aves,Mammalia,Passeriformes,Primates,Estrildidae,Cercopithecidae,Lonchura,Theropithecus,Cross-class,cross_class,318.95,318950000.0,TimeTree API pairwise summaryjson,30.0,316.0,322.37,Lonchura striata domestica,Theropithecus gelada,6,8,48,-0.07446816691222174,-0.07460628135536083,2.503722606486479
Bengalese finch (Lonchura striata domestica),"Gibbons (Hylobates spp., Nomascus spp., Hoolock spp.)",Aves,Mammalia,Passeriformes,Primates,Estrildidae,Hylobatidae,Lonchura,,Cross-class,cross_class,318.95,318950000.0,TimeTree API pairwise summaryjson,30.0,316.0,322.37,Lonchura striata domestica,Hylobates,6,4,24,-0.04576600970531218,-0.045798002645171386,2.503722606486479
Bengalese finch (Lonchura striata domestica),Gray wolf (Canis lupus),Aves,Mammalia,Passeriformes,Carnivora,Estrildidae,Canidae,Lonchura,Canis,Cross-class,cross_class,318.95,318950000.0,TimeTree API pairwise summaryjson,30.0,316.0,322.37,Canis lupus,Lonchura striata domestica,6,5,30,-0.06190025211232788,-0.061979494220990805,2.503722606486479
Bengalese finch (Lonchura striata domestica),Greater sac-winged bat (Saccopteryx bilineata),Aves,Mammalia,Passeriformes,Chiroptera,Estrildidae,Emballonuridae,Lonchura,Saccopteryx,Cross-class,cross_class,318.95,318950000.0,TimeTree API pairwise summaryjson,30.0,316.0,322.37,Saccopteryx bilineata,Lonchura striata domestica,6,5,30,0.18548193996699097,0.1876540351669917,2.503722606486479
Bengalese finch (Lonchura striata domestica),Green tree frog (Hyla cinerea),Aves,Amphibia,Passeriformes,Anura,Estrildidae,Hylidae,Lonchura,Hyla,Cross-class,cross_class,351.686545,351686545.0,TimeTree API pairwise summaryjson,32.0,348.4,355.7,Dryophytes cinereus,Lonchura striata domestica,6,7,42,-0.19250104349822558,-0.19493316748746212,2.546155753178947
Bengalese finch (Lonchura striata domestica),Howler monkey (Alouatta spp.),Aves,Mammalia,Passeriformes,Primates,Estrildidae,Atelidae,Lonchura,Alouatta,Cross-class,cross_class,318.95,318950000.0,TimeTree API pairwise summaryjson,30.0,316.0,322.37,Lonchura striata domestica,Alouatta,6,6,36,-0.07533299813220223,-0.07547599179090503,2.503722606486479
Bengalese finch (Lonchura striata domestica),Indri (Indri indri),Aves,Mammalia,Passeriformes,Primates,Estrildidae,Indriidae,Lonchura,Indri,Cross-class,cross_class,318.95,318950000.0,TimeTree API pairwise summaryjson,30.0,316.0,322.37,Lonchura striata domestica,Indri indri,6,6,36,0.2818802266885146,0.2897234179314211,2.503722606486479
Bengalese finch (Lonchura striata domestica),Japanese macaque (Macaca fuscata),Aves,Mammalia,Passeriformes,Primates,Estrildidae,Cercopithecidae,Lonchura,Macaca,Cross-class,cross_class,318.95,318950000.0,TimeTree API pairwise summaryjson,30.0,316.0,322.37,Lonchura striata domestica,Macaca fuscata,6,8,48,-0.1527246607639994,-0.15392898581287745,2.503722606486479
Bengalese finch (Lonchura striata domestica),Japanese tit (Parus minor),Aves,Aves,Passeriformes,Passeriformes,Estrildidae,Paridae,Lonchura,Parus,Aves,same_order,29.793515,29793515.0,TimeTree API pairwise summaryjson,8.0,21.544868,36.99,Lonchura striata domestica,Parus minor,6,4,24,0.5585345580185319,0.6307007649929073,1.474121743733689
Bengalese finch (Lonchura striata domestica),Langurs (Semnopithecus spp. / Trachypithecus spp.),Aves,Mammalia,Passeriformes,Primates,Estrildidae,Cercopithecidae,Lonchura,,Cross-class,cross_class,318.95,318950000.0,TimeTree API pairwise summaryjson,30.0,316.0,322.37,Lonchura striata domestica,Semnopithecus,6,5,30,0.17113053397486916,0.17283107321597443,2.503722606486479
Bengalese finch (Lonchura striata domestica),L’Hoest’s monkey (Allochrocebus lhoesti),Aves,Mammalia,Passeriformes,Primates,Estrildidae,Cercopithecidae,Lonchura,Allochrocebus,Cross-class,cross_class,318.95,318950000.0,TimeTree API pairwise summaryjson,30.0,316.0,322.37,Lonchura striata domestica,Allochrocebus lhoesti,6,7,42,0.3142014572280599,0.3252002940640163,2.503722606486479
Bengalese finch (Lonchura striata domestica),Mandrill (Mandrillus sphinx),Aves,Mammalia,Passeriformes,Primates,Estrildidae,Cercopithecidae,Lonchura,Mandrillus,Cross-class,cross_class,318.95,318950000.0,TimeTree API pairwise summaryjson,30.0,316.0,322.37,Lonchura striata domestica,Mandrillus sphinx,6,7,42,-0.04972610180597265,-0.04976714838570901,2.503722606486479
Bengalese finch (Lonchura striata domestica),Meerkat (Suricata suricatta),Aves,Mammalia,Passeriformes,Carnivora,Estrildidae,Herpestidae,Lonchura,Suricata,Cross-class,cross_class,318.95,318950000.0,TimeTree API pairwise summaryjson,30.0,316.0,322.37,Suricata suricatta,Lonchura striata domestica,6,7,42,0.09287586187538587,0.09314429932585294,2.503722606486479
Bengalese finch (Lonchura striata domestica),Mona monkey (Cercopithecus mona),Aves,Mammalia,Passeriformes,Primates,Estrildidae,Cercopithecidae,Lonchura,Cercopithecus,Cross-class,cross_class,318.95,318950000.0,TimeTree API pairwise summaryjson,30.0,316.0,322.37,Lonchura striata domestica,Cercopithecus mona,6,6,36,-0.006712420903237236,-0.006712521718904682,2.503722606486479
Bengalese finch (Lonchura striata domestica),Mouse lemurs (Microcebus spp.),Aves,Mammalia,Passeriformes,Primates,Estrildidae,Cheirogaleidae,Lonchura,Microcebus,Cross-class,cross_class,318.95,318950000.0,TimeTree API pairwise summaryjson,30.0,316.0,322.37,Lonchura striata domestica,Microcebus,6,6,36,0.1204218625490367,0.12100907654572018,2.503722606486479
Bengalese finch (Lonchura striata domestica),Olive baboon (Papio anubis),Aves,Mammalia,Passeriformes,Primates,Estrildidae,Cercopithecidae,Lonchura,Papio,Cross-class,cross_class,318.95,318950000.0,TimeTree API pairwise summaryjson,30.0,316.0,322.37,Lonchura striata domestica,Papio anubis,6,14,84,-0.13625978075460238,-0.13711260097802289,2.503722606486479
Bengalese finch (Lonchura striata domestica),Patas monkey (Erythrocebus patas),Aves,Mammalia,Passeriformes,Primates,Estrildidae,Cercopithecidae,Lonchura,Erythrocebus,Cross-class,cross_class,318.95,318950000.0,TimeTree API pairwise summaryjson,30.0,316.0,322.37,Lonchura striata domestica,Erythrocebus patas,6,6,36,0.005391580291350754,0.005391632535125877,2.503722606486479
Bengalese finch (Lonchura striata domestica),Plain-tailed wren (Pheugopedius euophrys),Aves,Aves,Passeriformes,Passeriformes,Estrildidae,Troglodytidae,Lonchura,Pheugopedius,Aves,same_order,35.99253,35992530.0,TimeTree API pairwise summaryjson,7.0,21.364678,72.0,Lonchura striata domestica,Pheugopedius euophrys,6,3,18,0.4696936867870811,0.5096772463340296,1.556212375311453
Bengalese finch (Lonchura striata domestica),Poison dart frogs (Dendrobatidae; various genera),Aves,Amphibia,Passeriformes,Anura,Estrildidae,Dendrobatidae,Lonchura,,Cross-class,cross_class,351.686545,351686545.0,TimeTree API pairwise summaryjson,32.0,348.4,355.7,Dendrobatidae,Lonchura striata domestica,6,2,12,-0.21066447909689107,-0.21386658269586145,2.546155753178947
Bengalese finch (Lonchura striata domestica),Putty-nosed monkey (Cercopithecus nictitans),Aves,Mammalia,Passeriformes,Primates,Estrildidae,Cercopithecidae,Lonchura,Cercopithecus,Cross-class,cross_class,318.95,318950000.0,TimeTree API pairwise summaryjson,30.0,316.0,322.37,Lonchura striata domestica,Cercopithecus nictitans,6,7,42,0.1377784316796661,0.13866030926308934,2.503722606486479
Bengalese finch (Lonchura striata domestica),Red colobus (Piliocolobus spp.),Aves,Mammalia,Passeriformes,Primates,Estrildidae,Cercopithecidae,Lonchura,Piliocolobus,Cross-class,cross_class,318.95,318950000.0,TimeTree API pairwise summaryjson,30.0,316.0,322.37,Lonchura striata domestica,Piliocolobus,6,5,30,0.2981939763308825,0.3075361411447353,2.503722606486479
Bengalese finch (Lonchura striata domestica),Red-tailed monkey (Cercopithecus ascanius),Aves,Mammalia,Passeriformes,Primates,Estrildidae,Cercopithecidae,Lonchura,Cercopithecus,Cross-class,cross_class,318.95,318950000.0,TimeTree API pairwise summaryjson,30.0,316.0,322.37,Lonchura striata domestica,Cercopithecus ascanius,6,7,42,0.3071347103547596,0.31737859181069833,2.503722606486479
Bengalese finch (Lonchura striata domestica),Rhesus macaque (Macaca mulatta),Aves,Mammalia,Passeriformes,Primates,Estrildidae,Cercopithecidae,Lonchura,Macaca,Cross-class,cross_class,318.95,318950000.0,TimeTree API pairwise summaryjson,30.0,316.0,322.37,Lonchura striata domestica,Macaca mulatta,6,8,48,-0.15240714136973835,-0.15360389959365084,2.503722606486479
Bengalese finch (Lonchura striata domestica),Ring-tailed lemur (Lemur catta),Aves,Mammalia,Passeriformes,Primates,Estrildidae,Lemuridae,Lonchura,Lemur,Cross-class,cross_class,318.95,318950000.0,TimeTree API pairwise summaryjson,30.0,316.0,322.37,Lonchura striata domestica,Lemur catta,6,6,36,0.12064868295536443,0.12123924095470508,2.503722606486479
Bengalese finch (Lonchura striata domestica),Siamang (Symphalangus syndactylus),Aves,Mammalia,Passeriformes,Primates,Estrildidae,Hylobatidae,Lonchura,Symphalangus,Cross-class,cross_class,318.95,318950000.0,TimeTree API pairwise summaryjson,30.0,316.0,322.37,Lonchura striata domestica,Symphalangus syndactylus,6,4,24,0.3894143925481244,0.4111095640806006,2.503722606486479
Bengalese finch (Lonchura striata domestica),Spotted hyena (Crocuta crocuta),Aves,Mammalia,Passeriformes,Carnivora,Estrildidae,Hyaenidae,Lonchura,Crocuta,Cross-class,cross_class,318.95,318950000.0,TimeTree API pairwise summaryjson,30.0,316.0,322.37,Crocuta crocuta,Lonchura striata domestica,6,6,36,-0.10212884634089328,-0.10248616338681583,2.503722606486479
Bengalese finch (Lonchura striata domestica),Talapoin monkey (Miopithecus talapoin),Aves,Mammalia,Passeriformes,Primates,Estrildidae,Cercopithecidae,Lonchura,Miopithecus,Cross-class,cross_class,318.95,318950000.0,TimeTree API pairwise summaryjson,30.0,316.0,322.37,Lonchura striata domestica,Miopithecus talapoin,6,7,42,0.07962008791247566,0.07978897752816722,2.503722606486479
Bengalese finch (Lonchura striata domestica),Tufted capuchin (Sapajus apella),Aves,Mammalia,Passeriformes,Primates,Estrildidae,Cebidae,Lonchura,Sapajus,Cross-class,cross_class,318.95,318950000.0,TimeTree API pairwise summaryjson,30.0,316.0,322.37,Lonchura striata domestica,Sapajus apella,6,8,48,-0.3051236223917976,-0.31515954463701995,2.503722606486479
Bengalese finch (Lonchura striata domestica),Túngara frog (Engystomops pustulosus),Aves,Amphibia,Passeriformes,Anura,Estrildidae,Leptodactylidae,Lonchura,Engystomops,Cross-class,cross_class,351.686545,351686545.0,TimeTree API pairwise summaryjson,32.0,348.4,355.7,Engystomops pustulosus,Lonchura striata domestica,6,3,18,-0.45037883245241633,-0.4851754052121643,2.546155753178947
Bengalese finch (Lonchura striata domestica),Vervet monkey (Chlorocebus pygerythrus),Aves,Mammalia,Passeriformes,Primates,Estrildidae,Cercopithecidae,Lonchura,Chlorocebus,Cross-class,cross_class,318.95,318950000.0,TimeTree API pairwise summaryjson,30.0,316.0,322.37,Lonchura striata domestica,Chlorocebus pygerythrus,6,8,48,0.16570054742097542,0.1672425598844941,2.503722606486479
Bengalese finch (Lonchura striata domestica),Western Gorilla (Gorilla gorilla),Aves,Mammalia,Passeriformes,Primates,Estrildidae,Hominidae,Lonchura,Gorilla,Cross-class,cross_class,318.95,318950000.0,TimeTree API pairwise summaryjson,30.0,316.0,322.37,Lonchura striata domestica,Gorilla gorilla,6,9,54,0.19376323811834115,0.19624426632653624,2.503722606486479
Bengalese finch (Lonchura striata domestica),White-browed sparrow-weaver (Plocepasser mahali),Aves,Aves,Passeriformes,Passeriformes,Estrildidae,Ploceidae,Lonchura,Plocepasser,Aves,same_order,19.8884,19888400.0,TimeTree API pairwise summaryjson,5.0,13.6916,33.60349,Lonchura striata domestica,Plocepasser mahali,6,4,24,0.37376781820813504,0.39279563817807506,1.2985998460142743
Bengalese finch (Lonchura striata domestica),Yellow baboon (Papio cynocephalus),Aves,Mammalia,Passeriformes,Primates,Estrildidae,Cercopithecidae,Lonchura,Papio,Cross-class,cross_class,318.95,318950000.0,TimeTree API pairwise summaryjson,30.0,316.0,322.37,Lonchura striata domestica,Papio cynocephalus,6,7,42,-0.17556746350935357,-0.17740547127646725,2.503722606486479
Bengalese finch (Lonchura striata domestica),Zebra finch (Taeniopygia guttata),Aves,Aves,Passeriformes,Passeriformes,Estrildidae,Estrildidae,Lonchura,Taeniopygia,Aves,same_family,9.5293,9529300.0,TimeTree API pairwise summaryjson,2.0,8.66,10.3986,Lonchura striata domestica,Taeniopygia guttata,6,7,42,0.7040225169996329,0.8752317705089017,0.9790609995572301
Black-and-white colobus (Colobus guereza),Bonobo (Pan paniscus),Mammalia,Mammalia,Primates,Primates,Cercopithecidae,Hominidae,Colobus,Pan,Mammalia,same_order,28.82,28820000.0,TimeTree API pairwise summaryjson,83.0,26.8,30.6,Colobus guereza,Pan paniscus,5,14,70,0.18803712823913887,0.19030156873846732,1.4596939764779706
Black-and-white colobus (Colobus guereza),Bornean Orangutan (Pongo pygmaeus),Mammalia,Mammalia,Primates,Primates,Cercopithecidae,Hominidae,Colobus,Pongo,Mammalia,same_order,28.82,28820000.0,TimeTree API pairwise summaryjson,83.0,26.8,30.6,Colobus guereza,Pongo pygmaeus,5,32,160,0.17189020908173816,0.1736137720843229,1.4596939764779706
Black-and-white colobus (Colobus guereza),Brown lemurs (Eulemur spp.),Mammalia,Mammalia,Primates,Primates,Cercopithecidae,Lemuridae,Colobus,Eulemur,Mammalia,same_order,73.75492,73754920.0,TimeTree API pairwise summaryjson,50.0,71.4,77.5,Colobus guereza,Eulemur,5,5,25,0.7152718390416913,0.8978959749380963,1.867790996278425
Black-and-white colobus (Colobus guereza),Campbell's monkey (Cercopithecus campbelli),Mammalia,Mammalia,Primates,Primates,Cercopithecidae,Cercopithecidae,Colobus,Cercopithecus,Mammalia,same_family,17.755,17755000.0,TimeTree API pairwise summaryjson,29.0,15.5,19.8,Colobus guereza,Cercopithecus campbelli,5,7,35,-0.13138083105909223,-0.132144675728166,1.2493206766376344
Black-and-white colobus (Colobus guereza),Carolina chickadee (Poecile carolinensis),Mammalia,Aves,Primates,Passeriformes,Cercopithecidae,Paridae,Colobus,Poecile,Cross-class,cross_class,318.95,318950000.0,TimeTree API pairwise summaryjson,30.0,316.0,322.37,Poecile carolinensis,Colobus guereza,5,4,20,-0.04833701602823362,-0.04837471484110357,2.503722606486479
Black-and-white colobus (Colobus guereza),Chacma baboon (Papio ursinus),Mammalia,Mammalia,Primates,Primates,Cercopithecidae,Cercopithecidae,Colobus,Papio,Mammalia,same_family,17.755,17755000.0,TimeTree API pairwise summaryjson,29.0,15.5,19.8,Colobus guereza,Papio ursinus,5,6,30,0.6615457028958108,0.7955572635645265,1.2493206766376344
Black-and-white colobus (Colobus guereza),Chestnut-crowned babbler (Pomatostomus ruficeps),Mammalia,Aves,Primates,Passeriformes,Cercopithecidae,Pomatostomidae,Colobus,Pomatostomus,Cross-class,cross_class,318.95,318950000.0,TimeTree API pairwise summaryjson,30.0,316.0,322.37,Pomatostomus ruficeps,Colobus guereza,5,4,20,-0.07616089502333913,-0.07630866628380065,2.503722606486479
Black-and-white colobus (Colobus guereza),Chimpanzee (Pan troglodytes),Mammalia,Mammalia,Primates,Primates,Cercopithecidae,Hominidae,Colobus,Pan,Mammalia,same_order,28.82,28820000.0,TimeTree API pairwise summaryjson,83.0,26.8,30.6,Colobus guereza,Pan troglodytes,5,13,65,0.1744073053404093,0.1762086660814712,1.4596939764779706
Black-and-white colobus (Colobus guereza),Common marmoset (Callithrix jacchus),Mammalia,Mammalia,Primates,Primates,Cercopithecidae,Callitrichidae,Colobus,Callithrix,Mammalia,same_order,42.9,42900000.0,TimeTree API pairwise summaryjson,68.0,40.0,44.2,Colobus guereza,Callithrix jacchus,5,8,40,0.4395069840967303,0.4716195899167838,1.6324572921847242
Black-and-white colobus (Colobus guereza),Crowned monkey / Crowned guenon (Cercopithecus pogonias),Mammalia,Mammalia,Primates,Primates,Cercopithecidae,Cercopithecidae,Colobus,Cercopithecus,Mammalia,same_family,17.755,17755000.0,TimeTree API pairwise summaryjson,29.0,15.5,19.8,Colobus guereza,Cercopithecus pogonias,5,5,25,0.6980437956138364,0.863475085369373,1.2493206766376344
Black-and-white colobus (Colobus guereza),De Brazza’s monkey (Cercopithecus neglectus),Mammalia,Mammalia,Primates,Primates,Cercopithecidae,Cercopithecidae,Colobus,Cercopithecus,Mammalia,same_family,17.755,17755000.0,TimeTree API pairwise summaryjson,29.0,15.5,19.8,Colobus guereza,Cercopithecus neglectus,5,7,35,0.5961236437259965,0.6871122318616839,1.2493206766376344
Black-and-white colobus (Colobus guereza),Diana monkey (Cercopithecus diana),Mammalia,Mammalia,Primates,Primates,Cercopithecidae,Cercopithecidae,Colobus,Cercopithecus,Mammalia,same_family,17.755,17755000.0,TimeTree API pairwise summaryjson,29.0,15.5,19.8,Colobus guereza,Cercopithecus diana,5,6,30,0.4425744261325291,0.4754277988286802,1.2493206766376344
Black-and-white colobus (Colobus guereza),Drill (Mandrillus leucophaeus),Mammalia,Mammalia,Primates,Primates,Cercopithecidae,Cercopithecidae,Colobus,Mandrillus,Mammalia,same_family,17.755,17755000.0,TimeTree API pairwise summaryjson,29.0,15.5,19.8,Mandrillus leucophaeus,Colobus guereza,5,7,35,0.6343458815528392,0.7486550379119518,1.2493206766376344
Black-and-white colobus (Colobus guereza),Eastern Gorilla (Gorilla beringei),Mammalia,Mammalia,Primates,Primates,Cercopithecidae,Hominidae,Colobus,Gorilla,Mammalia,same_order,28.82,28820000.0,TimeTree API pairwise summaryjson,83.0,26.8,30.6,Colobus guereza,Gorilla beringei,5,3,15,0.5314828805270198,0.5922095529648036,1.4596939764779706
Black-and-white colobus (Colobus guereza),Egyptian fruit bat (Rousettus aegyptiacus),Mammalia,Mammalia,Primates,Chiroptera,Cercopithecidae,Pteropodidae,Colobus,Rousettus,Mammalia,same_class,94.0,94000000.0,TimeTree API pairwise summaryjson,63.0,91.5,97.4,Rousettus aegyptiacus,Colobus guereza,5,5,25,0.6363977383172158,0.7520960107059316,1.9731278535996986
Black-and-white colobus (Colobus guereza),European starling (Sturnus vulgaris),Mammalia,Aves,Primates,Passeriformes,Cercopithecidae,Sturnidae,Colobus,Sturnus,Cross-class,cross_class,318.95,318950000.0,TimeTree API pairwise summaryjson,30.0,316.0,322.37,Sturnus vulgaris,Colobus guereza,5,6,30,0.3822756423964542,0.402722050790837,2.503722606486479
Black-and-white colobus (Colobus guereza),Gelada (Theropithecus gelada),Mammalia,Mammalia,Primates,Primates,Cercopithecidae,Cercopithecidae,Colobus,Theropithecus,Mammalia,same_family,17.755,17755000.0,TimeTree API pairwise summaryjson,29.0,15.5,19.8,Colobus guereza,Theropithecus gelada,5,8,40,0.5956847675325976,0.6864316961685343,1.2493206766376344
Black-and-white colobus (Colobus guereza),"Gibbons (Hylobates spp., Nomascus spp., Hoolock spp.)",Mammalia,Mammalia,Primates,Primates,Cercopithecidae,Hylobatidae,Colobus,,Mammalia,same_order,28.82,28820000.0,TimeTree API pairwise summaryjson,83.0,26.8,30.6,Colobus guereza,Hylobates,5,4,20,-0.07999796853935334,-0.0801692804921847,1.4596939764779706
Black-and-white colobus (Colobus guereza),Gray wolf (Canis lupus),Mammalia,Mammalia,Primates,Carnivora,Cercopithecidae,Canidae,Colobus,Canis,Mammalia,same_class,94.0,94000000.0,TimeTree API pairwise summaryjson,63.0,91.5,97.4,Canis lupus,Colobus guereza,5,5,25,-0.007701086928988245,-0.007701239176525649,1.9731278535996986
Black-and-white colobus (Colobus guereza),Greater sac-winged bat (Saccopteryx bilineata),Mammalia,Mammalia,Primates,Chiroptera,Cercopithecidae,Emballonuridae,Colobus,Saccopteryx,Mammalia,same_class,94.0,94000000.0,TimeTree API pairwise summaryjson,63.0,91.5,97.4,Saccopteryx bilineata,Colobus guereza,5,5,25,0.393800564032577,0.4162902397466755,1.9731278535996986
Black-and-white colobus (Colobus guereza),Green tree frog (Hyla cinerea),Mammalia,Amphibia,Primates,Anura,Cercopithecidae,Hylidae,Colobus,Hyla,Cross-class,cross_class,351.686545,351686545.0,TimeTree API pairwise summaryjson,32.0,348.4,355.7,Dryophytes cinereus,Colobus guereza,5,7,35,0.2971228674950038,0.3063609056586525,2.546155753178947
Black-and-white colobus (Colobus guereza),Howler monkey (Alouatta spp.),Mammalia,Mammalia,Primates,Primates,Cercopithecidae,Atelidae,Colobus,Alouatta,Mammalia,same_order,42.9,42900000.0,TimeTree API pairwise summaryjson,68.0,40.0,44.2,Colobus guereza,Alouatta,5,6,30,0.22615092838535023,0.23012917930406154,1.6324572921847242
Black-and-white colobus (Colobus guereza),Indri (Indri indri),Mammalia,Mammalia,Primates,Primates,Cercopithecidae,Indriidae,Colobus,Indri,Mammalia,same_order,73.75492,73754920.0,TimeTree API pairwise summaryjson,50.0,71.4,77.5,Colobus guereza,Indri indri,5,6,30,0.5069656581862138,0.55863728985056,1.867790996278425
Black-and-white colobus (Colobus guereza),Japanese macaque (Macaca fuscata),Mammalia,Mammalia,Primates,Primates,Cercopithecidae,Cercopithecidae,Colobus,Macaca,Mammalia,same_family,17.755,17755000.0,TimeTree API pairwise summaryjson,29.0,15.5,19.8,Colobus guereza,Macaca fuscata,5,8,40,0.4438102450174042,0.47696568979219395,1.2493206766376344
Black-and-white colobus (Colobus guereza),Japanese tit (Parus minor),Mammalia,Aves,Primates,Passeriformes,Cercopithecidae,Paridae,Colobus,Parus,Cross-class,cross_class,318.95,318950000.0,TimeTree API pairwise summaryjson,30.0,316.0,322.37,Parus minor,Colobus guereza,5,4,20,0.3693261269186292,0.38764256605430825,2.503722606486479
Black-and-white colobus (Colobus guereza),Langurs (Semnopithecus spp. / Trachypithecus spp.),Mammalia,Mammalia,Primates,Primates,Cercopithecidae,Cercopithecidae,Colobus,,Mammalia,same_family,12.78655,12786550.0,TimeTree API pairwise summaryjson,20.0,10.323,14.12,Colobus guereza,Semnopithecus,5,5,25,0.82030242245006,1.1577413096364497,1.1067533812199928
Black-and-white colobus (Colobus guereza),L’Hoest’s monkey (Allochrocebus lhoesti),Mammalia,Mammalia,Primates,Primates,Cercopithecidae,Cercopithecidae,Colobus,Allochrocebus,Mammalia,same_family,17.755,17755000.0,TimeTree API pairwise summaryjson,29.0,15.5,19.8,Colobus guereza,Allochrocebus lhoesti,5,7,35,0.6401444230212795,0.7584184019299958,1.2493206766376344
Black-and-white colobus (Colobus guereza),Mandrill (Mandrillus sphinx),Mammalia,Mammalia,Primates,Primates,Cercopithecidae,Cercopithecidae,Colobus,Mandrillus,Mammalia,same_family,17.755,17755000.0,TimeTree API pairwise summaryjson,29.0,15.5,19.8,Mandrillus sphinx,Colobus guereza,5,7,35,0.6204187827217402,0.7256856587300038,1.2493206766376344
Black-and-white colobus (Colobus guereza),Meerkat (Suricata suricatta),Mammalia,Mammalia,Primates,Carnivora,Cercopithecidae,Herpestidae,Colobus,Suricata,Mammalia,same_class,94.0,94000000.0,TimeTree API pairwise summaryjson,63.0,91.5,97.4,Suricata suricatta,Colobus guereza,5,7,35,0.08923399950447296,0.0894719856057951,1.9731278535996986
Black-and-white colobus (Colobus guereza),Mona monkey (Cercopithecus mona),Mammalia,Mammalia,Primates,Primates,Cercopithecidae,Cercopithecidae,Colobus,Cercopithecus,Mammalia,same_family,17.755,17755000.0,TimeTree API pairwise summaryjson,29.0,15.5,19.8,Colobus guereza,Cercopithecus mona,5,6,30,0.6244383796394016,0.7322474312984218,1.2493206766376344
Black-and-white colobus (Colobus guereza),Mouse lemurs (Microcebus spp.),Mammalia,Mammalia,Primates,Primates,Cercopithecidae,Cheirogaleidae,Colobus,Microcebus,Mammalia,same_order,73.75492,73754920.0,TimeTree API pairwise summaryjson,50.0,71.4,77.5,Colobus guereza,Microcebus,5,6,30,0.4936400223338025,0.540861776545715,1.867790996278425
Black-and-white colobus (Colobus guereza),Olive baboon (Papio anubis),Mammalia,Mammalia,Primates,Primates,Cercopithecidae,Cercopithecidae,Colobus,Papio,Mammalia,same_family,17.755,17755000.0,TimeTree API pairwise summaryjson,29.0,15.5,19.8,Colobus guereza,Papio anubis,5,14,70,0.5282526408491088,0.5877183553401739,1.2493206766376344
Black-and-white colobus (Colobus guereza),Patas monkey (Erythrocebus patas),Mammalia,Mammalia,Primates,Primates,Cercopithecidae,Cercopithecidae,Colobus,Erythrocebus,Mammalia,same_family,17.755,17755000.0,TimeTree API pairwise summaryjson,29.0,15.5,19.8,Colobus guereza,Erythrocebus patas,5,6,30,0.6615790862744249,0.7956166291862254,1.2493206766376344
Black-and-white colobus (Colobus guereza),Plain-tailed wren (Pheugopedius euophrys),Mammalia,Aves,Primates,Passeriformes,Cercopithecidae,Troglodytidae,Colobus,Pheugopedius,Cross-class,cross_class,318.95,318950000.0,TimeTree API pairwise summaryjson,30.0,316.0,322.37,Pheugopedius euophrys,Colobus guereza,5,3,15,0.7150491573333727,0.897440169418474,2.503722606486479
Black-and-white colobus (Colobus guereza),Poison dart frogs (Dendrobatidae; various genera),Mammalia,Amphibia,Primates,Anura,Cercopithecidae,Dendrobatidae,Colobus,,Cross-class,cross_class,351.686545,351686545.0,TimeTree API pairwise summaryjson,32.0,348.4,355.7,Dendrobatidae,Colobus guereza,5,2,10,0.2563224686350351,0.26216827066344306,2.546155753178947
Black-and-white colobus (Colobus guereza),Putty-nosed monkey (Cercopithecus nictitans),Mammalia,Mammalia,Primates,Primates,Cercopithecidae,Cercopithecidae,Colobus,Cercopithecus,Mammalia,same_family,17.755,17755000.0,TimeTree API pairwise summaryjson,29.0,15.5,19.8,Colobus guereza,Cercopithecus nictitans,5,7,35,0.40469827672748043,0.4292547170468757,1.2493206766376344
Black-and-white colobus (Colobus guereza),Red colobus (Piliocolobus spp.),Mammalia,Mammalia,Primates,Primates,Cercopithecidae,Cercopithecidae,Colobus,Piliocolobus,Mammalia,same_family,10.355,10355000.0,TimeTree API pairwise summaryjson,18.0,8.3,11.3181,Piliocolobus,Colobus guereza,5,5,25,0.8495630883592613,1.25458045858907,1.0151501032294714
Black-and-white colobus (Colobus guereza),Red-tailed monkey (Cercopithecus ascanius),Mammalia,Mammalia,Primates,Primates,Cercopithecidae,Cercopithecidae,Colobus,Cercopithecus,Mammalia,same_family,17.755,17755000.0,TimeTree API pairwise summaryjson,29.0,15.5,19.8,Colobus guereza,Cercopithecus ascanius,5,7,35,0.5991725209961253,0.6918552461301236,1.2493206766376344
Black-and-white colobus (Colobus guereza),Rhesus macaque (Macaca mulatta),Mammalia,Mammalia,Primates,Primates,Cercopithecidae,Cercopithecidae,Colobus,Macaca,Mammalia,same_family,17.755,17755000.0,TimeTree API pairwise summaryjson,29.0,15.5,19.8,Colobus guereza,Macaca mulatta,5,8,40,0.4539054639864033,0.4896082672246008,1.2493206766376344
Black-and-white colobus (Colobus guereza),Ring-tailed lemur (Lemur catta),Mammalia,Mammalia,Primates,Primates,Cercopithecidae,Lemuridae,Colobus,Lemur,Mammalia,same_order,73.75492,73754920.0,TimeTree API pairwise summaryjson,50.0,71.4,77.5,Colobus guereza,Lemur catta,5,6,30,0.6130861195045653,0.7138511651714056,1.867790996278425
Black-and-white colobus (Colobus guereza),Siamang (Symphalangus syndactylus),Mammalia,Mammalia,Primates,Primates,Cercopithecidae,Hylobatidae,Colobus,Symphalangus,Mammalia,same_order,28.82,28820000.0,TimeTree API pairwise summaryjson,83.0,26.8,30.6,Colobus guereza,Symphalangus syndactylus,5,4,20,0.23093823203438127,0.23518032956483412,1.4596939764779706
Black-and-white colobus (Colobus guereza),Spotted hyena (Crocuta crocuta),Mammalia,Mammalia,Primates,Carnivora,Cercopithecidae,Hyaenidae,Colobus,Crocuta,Mammalia,same_class,94.0,94000000.0,TimeTree API pairwise summaryjson,63.0,91.5,97.4,Crocuta crocuta,Colobus guereza,5,6,30,0.417532123064486,0.4446993300458162,1.9731278535996986
Black-and-white colobus (Colobus guereza),Talapoin monkey (Miopithecus talapoin),Mammalia,Mammalia,Primates,Primates,Cercopithecidae,Cercopithecidae,Colobus,Miopithecus,Mammalia,same_family,17.755,17755000.0,TimeTree API pairwise summaryjson,29.0,15.5,19.8,Colobus guereza,Miopithecus talapoin,5,7,35,0.6208969735176154,0.7264634782645231,1.2493206766376344
Black-and-white colobus (Colobus guereza),Tufted capuchin (Sapajus apella),Mammalia,Mammalia,Primates,Primates,Cercopithecidae,Cebidae,Colobus,Sapajus,Mammalia,same_order,42.9,42900000.0,TimeTree API pairwise summaryjson,68.0,40.0,44.2,Colobus guereza,Sapajus apella,5,8,40,0.4321131040891911,0.46249202786445875,1.6324572921847242
Black-and-white colobus (Colobus guereza),Túngara frog (Engystomops pustulosus),Mammalia,Amphibia,Primates,Anura,Cercopithecidae,Leptodactylidae,Colobus,Engystomops,Cross-class,cross_class,351.686545,351686545.0,TimeTree API pairwise summaryjson,32.0,348.4,355.7,Engystomops pustulosus,Colobus guereza,5,3,15,0.08057040617206457,0.08074543175322378,2.546155753178947
Black-and-white colobus (Colobus guereza),Vervet monkey (Chlorocebus pygerythrus),Mammalia,Mammalia,Primates,Primates,Cercopithecidae,Cercopithecidae,Colobus,Chlorocebus,Mammalia,same_family,17.755,17755000.0,TimeTree API pairwise summaryjson,29.0,15.5,19.8,Colobus guereza,Chlorocebus pygerythrus,5,8,40,0.431247222096198,0.4614278359637414,1.2493206766376344
Black-and-white colobus (Colobus guereza),Western Gorilla (Gorilla gorilla),Mammalia,Mammalia,Primates,Primates,Cercopithecidae,Hominidae,Colobus,Gorilla,Mammalia,same_order,28.82,28820000.0,TimeTree API pairwise summaryjson,83.0,26.8,30.6,Colobus guereza,Gorilla gorilla,5,9,45,0.45944961561347153,0.49661340859042163,1.4596939764779706
Black-and-white colobus (Colobus guereza),White-browed sparrow-weaver (Plocepasser mahali),Mammalia,Aves,Primates,Passeriformes,Cercopithecidae,Ploceidae,Colobus,Plocepasser,Cross-class,cross_class,318.95,318950000.0,TimeTree API pairwise summaryjson,30.0,316.0,322.37,Plocepasser mahali,Colobus guereza,5,4,20,0.49416185726060263,0.5415519779553263,2.503722606486479
Black-and-white colobus (Colobus guereza),Yellow baboon (Papio cynocephalus),Mammalia,Mammalia,Primates,Primates,Cercopithecidae,Cercopithecidae,Colobus,Papio,Mammalia,same_family,17.755,17755000.0,TimeTree API pairwise summaryjson,29.0,15.5,19.8,Colobus guereza,Papio cynocephalus,5,7,35,0.5087447287896183,0.5610346926602485,1.2493206766376344
Black-and-white colobus (Colobus guereza),Zebra finch (Taeniopygia guttata),Mammalia,Aves,Primates,Passeriformes,Cercopithecidae,Estrildidae,Colobus,Taeniopygia,Cross-class,cross_class,318.95,318950000.0,TimeTree API pairwise summaryjson,30.0,316.0,322.37,Colobus guereza,Taeniopygia guttata,5,7,35,0.11053812327751991,0.110991662805245,2.503722606486479
Bonobo (Pan paniscus),Bornean Orangutan (Pongo pygmaeus),Mammalia,Mammalia,Primates,Primates,Hominidae,Hominidae,Pan,Pongo,Mammalia,same_family,15.2,15200000.0,TimeTree API pairwise summaryjson,72.0,14.5,16.3,Pan paniscus,Pongo pygmaeus,14,32,448,0.029380807376874606,0.029389265907802553,1.1818435879447726
Bonobo (Pan paniscus),Brown lemurs (Eulemur spp.),Mammalia,Mammalia,Primates,Primates,Hominidae,Lemuridae,Pan,Eulemur,Mammalia,same_order,73.75492,73754920.0,TimeTree API pairwise summaryjson,50.0,71.4,77.5,Pan paniscus,Eulemur,14,5,70,0.256535872305284,0.26239669455801923,1.867790996278425
Bonobo (Pan paniscus),Campbell's monkey (Cercopithecus campbelli),Mammalia,Mammalia,Primates,Primates,Hominidae,Cercopithecidae,Pan,Cercopithecus,Mammalia,same_order,28.82,28820000.0,TimeTree API pairwise summaryjson,83.0,26.8,30.6,Pan paniscus,Cercopithecus campbelli,14,7,98,-0.049334111492897126,-0.04937419405963541,1.4596939764779706
Bonobo (Pan paniscus),Carolina chickadee (Poecile carolinensis),Mammalia,Aves,Primates,Passeriformes,Hominidae,Paridae,Pan,Poecile,Cross-class,cross_class,318.95,318950000.0,TimeTree API pairwise summaryjson,30.0,316.0,322.37,Poecile carolinensis,Pan paniscus,14,4,56,-0.2013990247663827,-0.20419029743031453,2.503722606486479
Bonobo (Pan paniscus),Chacma baboon (Papio ursinus),Mammalia,Mammalia,Primates,Primates,Hominidae,Cercopithecidae,Pan,Papio,Mammalia,same_order,28.82,28820000.0,TimeTree API pairwise summaryjson,83.0,26.8,30.6,Pan paniscus,Papio ursinus,14,6,84,0.04511660711084641,0.045147256293364156,1.4596939764779706
Bonobo (Pan paniscus),Chestnut-crowned babbler (Pomatostomus ruficeps),Mammalia,Aves,Primates,Passeriformes,Hominidae,Pomatostomidae,Pan,Pomatostomus,Cross-class,cross_class,318.95,318950000.0,TimeTree API pairwise summaryjson,30.0,316.0,322.37,Pomatostomus ruficeps,Pan paniscus,14,4,56,-0.3248206168166001,-0.33702696864485737,2.503722606486479
Bonobo (Pan paniscus),Chimpanzee (Pan troglodytes),Mammalia,Mammalia,Primates,Primates,Hominidae,Hominidae,Pan,Pan,Mammalia,same_genus,2.3981,2398100.0,TimeTree API pairwise summaryjson,43.0,2.18,2.97076,Pan troglodytes,Pan paniscus,14,13,182,0.1491763521696894,0.15029793574550077,0.3798672890808785
Bonobo (Pan paniscus),Common marmoset (Callithrix jacchus),Mammalia,Mammalia,Primates,Primates,Hominidae,Callitrichidae,Pan,Callithrix,Mammalia,same_order,42.9,42900000.0,TimeTree API pairwise summaryjson,68.0,40.0,44.2,Pan paniscus,Callithrix jacchus,14,8,112,0.0714984677487501,0.07162067693585254,1.6324572921847242
Bonobo (Pan paniscus),Crowned monkey / Crowned guenon (Cercopithecus pogonias),Mammalia,Mammalia,Primates,Primates,Hominidae,Cercopithecidae,Pan,Cercopithecus,Mammalia,same_order,28.82,28820000.0,TimeTree API pairwise summaryjson,83.0,26.8,30.6,Pan paniscus,Cercopithecus pogonias,14,5,70,0.11511156630845784,0.11562408246110326,1.4596939764779706
Bonobo (Pan paniscus),De Brazza’s monkey (Cercopithecus neglectus),Mammalia,Mammalia,Primates,Primates,Hominidae,Cercopithecidae,Pan,Cercopithecus,Mammalia,same_order,28.82,28820000.0,TimeTree API pairwise summaryjson,83.0,26.8,30.6,Pan paniscus,Cercopithecus neglectus,14,7,98,0.31827146555530883,0.32972256319159005,1.4596939764779706
Bonobo (Pan paniscus),Diana monkey (Cercopithecus diana),Mammalia,Mammalia,Primates,Primates,Hominidae,Cercopithecidae,Pan,Cercopithecus,Mammalia,same_order,28.82,28820000.0,TimeTree API pairwise summaryjson,83.0,26.8,30.6,Pan paniscus,Cercopithecus diana,14,6,84,0.12465220754212235,0.1253039167557396,1.4596939764779706
Bonobo (Pan paniscus),Drill (Mandrillus leucophaeus),Mammalia,Mammalia,Primates,Primates,Hominidae,Cercopithecidae,Pan,Mandrillus,Mammalia,same_order,28.82,28820000.0,TimeTree API pairwise summaryjson,83.0,26.8,30.6,Mandrillus leucophaeus,Pan paniscus,14,7,98,0.1650297805280681,0.16655293472318008,1.4596939764779706
Bonobo (Pan paniscus),Eastern Gorilla (Gorilla beringei),Mammalia,Mammalia,Primates,Primates,Hominidae,Hominidae,Pan,Gorilla,Mammalia,same_family,8.6,8600000.0,TimeTree API pairwise summaryjson,70.0,8.25,9.3,Pan paniscus,Gorilla beringei,14,3,42,0.05661082989414285,0.05667142164656941,0.9344984512435677
Bonobo (Pan paniscus),Egyptian fruit bat (Rousettus aegyptiacus),Mammalia,Mammalia,Primates,Chiroptera,Hominidae,Pteropodidae,Pan,Rousettus,Mammalia,same_class,94.0,94000000.0,TimeTree API pairwise summaryjson,63.0,91.5,97.4,Rousettus aegyptiacus,Pan paniscus,14,5,70,0.16314453583805247,0.1646155254344557,1.9731278535996986
Bonobo (Pan paniscus),European starling (Sturnus vulgaris),Mammalia,Aves,Primates,Passeriformes,Hominidae,Sturnidae,Pan,Sturnus,Cross-class,cross_class,318.95,318950000.0,TimeTree API pairwise summaryjson,30.0,316.0,322.37,Sturnus vulgaris,Pan paniscus,14,6,84,-0.1419088455379881,-0.14287311626717591,2.503722606486479
Bonobo (Pan paniscus),Gelada (Theropithecus gelada),Mammalia,Mammalia,Primates,Primates,Hominidae,Cercopithecidae,Pan,Theropithecus,Mammalia,same_order,28.82,28820000.0,TimeTree API pairwise summaryjson,83.0,26.8,30.6,Pan paniscus,Theropithecus gelada,14,8,112,0.05025286459832884,0.050295230841222095,1.4596939764779706
Bonobo (Pan paniscus),"Gibbons (Hylobates spp., Nomascus spp., Hoolock spp.)",Mammalia,Mammalia,Primates,Primates,Hominidae,Hylobatidae,Pan,,Mammalia,same_order,19.45714,19457140.0,TimeTree API pairwise summaryjson,64.0,18.8,20.3,Pan paniscus,Hylobates,14,4,56,-0.07035579308546604,-0.07047222467472057,1.289079003789453
Bonobo (Pan paniscus),Gray wolf (Canis lupus),Mammalia,Mammalia,Primates,Carnivora,Hominidae,Canidae,Pan,Canis,Mammalia,same_class,94.0,94000000.0,TimeTree API pairwise summaryjson,63.0,91.5,97.4,Canis lupus,Pan paniscus,14,5,70,-0.05487771545486977,-0.05493290445677844,1.9731278535996986
Bonobo (Pan paniscus),Greater sac-winged bat (Saccopteryx bilineata),Mammalia,Mammalia,Primates,Chiroptera,Hominidae,Emballonuridae,Pan,Saccopteryx,Mammalia,same_class,94.0,94000000.0,TimeTree API pairwise summaryjson,63.0,91.5,97.4,Saccopteryx bilineata,Pan paniscus,14,5,70,-0.07833854533052201,-0.07849939066747272,1.9731278535996986
Bonobo (Pan paniscus),Green tree frog (Hyla cinerea),Mammalia,Amphibia,Primates,Anura,Hominidae,Hylidae,Pan,Hyla,Cross-class,cross_class,351.686545,351686545.0,TimeTree API pairwise summaryjson,32.0,348.4,355.7,Dryophytes cinereus,Pan paniscus,14,7,98,-0.0317085663756214,-0.03171919973929919,2.546155753178947
Bonobo (Pan paniscus),Howler monkey (Alouatta spp.),Mammalia,Mammalia,Primates,Primates,Hominidae,Atelidae,Pan,Alouatta,Mammalia,same_order,42.9,42900000.0,TimeTree API pairwise summaryjson,68.0,40.0,44.2,Pan paniscus,Alouatta,14,6,84,0.09016807814938488,0.09041364114208206,1.6324572921847242
Bonobo (Pan paniscus),Indri (Indri indri),Mammalia,Mammalia,Primates,Primates,Hominidae,Indriidae,Pan,Indri,Mammalia,same_order,73.75492,73754920.0,TimeTree API pairwise summaryjson,50.0,71.4,77.5,Pan paniscus,Indri indri,14,6,84,0.15570347463100306,0.1569803701124242,1.867790996278425
Bonobo (Pan paniscus),Japanese macaque (Macaca fuscata),Mammalia,Mammalia,Primates,Primates,Hominidae,Cercopithecidae,Pan,Macaca,Mammalia,same_order,28.82,28820000.0,TimeTree API pairwise summaryjson,83.0,26.8,30.6,Pan paniscus,Macaca fuscata,14,8,112,-0.10492892867116742,-0.10531658475532954,1.4596939764779706
Bonobo (Pan paniscus),Japanese tit (Parus minor),Mammalia,Aves,Primates,Passeriformes,Hominidae,Paridae,Pan,Parus,Cross-class,cross_class,318.95,318950000.0,TimeTree API pairwise summaryjson,30.0,316.0,322.37,Parus minor,Pan paniscus,14,4,56,0.0016455595966346583,0.0016455610819555776,2.503722606486479
Bonobo (Pan paniscus),Langurs (Semnopithecus spp. / Trachypithecus spp.),Mammalia,Mammalia,Primates,Primates,Hominidae,Cercopithecidae,Pan,,Mammalia,same_order,28.82,28820000.0,TimeTree API pairwise summaryjson,83.0,26.8,30.6,Semnopithecus,Pan paniscus,14,5,70,0.17554243824052446,0.17737965021436009,1.4596939764779706
Bonobo (Pan paniscus),L’Hoest’s monkey (Allochrocebus lhoesti),Mammalia,Mammalia,Primates,Primates,Hominidae,Cercopithecidae,Pan,Allochrocebus,Mammalia,same_order,28.82,28820000.0,TimeTree API pairwise summaryjson,83.0,26.8,30.6,Pan paniscus,Allochrocebus lhoesti,14,7,98,0.3629963847131834,0.3803327240996539,1.4596939764779706
Bonobo (Pan paniscus),Mandrill (Mandrillus sphinx),Mammalia,Mammalia,Primates,Primates,Hominidae,Cercopithecidae,Pan,Mandrillus,Mammalia,same_order,28.82,28820000.0,TimeTree API pairwise summaryjson,83.0,26.8,30.6,Mandrillus sphinx,Pan paniscus,14,7,98,0.19416490746968285,0.1966616380697739,1.4596939764779706
Bonobo (Pan paniscus),Meerkat (Suricata suricatta),Mammalia,Mammalia,Primates,Carnivora,Hominidae,Herpestidae,Pan,Suricata,Mammalia,same_class,94.0,94000000.0,TimeTree API pairwise summaryjson,63.0,91.5,97.4,Suricata suricatta,Pan paniscus,14,7,98,-0.07609524240722534,-0.07624263096108252,1.9731278535996986
Bonobo (Pan paniscus),Mona monkey (Cercopithecus mona),Mammalia,Mammalia,Primates,Primates,Hominidae,Cercopithecidae,Pan,Cercopithecus,Mammalia,same_order,28.82,28820000.0,TimeTree API pairwise summaryjson,83.0,26.8,30.6,Pan paniscus,Cercopithecus mona,14,6,84,0.015084978779110202,0.01508612316411242,1.4596939764779706
Bonobo (Pan paniscus),Mouse lemurs (Microcebus spp.),Mammalia,Mammalia,Primates,Primates,Hominidae,Cheirogaleidae,Pan,Microcebus,Mammalia,same_order,73.75492,73754920.0,TimeTree API pairwise summaryjson,50.0,71.4,77.5,Pan paniscus,Microcebus,14,6,84,0.11553315434276848,0.11605135287678825,1.867790996278425
Bonobo (Pan paniscus),Olive baboon (Papio anubis),Mammalia,Mammalia,Primates,Primates,Hominidae,Cercopithecidae,Pan,Papio,Mammalia,same_order,28.82,28820000.0,TimeTree API pairwise summaryjson,83.0,26.8,30.6,Pan paniscus,Papio anubis,14,14,196,-0.031175138212545347,-0.031185243699870344,1.4596939764779706
Bonobo (Pan paniscus),Patas monkey (Erythrocebus patas),Mammalia,Mammalia,Primates,Primates,Hominidae,Cercopithecidae,Pan,Erythrocebus,Mammalia,same_order,28.82,28820000.0,TimeTree API pairwise summaryjson,83.0,26.8,30.6,Pan paniscus,Erythrocebus patas,14,6,84,0.16769357950149003,0.1692925578830347,1.4596939764779706
Bonobo (Pan paniscus),Plain-tailed wren (Pheugopedius euophrys),Mammalia,Aves,Primates,Passeriformes,Hominidae,Troglodytidae,Pan,Pheugopedius,Cross-class,cross_class,318.95,318950000.0,TimeTree API pairwise summaryjson,30.0,316.0,322.37,Pheugopedius euophrys,Pan paniscus,14,3,42,-0.11794015503333938,-0.11849160927425431,2.503722606486479
Bonobo (Pan paniscus),Poison dart frogs (Dendrobatidae; various genera),Mammalia,Amphibia,Primates,Anura,Hominidae,Dendrobatidae,Pan,,Cross-class,cross_class,351.686545,351686545.0,TimeTree API pairwise summaryjson,32.0,348.4,355.7,Dendrobatidae,Pan paniscus,14,2,28,-0.2694014298352163,-0.2762182979844742,2.546155753178947
Bonobo (Pan paniscus),Putty-nosed monkey (Cercopithecus nictitans),Mammalia,Mammalia,Primates,Primates,Hominidae,Cercopithecidae,Pan,Cercopithecus,Mammalia,same_order,28.82,28820000.0,TimeTree API pairwise summaryjson,83.0,26.8,30.6,Pan paniscus,Cercopithecus nictitans,14,7,98,0.23415201447033324,0.23857784376535465,1.4596939764779706
Bonobo (Pan paniscus),Red colobus (Piliocolobus spp.),Mammalia,Mammalia,Primates,Primates,Hominidae,Cercopithecidae,Pan,Piliocolobus,Mammalia,same_order,28.82,28820000.0,TimeTree API pairwise summaryjson,83.0,26.8,30.6,Piliocolobus,Pan paniscus,14,5,70,0.2155319060473742,0.21896557096795283,1.4596939764779706
Bonobo (Pan paniscus),Red-tailed monkey (Cercopithecus ascanius),Mammalia,Mammalia,Primates,Primates,Hominidae,Cercopithecidae,Pan,Cercopithecus,Mammalia,same_order,28.82,28820000.0,TimeTree API pairwise summaryjson,83.0,26.8,30.6,Pan paniscus,Cercopithecus ascanius,14,7,98,0.22121853909842018,0.22493698663921194,1.4596939764779706
Bonobo (Pan paniscus),Rhesus macaque (Macaca mulatta),Mammalia,Mammalia,Primates,Primates,Hominidae,Cercopithecidae,Pan,Macaca,Mammalia,same_order,28.82,28820000.0,TimeTree API pairwise summaryjson,83.0,26.8,30.6,Pan paniscus,Macaca mulatta,14,8,112,-0.10705167717112173,-0.10746345188385058,1.4596939764779706
Bonobo (Pan paniscus),Ring-tailed lemur (Lemur catta),Mammalia,Mammalia,Primates,Primates,Hominidae,Lemuridae,Pan,Lemur,Mammalia,same_order,73.75492,73754920.0,TimeTree API pairwise summaryjson,50.0,71.4,77.5,Pan paniscus,Lemur catta,14,6,84,0.15519787663100026,0.15646225181698906,1.867790996278425
Bonobo (Pan paniscus),Siamang (Symphalangus syndactylus),Mammalia,Mammalia,Primates,Primates,Hominidae,Hylobatidae,Pan,Symphalangus,Mammalia,same_order,19.45714,19457140.0,TimeTree API pairwise summaryjson,64.0,18.8,20.3,Pan paniscus,Symphalangus syndactylus,14,4,56,0.10046812297715182,0.10080822161830517,1.289079003789453
Bonobo (Pan paniscus),Spotted hyena (Crocuta crocuta),Mammalia,Mammalia,Primates,Carnivora,Hominidae,Hyaenidae,Pan,Crocuta,Mammalia,same_class,94.0,94000000.0,TimeTree API pairwise summaryjson,63.0,91.5,97.4,Crocuta crocuta,Pan paniscus,14,6,84,0.01817040044008361,0.01817240057036595,1.9731278535996986
Bonobo (Pan paniscus),Talapoin monkey (Miopithecus talapoin),Mammalia,Mammalia,Primates,Primates,Hominidae,Cercopithecidae,Pan,Miopithecus,Mammalia,same_order,28.82,28820000.0,TimeTree API pairwise summaryjson,83.0,26.8,30.6,Pan paniscus,Miopithecus talapoin,14,7,98,0.001505342281801029,0.0015053434188655697,1.4596939764779706
Bonobo (Pan paniscus),Tufted capuchin (Sapajus apella),Mammalia,Mammalia,Primates,Primates,Hominidae,Cebidae,Pan,Sapajus,Mammalia,same_order,42.9,42900000.0,TimeTree API pairwise summaryjson,68.0,40.0,44.2,Pan paniscus,Sapajus apella,14,8,112,0.14833696353038614,0.14943955227549072,1.6324572921847242
Bonobo (Pan paniscus),Túngara frog (Engystomops pustulosus),Mammalia,Amphibia,Primates,Anura,Hominidae,Leptodactylidae,Pan,Engystomops,Cross-class,cross_class,351.686545,351686545.0,TimeTree API pairwise summaryjson,32.0,348.4,355.7,Engystomops pustulosus,Pan paniscus,14,3,42,-0.06664647870663498,-0.06674541825481863,2.546155753178947
Bonobo (Pan paniscus),Vervet monkey (Chlorocebus pygerythrus),Mammalia,Mammalia,Primates,Primates,Hominidae,Cercopithecidae,Pan,Chlorocebus,Mammalia,same_order,28.82,28820000.0,TimeTree API pairwise summaryjson,83.0,26.8,30.6,Pan paniscus,Chlorocebus pygerythrus,14,8,112,0.03059456372080965,0.03060411486805454,1.4596939764779706
Bonobo (Pan paniscus),Western Gorilla (Gorilla gorilla),Mammalia,Mammalia,Primates,Primates,Hominidae,Hominidae,Pan,Gorilla,Mammalia,same_family,8.6,8600000.0,TimeTree API pairwise summaryjson,70.0,8.25,9.3,Pan paniscus,Gorilla gorilla,14,9,126,0.19922252711581767,0.2019228174452762,0.9344984512435677
Bonobo (Pan paniscus),White-browed sparrow-weaver (Plocepasser mahali),Mammalia,Aves,Primates,Passeriformes,Hominidae,Ploceidae,Pan,Plocepasser,Cross-class,cross_class,318.95,318950000.0,TimeTree API pairwise summaryjson,30.0,316.0,322.37,Plocepasser mahali,Pan paniscus,14,4,56,-0.04998400259742638,-0.05002569179503554,2.503722606486479
Bonobo (Pan paniscus),Yellow baboon (Papio cynocephalus),Mammalia,Mammalia,Primates,Primates,Hominidae,Cercopithecidae,Pan,Papio,Mammalia,same_order,28.82,28820000.0,TimeTree API pairwise summaryjson,83.0,26.8,30.6,Pan paniscus,Papio cynocephalus,14,7,98,-0.10137591153179666,-0.10172535143829495,1.4596939764779706
Bonobo (Pan paniscus),Zebra finch (Taeniopygia guttata),Mammalia,Aves,Primates,Passeriformes,Hominidae,Estrildidae,Pan,Taeniopygia,Cross-class,cross_class,318.95,318950000.0,TimeTree API pairwise summaryjson,30.0,316.0,322.37,Pan paniscus,Taeniopygia guttata,14,7,98,-0.1963643499226649,-0.1989482668002856,2.503722606486479
Bornean Orangutan (Pongo pygmaeus),Brown lemurs (Eulemur spp.),Mammalia,Mammalia,Primates,Primates,Hominidae,Lemuridae,Pongo,Eulemur,Mammalia,same_order,73.75492,73754920.0,TimeTree API pairwise summaryjson,50.0,71.4,77.5,Pongo pygmaeus,Eulemur,32,5,160,0.11994854976191738,0.12052882678929319,1.867790996278425
Bornean Orangutan (Pongo pygmaeus),Campbell's monkey (Cercopithecus campbelli),Mammalia,Mammalia,Primates,Primates,Hominidae,Cercopithecidae,Pongo,Cercopithecus,Mammalia,same_order,28.82,28820000.0,TimeTree API pairwise summaryjson,83.0,26.8,30.6,Pongo pygmaeus,Cercopithecus campbelli,32,7,224,-0.15545865101986722,-0.1567294734284796,1.4596939764779706
Bornean Orangutan (Pongo pygmaeus),Carolina chickadee (Poecile carolinensis),Mammalia,Aves,Primates,Passeriformes,Hominidae,Paridae,Pongo,Poecile,Cross-class,cross_class,318.95,318950000.0,TimeTree API pairwise summaryjson,30.0,316.0,322.37,Poecile carolinensis,Pongo pygmaeus,32,4,128,-0.2746161303585201,-0.2818496739661803,2.503722606486479
Bornean Orangutan (Pongo pygmaeus),Chacma baboon (Papio ursinus),Mammalia,Mammalia,Primates,Primates,Hominidae,Cercopithecidae,Pongo,Papio,Mammalia,same_order,28.82,28820000.0,TimeTree API pairwise summaryjson,83.0,26.8,30.6,Pongo pygmaeus,Papio ursinus,32,6,192,0.09557822725795384,0.09587087497233002,1.4596939764779706
Bornean Orangutan (Pongo pygmaeus),Chestnut-crowned babbler (Pomatostomus ruficeps),Mammalia,Aves,Primates,Passeriformes,Hominidae,Pomatostomidae,Pongo,Pomatostomus,Cross-class,cross_class,318.95,318950000.0,TimeTree API pairwise summaryjson,30.0,316.0,322.37,Pomatostomus ruficeps,Pongo pygmaeus,32,4,128,-0.27259782458648096,-0.2796680490770855,2.503722606486479
Bornean Orangutan (Pongo pygmaeus),Chimpanzee (Pan troglodytes),Mammalia,Mammalia,Primates,Primates,Hominidae,Hominidae,Pongo,Pan,Mammalia,same_family,15.2,15200000.0,TimeTree API pairwise summaryjson,72.0,14.5,16.3,Pan troglodytes,Pongo pygmaeus,32,13,416,-0.0691437890723349,-0.06925429524227017,1.1818435879447726
Bornean Orangutan (Pongo pygmaeus),Common marmoset (Callithrix jacchus),Mammalia,Mammalia,Primates,Primates,Hominidae,Callitrichidae,Pongo,Callithrix,Mammalia,same_order,42.9,42900000.0,TimeTree API pairwise summaryjson,68.0,40.0,44.2,Pongo pygmaeus,Callithrix jacchus,32,8,256,0.0732598475828042,0.07339133324975396,1.6324572921847242
Bornean Orangutan (Pongo pygmaeus),Crowned monkey / Crowned guenon (Cercopithecus pogonias),Mammalia,Mammalia,Primates,Primates,Hominidae,Cercopithecidae,Pongo,Cercopithecus,Mammalia,same_order,28.82,28820000.0,TimeTree API pairwise summaryjson,83.0,26.8,30.6,Pongo pygmaeus,Cercopithecus pogonias,32,5,160,0.1753705318119002,0.17720228355656084,1.4596939764779706
Bornean Orangutan (Pongo pygmaeus),De Brazza’s monkey (Cercopithecus neglectus),Mammalia,Mammalia,Primates,Primates,Hominidae,Cercopithecidae,Pongo,Cercopithecus,Mammalia,same_order,28.82,28820000.0,TimeTree API pairwise summaryjson,83.0,26.8,30.6,Pongo pygmaeus,Cercopithecus neglectus,32,7,224,0.155921625974148,0.157203949414413,1.4596939764779706
Bornean Orangutan (Pongo pygmaeus),Diana monkey (Cercopithecus diana),Mammalia,Mammalia,Primates,Primates,Hominidae,Cercopithecidae,Pongo,Cercopithecus,Mammalia,same_order,28.82,28820000.0,TimeTree API pairwise summaryjson,83.0,26.8,30.6,Pongo pygmaeus,Cercopithecus diana,32,6,192,-0.1112783463311135,-0.11174110450472216,1.4596939764779706
Bornean Orangutan (Pongo pygmaeus),Drill (Mandrillus leucophaeus),Mammalia,Mammalia,Primates,Primates,Hominidae,Cercopithecidae,Pongo,Mandrillus,Mammalia,same_order,28.82,28820000.0,TimeTree API pairwise summaryjson,83.0,26.8,30.6,Mandrillus leucophaeus,Pongo pygmaeus,32,7,224,0.09671567690696867,0.09701893771311587,1.4596939764779706
Bornean Orangutan (Pongo pygmaeus),Eastern Gorilla (Gorilla beringei),Mammalia,Mammalia,Primates,Primates,Hominidae,Hominidae,Pongo,Gorilla,Mammalia,same_family,15.2,15200000.0,TimeTree API pairwise summaryjson,72.0,14.5,16.3,Gorilla beringei,Pongo pygmaeus,32,3,96,0.1889850094769669,0.1912843754975243,1.1818435879447726
Bornean Orangutan (Pongo pygmaeus),Egyptian fruit bat (Rousettus aegyptiacus),Mammalia,Mammalia,Primates,Chiroptera,Hominidae,Pteropodidae,Pongo,Rousettus,Mammalia,same_class,94.0,94000000.0,TimeTree API pairwise summaryjson,63.0,91.5,97.4,Rousettus aegyptiacus,Pongo pygmaeus,32,5,160,0.24826964490697417,0.25356794896125007,1.9731278535996986
Bornean Orangutan (Pongo pygmaeus),European starling (Sturnus vulgaris),Mammalia,Aves,Primates,Passeriformes,Hominidae,Sturnidae,Pongo,Sturnus,Cross-class,cross_class,318.95,318950000.0,TimeTree API pairwise summaryjson,30.0,316.0,322.37,Sturnus vulgaris,Pongo pygmaeus,32,6,192,-0.08032670552772177,-0.08050014361009779,2.503722606486479
Bornean Orangutan (Pongo pygmaeus),Gelada (Theropithecus gelada),Mammalia,Mammalia,Primates,Primates,Hominidae,Cercopithecidae,Pongo,Theropithecus,Mammalia,same_order,28.82,28820000.0,TimeTree API pairwise summaryjson,83.0,26.8,30.6,Pongo pygmaeus,Theropithecus gelada,32,8,256,0.06892500727061487,0.06903446578784496,1.4596939764779706
Bornean Orangutan (Pongo pygmaeus),"Gibbons (Hylobates spp., Nomascus spp., Hoolock spp.)",Mammalia,Mammalia,Primates,Primates,Hominidae,Hylobatidae,Pongo,,Mammalia,same_order,19.45714,19457140.0,TimeTree API pairwise summaryjson,64.0,18.8,20.3,Pongo pygmaeus,Hylobates,32,4,128,-0.06156647839680095,-0.0616444436216621,1.289079003789453
Bornean Orangutan (Pongo pygmaeus),Gray wolf (Canis lupus),Mammalia,Mammalia,Primates,Carnivora,Hominidae,Canidae,Pongo,Canis,Mammalia,same_class,94.0,94000000.0,TimeTree API pairwise summaryjson,63.0,91.5,97.4,Canis lupus,Pongo pygmaeus,32,5,160,-0.061326868146557904,-0.061403925246547746,1.9731278535996986
Bornean Orangutan (Pongo pygmaeus),Greater sac-winged bat (Saccopteryx bilineata),Mammalia,Mammalia,Primates,Chiroptera,Hominidae,Emballonuridae,Pongo,Saccopteryx,Mammalia,same_class,94.0,94000000.0,TimeTree API pairwise summaryjson,63.0,91.5,97.4,Saccopteryx bilineata,Pongo pygmaeus,32,5,160,-0.08997074674773005,-0.09021469579582629,1.9731278535996986
Bornean Orangutan (Pongo pygmaeus),Green tree frog (Hyla cinerea),Mammalia,Amphibia,Primates,Anura,Hominidae,Hylidae,Pongo,Hyla,Cross-class,cross_class,351.686545,351686545.0,TimeTree API pairwise summaryjson,32.0,348.4,355.7,Dryophytes cinereus,Pongo pygmaeus,32,7,224,0.17371090325884184,0.1754905061843735,2.546155753178947
Bornean Orangutan (Pongo pygmaeus),Howler monkey (Alouatta spp.),Mammalia,Mammalia,Primates,Primates,Hominidae,Atelidae,Pongo,Alouatta,Mammalia,same_order,42.9,42900000.0,TimeTree API pairwise summaryjson,68.0,40.0,44.2,Pongo pygmaeus,Alouatta,32,6,192,0.03519240867512372,0.0352069481463907,1.6324572921847242
Bornean Orangutan (Pongo pygmaeus),Indri (Indri indri),Mammalia,Mammalia,Primates,Primates,Hominidae,Indriidae,Pongo,Indri,Mammalia,same_order,73.75492,73754920.0,TimeTree API pairwise summaryjson,50.0,71.4,77.5,Pongo pygmaeus,Indri indri,32,6,192,0.24503123419025014,0.2501197588411342,1.867790996278425
Bornean Orangutan (Pongo pygmaeus),Japanese macaque (Macaca fuscata),Mammalia,Mammalia,Primates,Primates,Hominidae,Cercopithecidae,Pongo,Macaca,Mammalia,same_order,28.82,28820000.0,TimeTree API pairwise summaryjson,83.0,26.8,30.6,Pongo pygmaeus,Macaca fuscata,32,8,256,-0.019958296451402548,-0.019960947104944782,1.4596939764779706
Bornean Orangutan (Pongo pygmaeus),Japanese tit (Parus minor),Mammalia,Aves,Primates,Passeriformes,Hominidae,Paridae,Pongo,Parus,Cross-class,cross_class,318.95,318950000.0,TimeTree API pairwise summaryjson,30.0,316.0,322.37,Parus minor,Pongo pygmaeus,32,4,128,-0.20742193749454707,-0.2104758664573351,2.503722606486479
Bornean Orangutan (Pongo pygmaeus),Langurs (Semnopithecus spp. / Trachypithecus spp.),Mammalia,Mammalia,Primates,Primates,Hominidae,Cercopithecidae,Pongo,,Mammalia,same_order,28.82,28820000.0,TimeTree API pairwise summaryjson,83.0,26.8,30.6,Semnopithecus,Pongo pygmaeus,32,5,160,0.15104905868487054,0.15221381495784436,1.4596939764779706
Bornean Orangutan (Pongo pygmaeus),L’Hoest’s monkey (Allochrocebus lhoesti),Mammalia,Mammalia,Primates,Primates,Hominidae,Cercopithecidae,Pongo,Allochrocebus,Mammalia,same_order,28.82,28820000.0,TimeTree API pairwise summaryjson,83.0,26.8,30.6,Pongo pygmaeus,Allochrocebus lhoesti,32,7,224,0.2144891661368079,0.21787228902819758,1.4596939764779706
Bornean Orangutan (Pongo pygmaeus),Mandrill (Mandrillus sphinx),Mammalia,Mammalia,Primates,Primates,Hominidae,Cercopithecidae,Pongo,Mandrillus,Mammalia,same_order,28.82,28820000.0,TimeTree API pairwise summaryjson,83.0,26.8,30.6,Mandrillus sphinx,Pongo pygmaeus,32,7,224,0.11590216733114929,0.1164253742314034,1.4596939764779706
Bornean Orangutan (Pongo pygmaeus),Meerkat (Suricata suricatta),Mammalia,Mammalia,Primates,Carnivora,Hominidae,Herpestidae,Pongo,Suricata,Mammalia,same_class,94.0,94000000.0,TimeTree API pairwise summaryjson,63.0,91.5,97.4,Suricata suricatta,Pongo pygmaeus,32,7,224,-0.21758974490604377,-0.2211246694137382,1.9731278535996986
Bornean Orangutan (Pongo pygmaeus),Mona monkey (Cercopithecus mona),Mammalia,Mammalia,Primates,Primates,Hominidae,Cercopithecidae,Pongo,Cercopithecus,Mammalia,same_order,28.82,28820000.0,TimeTree API pairwise summaryjson,83.0,26.8,30.6,Pongo pygmaeus,Cercopithecus mona,32,6,192,0.06477289410310308,0.06486370831394066,1.4596939764779706
Bornean Orangutan (Pongo pygmaeus),Mouse lemurs (Microcebus spp.),Mammalia,Mammalia,Primates,Primates,Hominidae,Cheirogaleidae,Pongo,Microcebus,Mammalia,same_order,73.75492,73754920.0,TimeTree API pairwise summaryjson,50.0,71.4,77.5,Pongo pygmaeus,Microcebus,32,6,192,0.12220884507942512,0.12282275220506378,1.867790996278425
Bornean Orangutan (Pongo pygmaeus),Olive baboon (Papio anubis),Mammalia,Mammalia,Primates,Primates,Hominidae,Cercopithecidae,Pongo,Papio,Mammalia,same_order,28.82,28820000.0,TimeTree API pairwise summaryjson,83.0,26.8,30.6,Pongo pygmaeus,Papio anubis,32,14,448,-0.0043538775251668865,-0.004353905036542687,1.4596939764779706
Bornean Orangutan (Pongo pygmaeus),Patas monkey (Erythrocebus patas),Mammalia,Mammalia,Primates,Primates,Hominidae,Cercopithecidae,Pongo,Erythrocebus,Mammalia,same_order,28.82,28820000.0,TimeTree API pairwise summaryjson,83.0,26.8,30.6,Pongo pygmaeus,Erythrocebus patas,32,6,192,0.06405202678960135,0.0641398376544954,1.4596939764779706
Bornean Orangutan (Pongo pygmaeus),Plain-tailed wren (Pheugopedius euophrys),Mammalia,Aves,Primates,Passeriformes,Hominidae,Troglodytidae,Pongo,Pheugopedius,Cross-class,cross_class,318.95,318950000.0,TimeTree API pairwise summaryjson,30.0,316.0,322.37,Pheugopedius euophrys,Pongo pygmaeus,32,3,96,0.13812579215095544,0.1390144085252058,2.503722606486479
Bornean Orangutan (Pongo pygmaeus),Poison dart frogs (Dendrobatidae; various genera),Mammalia,Amphibia,Primates,Anura,Hominidae,Dendrobatidae,Pongo,,Cross-class,cross_class,351.686545,351686545.0,TimeTree API pairwise summaryjson,32.0,348.4,355.7,Dendrobatidae,Pongo pygmaeus,32,2,64,-0.07096347326488481,-0.07108295411333364,2.546155753178947
Bornean Orangutan (Pongo pygmaeus),Putty-nosed monkey (Cercopithecus nictitans),Mammalia,Mammalia,Primates,Primates,Hominidae,Cercopithecidae,Pongo,Cercopithecus,Mammalia,same_order,28.82,28820000.0,TimeTree API pairwise summaryjson,83.0,26.8,30.6,Pongo pygmaeus,Cercopithecus nictitans,32,7,224,0.05579974717325407,0.05585776852225218,1.4596939764779706
Bornean Orangutan (Pongo pygmaeus),Red colobus (Piliocolobus spp.),Mammalia,Mammalia,Primates,Primates,Hominidae,Cercopithecidae,Pongo,Piliocolobus,Mammalia,same_order,28.82,28820000.0,TimeTree API pairwise summaryjson,83.0,26.8,30.6,Piliocolobus,Pongo pygmaeus,32,5,160,0.22528990238216523,0.22922192910178732,1.4596939764779706
Bornean Orangutan (Pongo pygmaeus),Red-tailed monkey (Cercopithecus ascanius),Mammalia,Mammalia,Primates,Primates,Hominidae,Cercopithecidae,Pongo,Cercopithecus,Mammalia,same_order,28.82,28820000.0,TimeTree API pairwise summaryjson,83.0,26.8,30.6,Pongo pygmaeus,Cercopithecus ascanius,32,7,224,0.1328500343420816,0.13363997905251296,1.4596939764779706
Bornean Orangutan (Pongo pygmaeus),Rhesus macaque (Macaca mulatta),Mammalia,Mammalia,Primates,Primates,Hominidae,Cercopithecidae,Pongo,Macaca,Mammalia,same_order,28.82,28820000.0,TimeTree API pairwise summaryjson,83.0,26.8,30.6,Pongo pygmaeus,Macaca mulatta,32,8,256,-0.038726370068891784,-0.03874574723031484,1.4596939764779706
Bornean Orangutan (Pongo pygmaeus),Ring-tailed lemur (Lemur catta),Mammalia,Mammalia,Primates,Primates,Hominidae,Lemuridae,Pongo,Lemur,Mammalia,same_order,73.75492,73754920.0,TimeTree API pairwise summaryjson,50.0,71.4,77.5,Pongo pygmaeus,Lemur catta,32,6,192,0.1483022466432784,0.1494040544829028,1.867790996278425
Bornean Orangutan (Pongo pygmaeus),Siamang (Symphalangus syndactylus),Mammalia,Mammalia,Primates,Primates,Hominidae,Hylobatidae,Pongo,Symphalangus,Mammalia,same_order,19.45714,19457140.0,TimeTree API pairwise summaryjson,64.0,18.8,20.3,Pongo pygmaeus,Symphalangus syndactylus,32,4,128,0.3042345343196002,0.314179477486309,1.289079003789453
Bornean Orangutan (Pongo pygmaeus),Spotted hyena (Crocuta crocuta),Mammalia,Mammalia,Primates,Carnivora,Hominidae,Hyaenidae,Pongo,Crocuta,Mammalia,same_class,94.0,94000000.0,TimeTree API pairwise summaryjson,63.0,91.5,97.4,Crocuta crocuta,Pongo pygmaeus,32,6,192,0.027953615935659305,0.027960900379658548,1.9731278535996986
Bornean Orangutan (Pongo pygmaeus),Talapoin monkey (Miopithecus talapoin),Mammalia,Mammalia,Primates,Primates,Hominidae,Cercopithecidae,Pongo,Miopithecus,Mammalia,same_order,28.82,28820000.0,TimeTree API pairwise summaryjson,83.0,26.8,30.6,Pongo pygmaeus,Miopithecus talapoin,32,7,224,-0.011214420068295775,-0.011214890224289892,1.4596939764779706
Bornean Orangutan (Pongo pygmaeus),Tufted capuchin (Sapajus apella),Mammalia,Mammalia,Primates,Primates,Hominidae,Cebidae,Pongo,Sapajus,Mammalia,same_order,42.9,42900000.0,TimeTree API pairwise summaryjson,68.0,40.0,44.2,Pongo pygmaeus,Sapajus apella,32,8,256,0.10776047003217813,0.10818051688453241,1.6324572921847242
Bornean Orangutan (Pongo pygmaeus),Túngara frog (Engystomops pustulosus),Mammalia,Amphibia,Primates,Anura,Hominidae,Leptodactylidae,Pongo,Engystomops,Cross-class,cross_class,351.686545,351686545.0,TimeTree API pairwise summaryjson,32.0,348.4,355.7,Engystomops pustulosus,Pongo pygmaeus,32,3,96,0.11303421594314862,0.11351934311623722,2.546155753178947
Bornean Orangutan (Pongo pygmaeus),Vervet monkey (Chlorocebus pygerythrus),Mammalia,Mammalia,Primates,Primates,Hominidae,Cercopithecidae,Pongo,Chlorocebus,Mammalia,same_order,28.82,28820000.0,TimeTree API pairwise summaryjson,83.0,26.8,30.6,Pongo pygmaeus,Chlorocebus pygerythrus,32,8,256,-0.07463704684821276,-0.0747761051881136,1.4596939764779706
Bornean Orangutan (Pongo pygmaeus),Western Gorilla (Gorilla gorilla),Mammalia,Mammalia,Primates,Primates,Hominidae,Hominidae,Pongo,Gorilla,Mammalia,same_family,15.2,15200000.0,TimeTree API pairwise summaryjson,72.0,14.5,16.3,Gorilla gorilla,Pongo pygmaeus,32,9,288,0.36395721438723216,0.3814398180533431,1.1818435879447726
Bornean Orangutan (Pongo pygmaeus),White-browed sparrow-weaver (Plocepasser mahali),Mammalia,Aves,Primates,Passeriformes,Hominidae,Ploceidae,Pongo,Plocepasser,Cross-class,cross_class,318.95,318950000.0,TimeTree API pairwise summaryjson,30.0,316.0,322.37,Plocepasser mahali,Pongo pygmaeus,32,4,128,-0.01318070271470911,-0.013181466092838224,2.503722606486479
Bornean Orangutan (Pongo pygmaeus),Yellow baboon (Papio cynocephalus),Mammalia,Mammalia,Primates,Primates,Hominidae,Cercopithecidae,Pongo,Papio,Mammalia,same_order,28.82,28820000.0,TimeTree API pairwise summaryjson,83.0,26.8,30.6,Pongo pygmaeus,Papio cynocephalus,32,7,224,-0.035811237411089034,-0.03582655784555433,1.4596939764779706
Bornean Orangutan (Pongo pygmaeus),Zebra finch (Taeniopygia guttata),Mammalia,Aves,Primates,Passeriformes,Hominidae,Estrildidae,Pongo,Taeniopygia,Cross-class,cross_class,318.95,318950000.0,TimeTree API pairwise summaryjson,30.0,316.0,322.37,Pongo pygmaeus,Taeniopygia guttata,32,7,224,-0.29252635757484025,-0.3013268122908896,2.503722606486479
Brown lemurs (Eulemur spp.),Campbell's monkey (Cercopithecus campbelli),Mammalia,Mammalia,Primates,Primates,Lemuridae,Cercopithecidae,Eulemur,Cercopithecus,Mammalia,same_order,73.75492,73754920.0,TimeTree API pairwise summaryjson,50.0,71.4,77.5,Eulemur,Cercopithecus campbelli,5,7,35,0.11083583128482564,0.11129306345720645,1.867790996278425
Brown lemurs (Eulemur spp.),Carolina chickadee (Poecile carolinensis),Mammalia,Aves,Primates,Passeriformes,Lemuridae,Paridae,Eulemur,Poecile,Cross-class,cross_class,318.95,318950000.0,TimeTree API pairwise summaryjson,30.0,316.0,322.37,Poecile carolinensis,Eulemur,5,4,20,-0.09924659273534359,-0.09957438805549557,2.503722606486479
Brown lemurs (Eulemur spp.),Chacma baboon (Papio ursinus),Mammalia,Mammalia,Primates,Primates,Lemuridae,Cercopithecidae,Eulemur,Papio,Mammalia,same_order,73.75492,73754920.0,TimeTree API pairwise summaryjson,50.0,71.4,77.5,Eulemur,Papio ursinus,5,6,30,0.5566688941985988,0.6279932924647788,1.867790996278425
Brown lemurs (Eulemur spp.),Chestnut-crowned babbler (Pomatostomus ruficeps),Mammalia,Aves,Primates,Passeriformes,Lemuridae,Pomatostomidae,Eulemur,Pomatostomus,Cross-class,cross_class,318.95,318950000.0,TimeTree API pairwise summaryjson,30.0,316.0,322.37,Pomatostomus ruficeps,Eulemur,5,4,20,0.1752192887645422,0.17704624573087918,2.503722606486479
Brown lemurs (Eulemur spp.),Chimpanzee (Pan troglodytes),Mammalia,Mammalia,Primates,Primates,Lemuridae,Hominidae,Eulemur,Pan,Mammalia,same_order,73.75492,73754920.0,TimeTree API pairwise summaryjson,50.0,71.4,77.5,Pan troglodytes,Eulemur,5,13,65,0.03302013459627536,0.03303214339333708,1.867790996278425
Brown lemurs (Eulemur spp.),Common marmoset (Callithrix jacchus),Mammalia,Mammalia,Primates,Primates,Lemuridae,Callitrichidae,Eulemur,Callithrix,Mammalia,same_order,73.75492,73754920.0,TimeTree API pairwise summaryjson,50.0,71.4,77.5,Eulemur,Callithrix jacchus,5,8,40,0.5109890767718085,0.564067452996408,1.867790996278425
Brown lemurs (Eulemur spp.),Crowned monkey / Crowned guenon (Cercopithecus pogonias),Mammalia,Mammalia,Primates,Primates,Lemuridae,Cercopithecidae,Eulemur,Cercopithecus,Mammalia,same_order,73.75492,73754920.0,TimeTree API pairwise summaryjson,50.0,71.4,77.5,Eulemur,Cercopithecus pogonias,5,5,25,0.6745215989553656,0.8189933438454503,1.867790996278425
Brown lemurs (Eulemur spp.),De Brazza’s monkey (Cercopithecus neglectus),Mammalia,Mammalia,Primates,Primates,Lemuridae,Cercopithecidae,Eulemur,Cercopithecus,Mammalia,same_order,73.75492,73754920.0,TimeTree API pairwise summaryjson,50.0,71.4,77.5,Eulemur,Cercopithecus neglectus,5,7,35,0.5412535485352389,0.6059268463692852,1.867790996278425
Brown lemurs (Eulemur spp.),Diana monkey (Cercopithecus diana),Mammalia,Mammalia,Primates,Primates,Lemuridae,Cercopithecidae,Eulemur,Cercopithecus,Mammalia,same_order,73.75492,73754920.0,TimeTree API pairwise summaryjson,50.0,71.4,77.5,Eulemur,Cercopithecus diana,5,6,30,0.4450884865783737,0.4785585846495743,1.867790996278425
Brown lemurs (Eulemur spp.),Drill (Mandrillus leucophaeus),Mammalia,Mammalia,Primates,Primates,Lemuridae,Cercopithecidae,Eulemur,Mandrillus,Mammalia,same_order,73.75492,73754920.0,TimeTree API pairwise summaryjson,50.0,71.4,77.5,Mandrillus leucophaeus,Eulemur,5,7,35,0.618992177074483,0.7233696070940463,1.867790996278425
Brown lemurs (Eulemur spp.),Eastern Gorilla (Gorilla beringei),Mammalia,Mammalia,Primates,Primates,Lemuridae,Hominidae,Eulemur,Gorilla,Mammalia,same_order,73.75492,73754920.0,TimeTree API pairwise summaryjson,50.0,71.4,77.5,Gorilla beringei,Eulemur,5,3,15,0.2018745937087287,0.20468602122563068,1.867790996278425
Brown lemurs (Eulemur spp.),Egyptian fruit bat (Rousettus aegyptiacus),Mammalia,Mammalia,Primates,Chiroptera,Lemuridae,Pteropodidae,Eulemur,Rousettus,Mammalia,same_class,94.0,94000000.0,TimeTree API pairwise summaryjson,63.0,91.5,97.4,Rousettus aegyptiacus,Eulemur,5,5,25,0.5535388708301991,0.6234692050893255,1.9731278535996986
Brown lemurs (Eulemur spp.),European starling (Sturnus vulgaris),Mammalia,Aves,Primates,Passeriformes,Lemuridae,Sturnidae,Eulemur,Sturnus,Cross-class,cross_class,318.95,318950000.0,TimeTree API pairwise summaryjson,30.0,316.0,322.37,Sturnus vulgaris,Eulemur,5,6,30,0.42091854361683334,0.4488078254475037,2.503722606486479
Brown lemurs (Eulemur spp.),Gelada (Theropithecus gelada),Mammalia,Mammalia,Primates,Primates,Lemuridae,Cercopithecidae,Eulemur,Theropithecus,Mammalia,same_order,73.75492,73754920.0,TimeTree API pairwise summaryjson,50.0,71.4,77.5,Eulemur,Theropithecus gelada,5,8,40,0.6092366892335409,0.7077066030528633,1.867790996278425
Brown lemurs (Eulemur spp.),"Gibbons (Hylobates spp., Nomascus spp., Hoolock spp.)",Mammalia,Mammalia,Primates,Primates,Lemuridae,Hylobatidae,Eulemur,,Mammalia,same_order,73.75492,73754920.0,TimeTree API pairwise summaryjson,50.0,71.4,77.5,Hylobates,Eulemur,5,4,20,0.3034780589526484,0.31334605311741337,1.867790996278425
Brown lemurs (Eulemur spp.),Gray wolf (Canis lupus),Mammalia,Mammalia,Primates,Carnivora,Lemuridae,Canidae,Eulemur,Canis,Mammalia,same_class,94.0,94000000.0,TimeTree API pairwise summaryjson,63.0,91.5,97.4,Canis lupus,Eulemur,5,5,25,0.11396204970054075,0.11445928511399024,1.9731278535996986
Brown lemurs (Eulemur spp.),Greater sac-winged bat (Saccopteryx bilineata),Mammalia,Mammalia,Primates,Chiroptera,Lemuridae,Emballonuridae,Eulemur,Saccopteryx,Mammalia,same_class,94.0,94000000.0,TimeTree API pairwise summaryjson,63.0,91.5,97.4,Saccopteryx bilineata,Eulemur,5,5,25,0.30204065494827903,0.3117635955626027,1.9731278535996986
Brown lemurs (Eulemur spp.),Green tree frog (Hyla cinerea),Mammalia,Amphibia,Primates,Anura,Lemuridae,Hylidae,Eulemur,Hyla,Cross-class,cross_class,351.686545,351686545.0,TimeTree API pairwise summaryjson,32.0,348.4,355.7,Dryophytes cinereus,Eulemur,5,7,35,0.2664283887397825,0.27301535142517236,2.546155753178947
Brown lemurs (Eulemur spp.),Howler monkey (Alouatta spp.),Mammalia,Mammalia,Primates,Primates,Lemuridae,Atelidae,Eulemur,Alouatta,Mammalia,same_order,73.75492,73754920.0,TimeTree API pairwise summaryjson,50.0,71.4,77.5,Eulemur,Alouatta,5,6,30,0.4041913599155482,0.4286486648540303,1.867790996278425
Brown lemurs (Eulemur spp.),Indri (Indri indri),Mammalia,Mammalia,Primates,Primates,Lemuridae,Indriidae,Eulemur,Indri,Mammalia,same_order,36.0,36000000.0,TimeTree API pairwise summaryjson,21.0,33.0,39.33,Eulemur,Indri indri,5,6,30,0.7079470293356205,0.8830560841985281,1.5563025007672873
Brown lemurs (Eulemur spp.),Japanese macaque (Macaca fuscata),Mammalia,Mammalia,Primates,Primates,Lemuridae,Cercopithecidae,Eulemur,Macaca,Mammalia,same_order,73.75492,73754920.0,TimeTree API pairwise summaryjson,50.0,71.4,77.5,Eulemur,Macaca fuscata,5,8,40,0.470263254670764,0.5104082861643033,1.867790996278425
Brown lemurs (Eulemur spp.),Japanese tit (Parus minor),Mammalia,Aves,Primates,Passeriformes,Lemuridae,Paridae,Eulemur,Parus,Cross-class,cross_class,318.95,318950000.0,TimeTree API pairwise summaryjson,30.0,316.0,322.37,Parus minor,Eulemur,5,4,20,0.14110334430580887,0.14205115607669846,2.503722606486479
Brown lemurs (Eulemur spp.),Langurs (Semnopithecus spp. / Trachypithecus spp.),Mammalia,Mammalia,Primates,Primates,Lemuridae,Cercopithecidae,Eulemur,,Mammalia,same_order,73.75492,73754920.0,TimeTree API pairwise summaryjson,50.0,71.4,77.5,Semnopithecus,Eulemur,5,5,25,0.7597995740063795,0.9957407600011385,1.867790996278425
Brown lemurs (Eulemur spp.),L’Hoest’s monkey (Allochrocebus lhoesti),Mammalia,Mammalia,Primates,Primates,Lemuridae,Cercopithecidae,Eulemur,Allochrocebus,Mammalia,same_order,73.75492,73754920.0,TimeTree API pairwise summaryjson,50.0,71.4,77.5,Eulemur,Allochrocebus lhoesti,5,7,35,0.5547918628265635,0.625277534289779,1.867790996278425
Brown lemurs (Eulemur spp.),Mandrill (Mandrillus sphinx),Mammalia,Mammalia,Primates,Primates,Lemuridae,Cercopithecidae,Eulemur,Mandrillus,Mammalia,same_order,73.75492,73754920.0,TimeTree API pairwise summaryjson,50.0,71.4,77.5,Mandrillus sphinx,Eulemur,5,7,35,0.6047491891494821,0.7006011136675261,1.867790996278425
Brown lemurs (Eulemur spp.),Meerkat (Suricata suricatta),Mammalia,Mammalia,Primates,Carnivora,Lemuridae,Herpestidae,Eulemur,Suricata,Mammalia,same_class,94.0,94000000.0,TimeTree API pairwise summaryjson,63.0,91.5,97.4,Suricata suricatta,Eulemur,5,7,35,-0.03970244139853492,-0.039723321922709005,1.9731278535996986
Brown lemurs (Eulemur spp.),Mona monkey (Cercopithecus mona),Mammalia,Mammalia,Primates,Primates,Lemuridae,Cercopithecidae,Eulemur,Cercopithecus,Mammalia,same_order,73.75492,73754920.0,TimeTree API pairwise summaryjson,50.0,71.4,77.5,Eulemur,Cercopithecus mona,5,6,30,0.6661541051402546,0.8037969123331161,1.867790996278425
Brown lemurs (Eulemur spp.),Mouse lemurs (Microcebus spp.),Mammalia,Mammalia,Primates,Primates,Lemuridae,Cheirogaleidae,Eulemur,Microcebus,Mammalia,same_order,36.0,36000000.0,TimeTree API pairwise summaryjson,21.0,33.0,39.33,Eulemur,Microcebus,5,6,30,0.5023022308553692,0.5523805137511203,1.5563025007672873
Brown lemurs (Eulemur spp.),Olive baboon (Papio anubis),Mammalia,Mammalia,Primates,Primates,Lemuridae,Cercopithecidae,Eulemur,Papio,Mammalia,same_order,73.75492,73754920.0,TimeTree API pairwise summaryjson,50.0,71.4,77.5,Eulemur,Papio anubis,5,14,70,0.47828172438980104,0.5207539774750563,1.867790996278425
Brown lemurs (Eulemur spp.),Patas monkey (Erythrocebus patas),Mammalia,Mammalia,Primates,Primates,Lemuridae,Cercopithecidae,Eulemur,Erythrocebus,Mammalia,same_order,73.75492,73754920.0,TimeTree API pairwise summaryjson,50.0,71.4,77.5,Eulemur,Erythrocebus patas,5,6,30,0.643114990720135,0.7634677384089018,1.867790996278425
Brown lemurs (Eulemur spp.),Plain-tailed wren (Pheugopedius euophrys),Mammalia,Aves,Primates,Passeriformes,Lemuridae,Troglodytidae,Eulemur,Pheugopedius,Cross-class,cross_class,318.95,318950000.0,TimeTree API pairwise summaryjson,30.0,316.0,322.37,Pheugopedius euophrys,Eulemur,5,3,15,0.32697404021988313,0.33943628462866143,2.503722606486479
Brown lemurs (Eulemur spp.),Poison dart frogs (Dendrobatidae; various genera),Mammalia,Amphibia,Primates,Anura,Lemuridae,Dendrobatidae,Eulemur,,Cross-class,cross_class,351.686545,351686545.0,TimeTree API pairwise summaryjson,32.0,348.4,355.7,Dendrobatidae,Eulemur,5,2,10,-0.31491120160233055,-0.3259879762376127,2.546155753178947
Brown lemurs (Eulemur spp.),Putty-nosed monkey (Cercopithecus nictitans),Mammalia,Mammalia,Primates,Primates,Lemuridae,Cercopithecidae,Eulemur,Cercopithecus,Mammalia,same_order,73.75492,73754920.0,TimeTree API pairwise summaryjson,50.0,71.4,77.5,Eulemur,Cercopithecus nictitans,5,7,35,0.32046871196219257,0.33216937958200743,1.867790996278425
Brown lemurs (Eulemur spp.),Red colobus (Piliocolobus spp.),Mammalia,Mammalia,Primates,Primates,Lemuridae,Cercopithecidae,Eulemur,Piliocolobus,Mammalia,same_order,73.75492,73754920.0,TimeTree API pairwise summaryjson,50.0,71.4,77.5,Piliocolobus,Eulemur,5,5,25,0.6352730524838655,0.7502080446687672,1.867790996278425
Brown lemurs (Eulemur spp.),Red-tailed monkey (Cercopithecus ascanius),Mammalia,Mammalia,Primates,Primates,Lemuridae,Cercopithecidae,Eulemur,Cercopithecus,Mammalia,same_order,73.75492,73754920.0,TimeTree API pairwise summaryjson,50.0,71.4,77.5,Eulemur,Cercopithecus ascanius,5,7,35,0.4893311988207244,0.535180598420617,1.867790996278425
Brown lemurs (Eulemur spp.),Rhesus macaque (Macaca mulatta),Mammalia,Mammalia,Primates,Primates,Lemuridae,Cercopithecidae,Eulemur,Macaca,Mammalia,same_order,73.75492,73754920.0,TimeTree API pairwise summaryjson,50.0,71.4,77.5,Eulemur,Macaca mulatta,5,8,40,0.47097399017264346,0.5113212200740958,1.867790996278425
Brown lemurs (Eulemur spp.),Ring-tailed lemur (Lemur catta),Mammalia,Mammalia,Primates,Primates,Lemuridae,Lemuridae,Eulemur,Lemur,Mammalia,same_family,19.73,19730000.0,TimeTree API pairwise summaryjson,17.0,14.668,21.94079,Eulemur,Lemur catta,5,6,30,0.7026101320070246,0.8724368797537005,1.2951270852521912
Brown lemurs (Eulemur spp.),Siamang (Symphalangus syndactylus),Mammalia,Mammalia,Primates,Primates,Lemuridae,Hylobatidae,Eulemur,Symphalangus,Mammalia,same_order,73.75492,73754920.0,TimeTree API pairwise summaryjson,50.0,71.4,77.5,Symphalangus syndactylus,Eulemur,5,4,20,0.39139689234428093,0.41344856816320597,1.867790996278425
Brown lemurs (Eulemur spp.),Spotted hyena (Crocuta crocuta),Mammalia,Mammalia,Primates,Carnivora,Lemuridae,Hyaenidae,Eulemur,Crocuta,Mammalia,same_class,94.0,94000000.0,TimeTree API pairwise summaryjson,63.0,91.5,97.4,Crocuta crocuta,Eulemur,5,6,30,0.23414788104213174,0.23857347057156433,1.9731278535996986
Brown lemurs (Eulemur spp.),Talapoin monkey (Miopithecus talapoin),Mammalia,Mammalia,Primates,Primates,Lemuridae,Cercopithecidae,Eulemur,Miopithecus,Mammalia,same_order,73.75492,73754920.0,TimeTree API pairwise summaryjson,50.0,71.4,77.5,Eulemur,Miopithecus talapoin,5,7,35,0.4160577947505681,0.4429150373027649,1.867790996278425
Brown lemurs (Eulemur spp.),Tufted capuchin (Sapajus apella),Mammalia,Mammalia,Primates,Primates,Lemuridae,Cebidae,Eulemur,Sapajus,Mammalia,same_order,73.75492,73754920.0,TimeTree API pairwise summaryjson,50.0,71.4,77.5,Eulemur,Sapajus apella,5,8,40,0.6350311602385014,0.7498025809889081,1.867790996278425
Brown lemurs (Eulemur spp.),Túngara frog (Engystomops pustulosus),Mammalia,Amphibia,Primates,Anura,Lemuridae,Leptodactylidae,Eulemur,Engystomops,Cross-class,cross_class,351.686545,351686545.0,TimeTree API pairwise summaryjson,32.0,348.4,355.7,Engystomops pustulosus,Eulemur,5,3,15,0.0162525550653089,0.01625398630549387,2.546155753178947
Brown lemurs (Eulemur spp.),Vervet monkey (Chlorocebus pygerythrus),Mammalia,Mammalia,Primates,Primates,Lemuridae,Cercopithecidae,Eulemur,Chlorocebus,Mammalia,same_order,73.75492,73754920.0,TimeTree API pairwise summaryjson,50.0,71.4,77.5,Eulemur,Chlorocebus pygerythrus,5,8,40,0.43643575020147446,0.46781940232471775,1.867790996278425
Brown lemurs (Eulemur spp.),Western Gorilla (Gorilla gorilla),Mammalia,Mammalia,Primates,Primates,Lemuridae,Hominidae,Eulemur,Gorilla,Mammalia,same_order,73.75492,73754920.0,TimeTree API pairwise summaryjson,50.0,71.4,77.5,Gorilla gorilla,Eulemur,5,9,45,0.4947489539697081,0.5423290606770715,1.867790996278425
Brown lemurs (Eulemur spp.),White-browed sparrow-weaver (Plocepasser mahali),Mammalia,Aves,Primates,Passeriformes,Lemuridae,Ploceidae,Eulemur,Plocepasser,Cross-class,cross_class,318.95,318950000.0,TimeTree API pairwise summaryjson,30.0,316.0,322.37,Plocepasser mahali,Eulemur,5,4,20,0.4661368129634234,0.5051232999975867,2.503722606486479
Brown lemurs (Eulemur spp.),Yellow baboon (Papio cynocephalus),Mammalia,Mammalia,Primates,Primates,Lemuridae,Cercopithecidae,Eulemur,Papio,Mammalia,same_order,73.75492,73754920.0,TimeTree API pairwise summaryjson,50.0,71.4,77.5,Eulemur,Papio cynocephalus,5,7,35,0.4313373453769263,0.4615385542978638,1.867790996278425
Brown lemurs (Eulemur spp.),Zebra finch (Taeniopygia guttata),Mammalia,Aves,Primates,Passeriformes,Lemuridae,Estrildidae,Eulemur,Taeniopygia,Cross-class,cross_class,318.95,318950000.0,TimeTree API pairwise summaryjson,30.0,316.0,322.37,Eulemur,Taeniopygia guttata,5,7,35,-0.15800240606502564,-0.1593372896141558,2.503722606486479
Campbell's monkey (Cercopithecus campbelli),Carolina chickadee (Poecile carolinensis),Mammalia,Aves,Primates,Passeriformes,Cercopithecidae,Paridae,Cercopithecus,Poecile,Cross-class,cross_class,318.95,318950000.0,TimeTree API pairwise summaryjson,30.0,316.0,322.37,Poecile carolinensis,Cercopithecus campbelli,7,4,28,-0.006293333155158206,-0.006293416241805499,2.503722606486479
Campbell's monkey (Cercopithecus campbelli),Chacma baboon (Papio ursinus),Mammalia,Mammalia,Primates,Primates,Cercopithecidae,Cercopithecidae,Cercopithecus,Papio,Mammalia,same_family,12.32716,12327160.0,TimeTree API pairwise summaryjson,28.0,11.5,13.0889,Cercopithecus campbelli,Papio ursinus,7,6,42,0.2686225750022239,0.2753786822390675,1.0908630329301952
Campbell's monkey (Cercopithecus campbelli),Chestnut-crowned babbler (Pomatostomus ruficeps),Mammalia,Aves,Primates,Passeriformes,Cercopithecidae,Pomatostomidae,Cercopithecus,Pomatostomus,Cross-class,cross_class,318.95,318950000.0,TimeTree API pairwise summaryjson,30.0,316.0,322.37,Pomatostomus ruficeps,Cercopithecus campbelli,7,4,28,-0.05479539186673058,-0.054850332570999666,2.503722606486479
Campbell's monkey (Cercopithecus campbelli),Chimpanzee (Pan troglodytes),Mammalia,Mammalia,Primates,Primates,Cercopithecidae,Hominidae,Cercopithecus,Pan,Mammalia,same_order,28.82,28820000.0,TimeTree API pairwise summaryjson,83.0,26.8,30.6,Pan troglodytes,Cercopithecus campbelli,7,13,91,0.16818041870579992,0.16979352581463777,1.4596939764779706
Campbell's monkey (Cercopithecus campbelli),Common marmoset (Callithrix jacchus),Mammalia,Mammalia,Primates,Primates,Cercopithecidae,Callitrichidae,Cercopithecus,Callithrix,Mammalia,same_order,42.9,42900000.0,TimeTree API pairwise summaryjson,68.0,40.0,44.2,Cercopithecus campbelli,Callithrix jacchus,7,8,56,-0.015426799714696921,-0.015428023677694169,1.6324572921847242
Campbell's monkey (Cercopithecus campbelli),Crowned monkey / Crowned guenon (Cercopithecus pogonias),Mammalia,Mammalia,Primates,Primates,Cercopithecidae,Cercopithecidae,Cercopithecus,Cercopithecus,Mammalia,same_genus,5.091342,5091342.0,TimeTree API pairwise summaryjson,5.0,0.0,0.0,Cercopithecus campbelli,Cercopithecus pogonias,7,5,35,0.20525891299052518,0.20821665175212542,0.7068322708193359
Campbell's monkey (Cercopithecus campbelli),De Brazza’s monkey (Cercopithecus neglectus),Mammalia,Mammalia,Primates,Primates,Cercopithecidae,Cercopithecidae,Cercopithecus,Cercopithecus,Mammalia,same_genus,8.61071,8610710.0,TimeTree API pairwise summaryjson,5.0,7.0046,11.448,Cercopithecus campbelli,Cercopithecus neglectus,7,7,49,0.18823826720002781,0.190510088419699,0.9350389628786571
Campbell's monkey (Cercopithecus campbelli),Diana monkey (Cercopithecus diana),Mammalia,Mammalia,Primates,Primates,Cercopithecidae,Cercopithecidae,Cercopithecus,Cercopithecus,Mammalia,same_genus,8.61071,8610710.0,TimeTree API pairwise summaryjson,5.0,7.0046,11.448,Cercopithecus campbelli,Cercopithecus diana,7,6,42,0.28700936289401785,0.2953040969530905,0.9350389628786571
Campbell's monkey (Cercopithecus campbelli),Drill (Mandrillus leucophaeus),Mammalia,Mammalia,Primates,Primates,Cercopithecidae,Cercopithecidae,Cercopithecus,Mandrillus,Mammalia,same_family,12.32716,12327160.0,TimeTree API pairwise summaryjson,28.0,11.5,13.0889,Mandrillus leucophaeus,Cercopithecus campbelli,7,7,49,0.11186349802278393,0.11233363203877293,1.0908630329301952
Campbell's monkey (Cercopithecus campbelli),Eastern Gorilla (Gorilla beringei),Mammalia,Mammalia,Primates,Primates,Cercopithecidae,Hominidae,Cercopithecus,Gorilla,Mammalia,same_order,28.82,28820000.0,TimeTree API pairwise summaryjson,83.0,26.8,30.6,Gorilla beringei,Cercopithecus campbelli,7,3,21,-0.3652982808130786,-0.3829865247598228,1.4596939764779706
Campbell's monkey (Cercopithecus campbelli),Egyptian fruit bat (Rousettus aegyptiacus),Mammalia,Mammalia,Primates,Chiroptera,Cercopithecidae,Pteropodidae,Cercopithecus,Rousettus,Mammalia,same_class,94.0,94000000.0,TimeTree API pairwise summaryjson,63.0,91.5,97.4,Rousettus aegyptiacus,Cercopithecus campbelli,7,5,35,0.11134458882374712,0.11180817805495533,1.9731278535996986
Campbell's monkey (Cercopithecus campbelli),European starling (Sturnus vulgaris),Mammalia,Aves,Primates,Passeriformes,Cercopithecidae,Sturnidae,Cercopithecus,Sturnus,Cross-class,cross_class,318.95,318950000.0,TimeTree API pairwise summaryjson,30.0,316.0,322.37,Sturnus vulgaris,Cercopithecus campbelli,7,6,42,0.12780336196750083,0.1285060957734141,2.503722606486479
Campbell's monkey (Cercopithecus campbelli),Gelada (Theropithecus gelada),Mammalia,Mammalia,Primates,Primates,Cercopithecidae,Cercopithecidae,Cercopithecus,Theropithecus,Mammalia,same_family,12.32716,12327160.0,TimeTree API pairwise summaryjson,28.0,11.5,13.0889,Cercopithecus campbelli,Theropithecus gelada,7,8,56,0.09082756076683614,0.09107856945108171,1.0908630329301952
Campbell's monkey (Cercopithecus campbelli),"Gibbons (Hylobates spp., Nomascus spp., Hoolock spp.)",Mammalia,Mammalia,Primates,Primates,Cercopithecidae,Hylobatidae,Cercopithecus,,Mammalia,same_order,28.82,28820000.0,TimeTree API pairwise summaryjson,83.0,26.8,30.6,Hylobates,Cercopithecus campbelli,7,4,28,0.14256865362885499,0.14354654918629942,1.4596939764779706
Campbell's monkey (Cercopithecus campbelli),Gray wolf (Canis lupus),Mammalia,Mammalia,Primates,Carnivora,Cercopithecidae,Canidae,Cercopithecus,Canis,Mammalia,same_class,94.0,94000000.0,TimeTree API pairwise summaryjson,63.0,91.5,97.4,Canis lupus,Cercopithecus campbelli,7,5,35,0.00028854380230139827,0.000288543810309213,1.9731278535996986
Campbell's monkey (Cercopithecus campbelli),Greater sac-winged bat (Saccopteryx bilineata),Mammalia,Mammalia,Primates,Chiroptera,Cercopithecidae,Emballonuridae,Cercopithecus,Saccopteryx,Mammalia,same_class,94.0,94000000.0,TimeTree API pairwise summaryjson,63.0,91.5,97.4,Saccopteryx bilineata,Cercopithecus campbelli,7,5,35,-0.20607025444449512,-0.20906382701303375,1.9731278535996986
Campbell's monkey (Cercopithecus campbelli),Green tree frog (Hyla cinerea),Mammalia,Amphibia,Primates,Anura,Cercopithecidae,Hylidae,Cercopithecus,Hyla,Cross-class,cross_class,351.686545,351686545.0,TimeTree API pairwise summaryjson,32.0,348.4,355.7,Dryophytes cinereus,Cercopithecus campbelli,7,7,49,-0.10469982464307251,-0.10508493581855119,2.546155753178947
Campbell's monkey (Cercopithecus campbelli),Howler monkey (Alouatta spp.),Mammalia,Mammalia,Primates,Primates,Cercopithecidae,Atelidae,Cercopithecus,Alouatta,Mammalia,same_order,42.9,42900000.0,TimeTree API pairwise summaryjson,68.0,40.0,44.2,Cercopithecus campbelli,Alouatta,7,6,42,-0.15155742974164355,-0.1527340966651955,1.6324572921847242
Campbell's monkey (Cercopithecus campbelli),Indri (Indri indri),Mammalia,Mammalia,Primates,Primates,Cercopithecidae,Indriidae,Cercopithecus,Indri,Mammalia,same_order,73.75492,73754920.0,TimeTree API pairwise summaryjson,50.0,71.4,77.5,Indri indri,Cercopithecus campbelli,7,6,42,0.4266104265858159,0.4557456045102286,1.867790996278425
Campbell's monkey (Cercopithecus campbelli),Japanese macaque (Macaca fuscata),Mammalia,Mammalia,Primates,Primates,Cercopithecidae,Cercopithecidae,Cercopithecus,Macaca,Mammalia,same_family,12.32716,12327160.0,TimeTree API pairwise summaryjson,28.0,11.5,13.0889,Macaca fuscata,Cercopithecus campbelli,7,8,56,-0.05223218721351657,-0.052279765094155294,1.0908630329301952
Campbell's monkey (Cercopithecus campbelli),Japanese tit (Parus minor),Mammalia,Aves,Primates,Passeriformes,Cercopithecidae,Paridae,Cercopithecus,Parus,Cross-class,cross_class,318.95,318950000.0,TimeTree API pairwise summaryjson,30.0,316.0,322.37,Parus minor,Cercopithecus campbelli,7,4,28,-0.40873345261794325,-0.43408969630487754,2.503722606486479
Campbell's monkey (Cercopithecus campbelli),Langurs (Semnopithecus spp. / Trachypithecus spp.),Mammalia,Mammalia,Primates,Primates,Cercopithecidae,Cercopithecidae,Cercopithecus,,Mammalia,same_family,17.755,17755000.0,TimeTree API pairwise summaryjson,29.0,15.5,19.8,Semnopithecus,Cercopithecus campbelli,7,5,35,-0.04297169921369734,-0.04299817859707883,1.2493206766376344
Campbell's monkey (Cercopithecus campbelli),L’Hoest’s monkey (Allochrocebus lhoesti),Mammalia,Mammalia,Primates,Primates,Cercopithecidae,Cercopithecidae,Cercopithecus,Allochrocebus,Mammalia,same_family,5.5541,5554100.0,TimeTree API pairwise summaryjson,7.0,4.8,9.02845,Cercopithecus campbelli,Allochrocebus lhoesti,7,7,49,0.23236441534554686,0.23668738532141587,0.744613694833976
Campbell's monkey (Cercopithecus campbelli),Mandrill (Mandrillus sphinx),Mammalia,Mammalia,Primates,Primates,Cercopithecidae,Cercopithecidae,Cercopithecus,Mandrillus,Mammalia,same_family,12.32716,12327160.0,TimeTree API pairwise summaryjson,28.0,11.5,13.0889,Mandrillus sphinx,Cercopithecus campbelli,7,7,49,0.08939781921882806,0.0896371226736922,1.0908630329301952
Campbell's monkey (Cercopithecus campbelli),Meerkat (Suricata suricatta),Mammalia,Mammalia,Primates,Carnivora,Cercopithecidae,Herpestidae,Cercopithecus,Suricata,Mammalia,same_class,94.0,94000000.0,TimeTree API pairwise summaryjson,63.0,91.5,97.4,Suricata suricatta,Cercopithecus campbelli,7,7,49,0.2809065715502401,0.2886660368749357,1.9731278535996986
Campbell's monkey (Cercopithecus campbelli),Mona monkey (Cercopithecus mona),Mammalia,Mammalia,Primates,Primates,Cercopithecidae,Cercopithecidae,Cercopithecus,Cercopithecus,Mammalia,same_genus,8.61071,8610710.0,TimeTree API pairwise summaryjson,5.0,7.0046,11.448,Cercopithecus campbelli,Cercopithecus mona,7,6,42,0.15936388077934788,0.16073393250947657,0.9350389628786571
Campbell's monkey (Cercopithecus campbelli),Mouse lemurs (Microcebus spp.),Mammalia,Mammalia,Primates,Primates,Cercopithecidae,Cheirogaleidae,Cercopithecus,Microcebus,Mammalia,same_order,73.75492,73754920.0,TimeTree API pairwise summaryjson,50.0,71.4,77.5,Cercopithecus campbelli,Microcebus,7,6,42,0.08171683501466341,0.0818994591734974,1.867790996278425
Campbell's monkey (Cercopithecus campbelli),Olive baboon (Papio anubis),Mammalia,Mammalia,Primates,Primates,Cercopithecidae,Cercopithecidae,Cercopithecus,Papio,Mammalia,same_family,12.32716,12327160.0,TimeTree API pairwise summaryjson,28.0,11.5,13.0889,Cercopithecus campbelli,Papio anubis,7,14,98,-0.02125822346916866,-0.021261426620294965,1.0908630329301952
Campbell's monkey (Cercopithecus campbelli),Patas monkey (Erythrocebus patas),Mammalia,Mammalia,Primates,Primates,Cercopithecidae,Cercopithecidae,Cercopithecus,Erythrocebus,Mammalia,same_family,5.5541,5554100.0,TimeTree API pairwise summaryjson,7.0,4.8,9.02845,Cercopithecus campbelli,Erythrocebus patas,7,6,42,0.20228554875365884,0.20511447267310792,0.744613694833976
Campbell's monkey (Cercopithecus campbelli),Plain-tailed wren (Pheugopedius euophrys),Mammalia,Aves,Primates,Passeriformes,Cercopithecidae,Troglodytidae,Cercopithecus,Pheugopedius,Cross-class,cross_class,318.95,318950000.0,TimeTree API pairwise summaryjson,30.0,316.0,322.37,Pheugopedius euophrys,Cercopithecus campbelli,7,3,21,0.24295121949940404,0.2479080779884433,2.503722606486479
Campbell's monkey (Cercopithecus campbelli),Poison dart frogs (Dendrobatidae; various genera),Mammalia,Amphibia,Primates,Anura,Cercopithecidae,Dendrobatidae,Cercopithecus,,Cross-class,cross_class,351.686545,351686545.0,TimeTree API pairwise summaryjson,32.0,348.4,355.7,Dendrobatidae,Cercopithecus campbelli,7,2,14,-0.753166346937863,-0.980232066388748,2.546155753178947
Campbell's monkey (Cercopithecus campbelli),Putty-nosed monkey (Cercopithecus nictitans),Mammalia,Mammalia,Primates,Primates,Cercopithecidae,Cercopithecidae,Cercopithecus,Cercopithecus,Mammalia,same_genus,8.61071,8610710.0,TimeTree API pairwise summaryjson,5.0,7.0046,11.448,Cercopithecus campbelli,Cercopithecus nictitans,7,7,49,0.5380929665914187,0.6014674751062427,0.9350389628786571
Campbell's monkey (Cercopithecus campbelli),Red colobus (Piliocolobus spp.),Mammalia,Mammalia,Primates,Primates,Cercopithecidae,Cercopithecidae,Cercopithecus,Piliocolobus,Mammalia,same_family,17.755,17755000.0,TimeTree API pairwise summaryjson,29.0,15.5,19.8,Piliocolobus,Cercopithecus campbelli,7,5,35,-0.09776010082772221,-0.09807333124248803,1.2493206766376344
Campbell's monkey (Cercopithecus campbelli),Red-tailed monkey (Cercopithecus ascanius),Mammalia,Mammalia,Primates,Primates,Cercopithecidae,Cercopithecidae,Cercopithecus,Cercopithecus,Mammalia,same_genus,8.61071,8610710.0,TimeTree API pairwise summaryjson,5.0,7.0046,11.448,Cercopithecus campbelli,Cercopithecus ascanius,7,7,49,0.1424641440443933,0.14343987290795726,0.9350389628786571
Campbell's monkey (Cercopithecus campbelli),Rhesus macaque (Macaca mulatta),Mammalia,Mammalia,Primates,Primates,Cercopithecidae,Cercopithecidae,Cercopithecus,Macaca,Mammalia,same_family,12.32716,12327160.0,TimeTree API pairwise summaryjson,28.0,11.5,13.0889,Macaca mulatta,Cercopithecus campbelli,7,8,56,-0.08200347734410975,-0.08218803527802733,1.0908630329301952
Campbell's monkey (Cercopithecus campbelli),Ring-tailed lemur (Lemur catta),Mammalia,Mammalia,Primates,Primates,Cercopithecidae,Lemuridae,Cercopithecus,Lemur,Mammalia,same_order,73.75492,73754920.0,TimeTree API pairwise summaryjson,50.0,71.4,77.5,Cercopithecus campbelli,Lemur catta,7,6,42,0.17812738087904464,0.18004803653237028,1.867790996278425
Campbell's monkey (Cercopithecus campbelli),Siamang (Symphalangus syndactylus),Mammalia,Mammalia,Primates,Primates,Cercopithecidae,Hylobatidae,Cercopithecus,Symphalangus,Mammalia,same_order,28.82,28820000.0,TimeTree API pairwise summaryjson,83.0,26.8,30.6,Symphalangus syndactylus,Cercopithecus campbelli,7,4,28,0.08828247919030306,0.08851290959210259,1.4596939764779706
Campbell's monkey (Cercopithecus campbelli),Spotted hyena (Crocuta crocuta),Mammalia,Mammalia,Primates,Carnivora,Cercopithecidae,Hyaenidae,Cercopithecus,Crocuta,Mammalia,same_class,94.0,94000000.0,TimeTree API pairwise summaryjson,63.0,91.5,97.4,Crocuta crocuta,Cercopithecus campbelli,7,6,42,-0.25212746235977007,-0.2576833971224742,1.9731278535996986
Campbell's monkey (Cercopithecus campbelli),Talapoin monkey (Miopithecus talapoin),Mammalia,Mammalia,Primates,Primates,Cercopithecidae,Cercopithecidae,Cercopithecus,Miopithecus,Mammalia,same_family,8.859425,8859425.0,TimeTree API pairwise summaryjson,8.0,7.5516,12.946,Cercopithecus campbelli,Miopithecus talapoin,7,7,49,-0.07477038089605065,-0.07491018750193087,0.947405535946798
Campbell's monkey (Cercopithecus campbelli),Tufted capuchin (Sapajus apella),Mammalia,Mammalia,Primates,Primates,Cercopithecidae,Cebidae,Cercopithecus,Sapajus,Mammalia,same_order,42.9,42900000.0,TimeTree API pairwise summaryjson,68.0,40.0,44.2,Cercopithecus campbelli,Sapajus apella,7,8,56,0.12548714315939388,0.12615212038597964,1.6324572921847242
Campbell's monkey (Cercopithecus campbelli),Túngara frog (Engystomops pustulosus),Mammalia,Amphibia,Primates,Anura,Cercopithecidae,Leptodactylidae,Cercopithecus,Engystomops,Cross-class,cross_class,351.686545,351686545.0,TimeTree API pairwise summaryjson,32.0,348.4,355.7,Engystomops pustulosus,Cercopithecus campbelli,7,3,21,-0.5511810655827512,-0.6200761776228129,2.546155753178947
Campbell's monkey (Cercopithecus campbelli),Vervet monkey (Chlorocebus pygerythrus),Mammalia,Mammalia,Primates,Primates,Cercopithecidae,Cercopithecidae,Cercopithecus,Chlorocebus,Mammalia,same_family,7.38319,7383190.0,TimeTree API pairwise summaryjson,5.0,4.7293,13.8,Chlorocebus pygerythrus,Cercopithecus campbelli,7,8,56,-0.0010404605953468397,-0.0010404609708001508,0.8682440447586175
Campbell's monkey (Cercopithecus campbelli),Western Gorilla (Gorilla gorilla),Mammalia,Mammalia,Primates,Primates,Cercopithecidae,Hominidae,Cercopithecus,Gorilla,Mammalia,same_order,28.82,28820000.0,TimeTree API pairwise summaryjson,83.0,26.8,30.6,Gorilla gorilla,Cercopithecus campbelli,7,9,63,-0.15154112094990957,-0.15271740450148485,1.4596939764779706
Campbell's monkey (Cercopithecus campbelli),White-browed sparrow-weaver (Plocepasser mahali),Mammalia,Aves,Primates,Passeriformes,Cercopithecidae,Ploceidae,Cercopithecus,Plocepasser,Cross-class,cross_class,318.95,318950000.0,TimeTree API pairwise summaryjson,30.0,316.0,322.37,Plocepasser mahali,Cercopithecus campbelli,7,4,28,0.22469817765830985,0.22859865265747326,2.503722606486479
Campbell's monkey (Cercopithecus campbelli),Yellow baboon (Papio cynocephalus),Mammalia,Mammalia,Primates,Primates,Cercopithecidae,Cercopithecidae,Cercopithecus,Papio,Mammalia,same_family,12.32716,12327160.0,TimeTree API pairwise summaryjson,28.0,11.5,13.0889,Cercopithecus campbelli,Papio cynocephalus,7,7,49,-0.23702395317091418,-0.2416185493718254,1.0908630329301952
Campbell's monkey (Cercopithecus campbelli),Zebra finch (Taeniopygia guttata),Mammalia,Aves,Primates,Passeriformes,Cercopithecidae,Estrildidae,Cercopithecus,Taeniopygia,Cross-class,cross_class,318.95,318950000.0,TimeTree API pairwise summaryjson,30.0,316.0,322.37,Cercopithecus campbelli,Taeniopygia guttata,7,7,49,-0.265879828616877,-0.2724249698255452,2.503722606486479
Carolina chickadee (Poecile carolinensis),Chacma baboon (Papio ursinus),Aves,Mammalia,Passeriformes,Primates,Paridae,Cercopithecidae,Poecile,Papio,Cross-class,cross_class,318.95,318950000.0,TimeTree API pairwise summaryjson,30.0,316.0,322.37,Poecile carolinensis,Papio ursinus,4,6,24,0.1443264548978798,0.14534128152402268,2.503722606486479
Carolina chickadee (Poecile carolinensis),Chestnut-crowned babbler (Pomatostomus ruficeps),Aves,Aves,Passeriformes,Passeriformes,Paridae,Pomatostomidae,Poecile,Pomatostomus,Aves,same_order,35.0,35000000.0,coarse_taxonomic_heuristic,,,,,,4,4,16,0.4460756188596359,0.4797902576286769,1.5440680443502757
Carolina chickadee (Poecile carolinensis),Chimpanzee (Pan troglodytes),Aves,Mammalia,Passeriformes,Primates,Paridae,Hominidae,Poecile,Pan,Cross-class,cross_class,318.95,318950000.0,TimeTree API pairwise summaryjson,30.0,316.0,322.37,Poecile carolinensis,Pan troglodytes,4,13,52,-0.42416063810599813,-0.45275457853447154,2.503722606486479
Carolina chickadee (Poecile carolinensis),Common marmoset (Callithrix jacchus),Aves,Mammalia,Passeriformes,Primates,Paridae,Callitrichidae,Poecile,Callithrix,Cross-class,cross_class,318.95,318950000.0,TimeTree API pairwise summaryjson,30.0,316.0,322.37,Poecile carolinensis,Callithrix jacchus,4,8,32,0.17177939186375482,0.1734995831879822,2.503722606486479
Carolina chickadee (Poecile carolinensis),Crowned monkey / Crowned guenon (Cercopithecus pogonias),Aves,Mammalia,Passeriformes,Primates,Paridae,Cercopithecidae,Poecile,Cercopithecus,Cross-class,cross_class,318.95,318950000.0,TimeTree API pairwise summaryjson,30.0,316.0,322.37,Poecile carolinensis,Cercopithecus pogonias,4,5,20,0.05896164967323458,0.059030118804794675,2.503722606486479
Carolina chickadee (Poecile carolinensis),De Brazza’s monkey (Cercopithecus neglectus),Aves,Mammalia,Passeriformes,Primates,Paridae,Cercopithecidae,Poecile,Cercopithecus,Cross-class,cross_class,318.95,318950000.0,TimeTree API pairwise summaryjson,30.0,316.0,322.37,Poecile carolinensis,Cercopithecus neglectus,4,7,28,0.004833470420656476,0.004833508061732392,2.503722606486479
Carolina chickadee (Poecile carolinensis),Diana monkey (Cercopithecus diana),Aves,Mammalia,Passeriformes,Primates,Paridae,Cercopithecidae,Poecile,Cercopithecus,Cross-class,cross_class,318.95,318950000.0,TimeTree API pairwise summaryjson,30.0,316.0,322.37,Poecile carolinensis,Cercopithecus diana,4,6,24,-0.013599460410264575,-0.013600298888844932,2.503722606486479
Carolina chickadee (Poecile carolinensis),Drill (Mandrillus leucophaeus),Aves,Mammalia,Passeriformes,Primates,Paridae,Cercopithecidae,Poecile,Mandrillus,Cross-class,cross_class,318.95,318950000.0,TimeTree API pairwise summaryjson,30.0,316.0,322.37,Poecile carolinensis,Mandrillus leucophaeus,4,7,28,-0.31208740801377893,-0.3228564029580089,2.503722606486479
Carolina chickadee (Poecile carolinensis),Eastern Gorilla (Gorilla beringei),Aves,Mammalia,Passeriformes,Primates,Paridae,Hominidae,Poecile,Gorilla,Cross-class,cross_class,318.95,318950000.0,TimeTree API pairwise summaryjson,30.0,316.0,322.37,Poecile carolinensis,Gorilla beringei,4,3,12,0.060517340339544465,0.06059138163662756,2.503722606486479
Carolina chickadee (Poecile carolinensis),Egyptian fruit bat (Rousettus aegyptiacus),Aves,Mammalia,Passeriformes,Chiroptera,Paridae,Pteropodidae,Poecile,Rousettus,Cross-class,cross_class,318.95,318950000.0,TimeTree API pairwise summaryjson,30.0,316.0,322.37,Poecile carolinensis,Rousettus aegyptiacus,4,5,20,0.25391572895554254,0.2595939797272487,2.503722606486479
Carolina chickadee (Poecile carolinensis),European starling (Sturnus vulgaris),Aves,Aves,Passeriformes,Passeriformes,Paridae,Sturnidae,Poecile,Sturnus,Aves,same_order,29.793515,29793515.0,TimeTree API pairwise summaryjson,8.0,21.544868,36.99,Poecile carolinensis,Sturnus vulgaris,4,6,24,0.641895888451804,0.7613915620857857,1.474121743733689
Carolina chickadee (Poecile carolinensis),Gelada (Theropithecus gelada),Aves,Mammalia,Passeriformes,Primates,Paridae,Cercopithecidae,Poecile,Theropithecus,Cross-class,cross_class,318.95,318950000.0,TimeTree API pairwise summaryjson,30.0,316.0,322.37,Poecile carolinensis,Theropithecus gelada,4,8,32,-0.07374702772357032,-0.07388115981350506,2.503722606486479
Carolina chickadee (Poecile carolinensis),"Gibbons (Hylobates spp., Nomascus spp., Hoolock spp.)",Aves,Mammalia,Passeriformes,Primates,Paridae,Hylobatidae,Poecile,,Cross-class,cross_class,318.95,318950000.0,TimeTree API pairwise summaryjson,30.0,316.0,322.37,Poecile carolinensis,Hylobates,4,4,16,-0.2493985120925083,-0.2547713275856788,2.503722606486479
Carolina chickadee (Poecile carolinensis),Gray wolf (Canis lupus),Aves,Mammalia,Passeriformes,Carnivora,Paridae,Canidae,Poecile,Canis,Cross-class,cross_class,318.95,318950000.0,TimeTree API pairwise summaryjson,30.0,316.0,322.37,Poecile carolinensis,Canis lupus,4,5,20,-0.3274230238422551,-0.33993909900745206,2.503722606486479
Carolina chickadee (Poecile carolinensis),Greater sac-winged bat (Saccopteryx bilineata),Aves,Mammalia,Passeriformes,Chiroptera,Paridae,Emballonuridae,Poecile,Saccopteryx,Cross-class,cross_class,318.95,318950000.0,TimeTree API pairwise summaryjson,30.0,316.0,322.37,Poecile carolinensis,Saccopteryx bilineata,4,5,20,0.27040784304422205,0.27730378761943286,2.503722606486479
Carolina chickadee (Poecile carolinensis),Green tree frog (Hyla cinerea),Aves,Amphibia,Passeriformes,Anura,Paridae,Hylidae,Poecile,Hyla,Cross-class,cross_class,351.686545,351686545.0,TimeTree API pairwise summaryjson,32.0,348.4,355.7,Poecile carolinensis,Dryophytes cinereus,4,7,28,-0.2932048643078801,-0.3020689745144721,2.546155753178947
Carolina chickadee (Poecile carolinensis),Howler monkey (Alouatta spp.),Aves,Mammalia,Passeriformes,Primates,Paridae,Atelidae,Poecile,Alouatta,Cross-class,cross_class,318.95,318950000.0,TimeTree API pairwise summaryjson,30.0,316.0,322.37,Poecile carolinensis,Alouatta,4,6,24,-0.21435348377544536,-0.2177300678331469,2.503722606486479
Carolina chickadee (Poecile carolinensis),Indri (Indri indri),Aves,Mammalia,Passeriformes,Primates,Paridae,Indriidae,Poecile,Indri,Cross-class,cross_class,318.95,318950000.0,TimeTree API pairwise summaryjson,30.0,316.0,322.37,Poecile carolinensis,Indri indri,4,6,24,0.454345348375783,0.49016243826106876,2.503722606486479
Carolina chickadee (Poecile carolinensis),Japanese macaque (Macaca fuscata),Aves,Mammalia,Passeriformes,Primates,Paridae,Cercopithecidae,Poecile,Macaca,Cross-class,cross_class,318.95,318950000.0,TimeTree API pairwise summaryjson,30.0,316.0,322.37,Poecile carolinensis,Macaca fuscata,4,8,32,-0.09231280220616132,-0.09257637038286187,2.503722606486479
Carolina chickadee (Poecile carolinensis),Japanese tit (Parus minor),Aves,Aves,Passeriformes,Passeriformes,Paridae,Paridae,Poecile,Parus,Aves,same_family,10.77034,10770340.0,TimeTree API pairwise summaryjson,3.0,0.0,12.41,Poecile carolinensis,Parus minor,4,4,16,0.17038628528519223,0.17206447158319513,1.0322294133994803
Carolina chickadee (Poecile carolinensis),Langurs (Semnopithecus spp. / Trachypithecus spp.),Aves,Mammalia,Passeriformes,Primates,Paridae,Cercopithecidae,Poecile,,Cross-class,cross_class,318.95,318950000.0,TimeTree API pairwise summaryjson,30.0,316.0,322.37,Poecile carolinensis,Semnopithecus,4,5,20,-0.1509428340022527,-0.15210511186906042,2.503722606486479
Carolina chickadee (Poecile carolinensis),L’Hoest’s monkey (Allochrocebus lhoesti),Aves,Mammalia,Passeriformes,Primates,Paridae,Cercopithecidae,Poecile,Allochrocebus,Cross-class,cross_class,318.95,318950000.0,TimeTree API pairwise summaryjson,30.0,316.0,322.37,Poecile carolinensis,Allochrocebus lhoesti,4,7,28,-0.0008601584021411939,-0.0008601586142771304,2.503722606486479
Carolina chickadee (Poecile carolinensis),Mandrill (Mandrillus sphinx),Aves,Mammalia,Passeriformes,Primates,Paridae,Cercopithecidae,Poecile,Mandrillus,Cross-class,cross_class,318.95,318950000.0,TimeTree API pairwise summaryjson,30.0,316.0,322.37,Poecile carolinensis,Mandrillus sphinx,4,7,28,-0.17778102061298776,-0.17969034912565165,2.503722606486479
Carolina chickadee (Poecile carolinensis),Meerkat (Suricata suricatta),Aves,Mammalia,Passeriformes,Carnivora,Paridae,Herpestidae,Poecile,Suricata,Cross-class,cross_class,318.95,318950000.0,TimeTree API pairwise summaryjson,30.0,316.0,322.37,Poecile carolinensis,Suricata suricatta,4,7,28,0.1829859034230179,0.18507029958358523,2.503722606486479
Carolina chickadee (Poecile carolinensis),Mona monkey (Cercopithecus mona),Aves,Mammalia,Passeriformes,Primates,Paridae,Cercopithecidae,Poecile,Cercopithecus,Cross-class,cross_class,318.95,318950000.0,TimeTree API pairwise summaryjson,30.0,316.0,322.37,Poecile carolinensis,Cercopithecus mona,4,6,24,-0.016668127585778663,-0.016669671458867108,2.503722606486479
Carolina chickadee (Poecile carolinensis),Mouse lemurs (Microcebus spp.),Aves,Mammalia,Passeriformes,Primates,Paridae,Cheirogaleidae,Poecile,Microcebus,Cross-class,cross_class,318.95,318950000.0,TimeTree API pairwise summaryjson,30.0,316.0,322.37,Poecile carolinensis,Microcebus,4,6,24,-0.07062207918485316,-0.07073984047570628,2.503722606486479
Carolina chickadee (Poecile carolinensis),Olive baboon (Papio anubis),Aves,Mammalia,Passeriformes,Primates,Paridae,Cercopithecidae,Poecile,Papio,Cross-class,cross_class,318.95,318950000.0,TimeTree API pairwise summaryjson,30.0,316.0,322.37,Poecile carolinensis,Papio anubis,4,14,56,-0.13403091850431914,-0.13484227182340058,2.503722606486479
Carolina chickadee (Poecile carolinensis),Patas monkey (Erythrocebus patas),Aves,Mammalia,Passeriformes,Primates,Paridae,Cercopithecidae,Poecile,Erythrocebus,Cross-class,cross_class,318.95,318950000.0,TimeTree API pairwise summaryjson,30.0,316.0,322.37,Poecile carolinensis,Erythrocebus patas,4,6,24,-0.23679953230202327,-0.24138078336785984,2.503722606486479
Carolina chickadee (Poecile carolinensis),Plain-tailed wren (Pheugopedius euophrys),Aves,Aves,Passeriformes,Passeriformes,Paridae,Troglodytidae,Poecile,Pheugopedius,Aves,same_order,29.793515,29793515.0,TimeTree API pairwise summaryjson,8.0,21.544868,36.99,Poecile carolinensis,Pheugopedius euophrys,4,3,12,0.5860035645184251,0.6715576429207274,1.474121743733689
Carolina chickadee (Poecile carolinensis),Poison dart frogs (Dendrobatidae; various genera),Aves,Amphibia,Passeriformes,Anura,Paridae,Dendrobatidae,Poecile,,Cross-class,cross_class,351.686545,351686545.0,TimeTree API pairwise summaryjson,32.0,348.4,355.7,Poecile carolinensis,Dendrobatidae,4,2,8,-0.7274460974264317,-0.9232814751780637,2.546155753178947
Carolina chickadee (Poecile carolinensis),Putty-nosed monkey (Cercopithecus nictitans),Aves,Mammalia,Passeriformes,Primates,Paridae,Cercopithecidae,Poecile,Cercopithecus,Cross-class,cross_class,318.95,318950000.0,TimeTree API pairwise summaryjson,30.0,316.0,322.37,Poecile carolinensis,Cercopithecus nictitans,4,7,28,-0.17351117116069908,-0.17528456691265798,2.503722606486479
Carolina chickadee (Poecile carolinensis),Red colobus (Piliocolobus spp.),Aves,Mammalia,Passeriformes,Primates,Paridae,Cercopithecidae,Poecile,Piliocolobus,Cross-class,cross_class,318.95,318950000.0,TimeTree API pairwise summaryjson,30.0,316.0,322.37,Poecile carolinensis,Piliocolobus,4,5,20,-0.1955515534661935,-0.19810301294865354,2.503722606486479
Carolina chickadee (Poecile carolinensis),Red-tailed monkey (Cercopithecus ascanius),Aves,Mammalia,Passeriformes,Primates,Paridae,Cercopithecidae,Poecile,Cercopithecus,Cross-class,cross_class,318.95,318950000.0,TimeTree API pairwise summaryjson,30.0,316.0,322.37,Poecile carolinensis,Cercopithecus ascanius,4,7,28,0.01222722995096488,0.01222783935025605,2.503722606486479
Carolina chickadee (Poecile carolinensis),Rhesus macaque (Macaca mulatta),Aves,Mammalia,Passeriformes,Primates,Paridae,Cercopithecidae,Poecile,Macaca,Cross-class,cross_class,318.95,318950000.0,TimeTree API pairwise summaryjson,30.0,316.0,322.37,Poecile carolinensis,Macaca mulatta,4,8,32,-0.13119178636414677,-0.13195231549335387,2.503722606486479
Carolina chickadee (Poecile carolinensis),Ring-tailed lemur (Lemur catta),Aves,Mammalia,Passeriformes,Primates,Paridae,Lemuridae,Poecile,Lemur,Cross-class,cross_class,318.95,318950000.0,TimeTree API pairwise summaryjson,30.0,316.0,322.37,Poecile carolinensis,Lemur catta,4,6,24,0.3129457509215075,0.3238076511366229,2.503722606486479
Carolina chickadee (Poecile carolinensis),Siamang (Symphalangus syndactylus),Aves,Mammalia,Passeriformes,Primates,Paridae,Hylobatidae,Poecile,Symphalangus,Cross-class,cross_class,318.95,318950000.0,TimeTree API pairwise summaryjson,30.0,316.0,322.37,Poecile carolinensis,Symphalangus syndactylus,4,4,16,0.18529406205516297,0.18745947031122717,2.503722606486479
Carolina chickadee (Poecile carolinensis),Spotted hyena (Crocuta crocuta),Aves,Mammalia,Passeriformes,Carnivora,Paridae,Hyaenidae,Poecile,Crocuta,Cross-class,cross_class,318.95,318950000.0,TimeTree API pairwise summaryjson,30.0,316.0,322.37,Poecile carolinensis,Crocuta crocuta,4,6,24,-0.289516599172937,-0.2980385566019117,2.503722606486479
Carolina chickadee (Poecile carolinensis),Talapoin monkey (Miopithecus talapoin),Aves,Mammalia,Passeriformes,Primates,Paridae,Cercopithecidae,Poecile,Miopithecus,Cross-class,cross_class,318.95,318950000.0,TimeTree API pairwise summaryjson,30.0,316.0,322.37,Poecile carolinensis,Miopithecus talapoin,4,7,28,-0.030019665394723276,-0.030028687984273612,2.503722606486479
Carolina chickadee (Poecile carolinensis),Tufted capuchin (Sapajus apella),Aves,Mammalia,Passeriformes,Primates,Paridae,Cebidae,Poecile,Sapajus,Cross-class,cross_class,318.95,318950000.0,TimeTree API pairwise summaryjson,30.0,316.0,322.37,Poecile carolinensis,Sapajus apella,4,8,32,0.055316018272367734,0.055372541873202966,2.503722606486479
Carolina chickadee (Poecile carolinensis),Túngara frog (Engystomops pustulosus),Aves,Amphibia,Passeriformes,Anura,Paridae,Leptodactylidae,Poecile,Engystomops,Cross-class,cross_class,351.686545,351686545.0,TimeTree API pairwise summaryjson,32.0,348.4,355.7,Poecile carolinensis,Engystomops pustulosus,4,3,12,-0.5650551553056238,-0.6402285580581918,2.546155753178947
Carolina chickadee (Poecile carolinensis),Vervet monkey (Chlorocebus pygerythrus),Aves,Mammalia,Passeriformes,Primates,Paridae,Cercopithecidae,Poecile,Chlorocebus,Cross-class,cross_class,318.95,318950000.0,TimeTree API pairwise summaryjson,30.0,316.0,322.37,Poecile carolinensis,Chlorocebus pygerythrus,4,8,32,0.07411274891358445,0.07424889088911357,2.503722606486479
Carolina chickadee (Poecile carolinensis),Western Gorilla (Gorilla gorilla),Aves,Mammalia,Passeriformes,Primates,Paridae,Hominidae,Poecile,Gorilla,Cross-class,cross_class,318.95,318950000.0,TimeTree API pairwise summaryjson,30.0,316.0,322.37,Poecile carolinensis,Gorilla gorilla,4,9,36,-0.041727207316005474,-0.041751450560271956,2.503722606486479
Carolina chickadee (Poecile carolinensis),White-browed sparrow-weaver (Plocepasser mahali),Aves,Aves,Passeriformes,Passeriformes,Paridae,Ploceidae,Poecile,Plocepasser,Aves,same_order,29.793515,29793515.0,TimeTree API pairwise summaryjson,8.0,21.544868,36.99,Poecile carolinensis,Plocepasser mahali,4,4,16,0.616092992624005,0.7186832136987098,1.474121743733689
Carolina chickadee (Poecile carolinensis),Yellow baboon (Papio cynocephalus),Aves,Mammalia,Passeriformes,Primates,Paridae,Cercopithecidae,Poecile,Papio,Cross-class,cross_class,318.95,318950000.0,TimeTree API pairwise summaryjson,30.0,316.0,322.37,Poecile carolinensis,Papio cynocephalus,4,7,28,-0.23749492424814667,-0.2421176138168108,2.503722606486479
Carolina chickadee (Poecile carolinensis),Zebra finch (Taeniopygia guttata),Aves,Aves,Passeriformes,Passeriformes,Paridae,Estrildidae,Poecile,Taeniopygia,Aves,same_order,29.793515,29793515.0,TimeTree API pairwise summaryjson,8.0,21.544868,36.99,Poecile carolinensis,Taeniopygia guttata,4,7,28,0.4098225236084751,0.4353979032795927,1.474121743733689
Chacma baboon (Papio ursinus),Chestnut-crowned babbler (Pomatostomus ruficeps),Mammalia,Aves,Primates,Passeriformes,Cercopithecidae,Pomatostomidae,Papio,Pomatostomus,Cross-class,cross_class,318.95,318950000.0,TimeTree API pairwise summaryjson,30.0,316.0,322.37,Pomatostomus ruficeps,Papio ursinus,6,4,24,0.019562813726491976,0.019565309886631466,2.503722606486479
Chacma baboon (Papio ursinus),Chimpanzee (Pan troglodytes),Mammalia,Mammalia,Primates,Primates,Cercopithecidae,Hominidae,Papio,Pan,Mammalia,same_order,28.82,28820000.0,TimeTree API pairwise summaryjson,83.0,26.8,30.6,Pan troglodytes,Papio ursinus,6,13,78,0.14328989082232851,0.14428282768347692,1.4596939764779706
Chacma baboon (Papio ursinus),Common marmoset (Callithrix jacchus),Mammalia,Mammalia,Primates,Primates,Cercopithecidae,Callitrichidae,Papio,Callithrix,Mammalia,same_order,42.9,42900000.0,TimeTree API pairwise summaryjson,68.0,40.0,44.2,Callithrix jacchus,Papio ursinus,6,8,48,0.5847312535741561,0.6696221117206738,1.6324572921847242
Chacma baboon (Papio ursinus),Crowned monkey / Crowned guenon (Cercopithecus pogonias),Mammalia,Mammalia,Primates,Primates,Cercopithecidae,Cercopithecidae,Papio,Cercopithecus,Mammalia,same_family,12.32716,12327160.0,TimeTree API pairwise summaryjson,28.0,11.5,13.0889,Cercopithecus pogonias,Papio ursinus,6,5,30,0.7351727548900068,0.9398922749038189,1.0908630329301952
Chacma baboon (Papio ursinus),De Brazza’s monkey (Cercopithecus neglectus),Mammalia,Mammalia,Primates,Primates,Cercopithecidae,Cercopithecidae,Papio,Cercopithecus,Mammalia,same_family,12.32716,12327160.0,TimeTree API pairwise summaryjson,28.0,11.5,13.0889,Cercopithecus neglectus,Papio ursinus,6,7,42,0.616689320914768,0.719644937598953,1.0908630329301952
Chacma baboon (Papio ursinus),Diana monkey (Cercopithecus diana),Mammalia,Mammalia,Primates,Primates,Cercopithecidae,Cercopithecidae,Papio,Cercopithecus,Mammalia,same_family,12.32716,12327160.0,TimeTree API pairwise summaryjson,28.0,11.5,13.0889,Cercopithecus diana,Papio ursinus,6,6,36,0.5355146212411841,0.5978453907950119,1.0908630329301952
Chacma baboon (Papio ursinus),Drill (Mandrillus leucophaeus),Mammalia,Mammalia,Primates,Primates,Cercopithecidae,Cercopithecidae,Papio,Mandrillus,Mammalia,same_family,7.5,7500000.0,TimeTree API pairwise summaryjson,11.0,6.1,11.737,Mandrillus leucophaeus,Papio ursinus,6,7,42,0.7787320142247054,1.0421407328301224,0.8750612633917001
Chacma baboon (Papio ursinus),Eastern Gorilla (Gorilla beringei),Mammalia,Mammalia,Primates,Primates,Cercopithecidae,Hominidae,Papio,Gorilla,Mammalia,same_order,28.82,28820000.0,TimeTree API pairwise summaryjson,83.0,26.8,30.6,Gorilla beringei,Papio ursinus,6,3,18,0.31359443399197245,0.32452692217271406,1.4596939764779706
Chacma baboon (Papio ursinus),Egyptian fruit bat (Rousettus aegyptiacus),Mammalia,Mammalia,Primates,Chiroptera,Cercopithecidae,Pteropodidae,Papio,Rousettus,Mammalia,same_class,94.0,94000000.0,TimeTree API pairwise summaryjson,63.0,91.5,97.4,Rousettus aegyptiacus,Papio ursinus,6,5,30,0.45737688341551486,0.49398922045348637,1.9731278535996986
Chacma baboon (Papio ursinus),European starling (Sturnus vulgaris),Mammalia,Aves,Primates,Passeriformes,Cercopithecidae,Sturnidae,Papio,Sturnus,Cross-class,cross_class,318.95,318950000.0,TimeTree API pairwise summaryjson,30.0,316.0,322.37,Sturnus vulgaris,Papio ursinus,6,6,36,0.2666974427854453,0.27330498566206884,2.503722606486479
Chacma baboon (Papio ursinus),Gelada (Theropithecus gelada),Mammalia,Mammalia,Primates,Primates,Cercopithecidae,Cercopithecidae,Papio,Theropithecus,Mammalia,same_family,4.52,4520000.0,TimeTree API pairwise summaryjson,20.0,4.0,4.83554,Theropithecus gelada,Papio ursinus,6,8,48,0.6292357591845488,0.7401499666724547,0.6551384348113821
Chacma baboon (Papio ursinus),"Gibbons (Hylobates spp., Nomascus spp., Hoolock spp.)",Mammalia,Mammalia,Primates,Primates,Cercopithecidae,Hylobatidae,Papio,,Mammalia,same_order,28.82,28820000.0,TimeTree API pairwise summaryjson,83.0,26.8,30.6,Hylobates,Papio ursinus,6,4,24,0.16076582048384172,0.16217273570048799,1.4596939764779706
Chacma baboon (Papio ursinus),Gray wolf (Canis lupus),Mammalia,Mammalia,Primates,Carnivora,Cercopithecidae,Canidae,Papio,Canis,Mammalia,same_class,94.0,94000000.0,TimeTree API pairwise summaryjson,63.0,91.5,97.4,Canis lupus,Papio ursinus,6,5,30,0.047674695645932116,0.04771086455002661,1.9731278535996986
Chacma baboon (Papio ursinus),Greater sac-winged bat (Saccopteryx bilineata),Mammalia,Mammalia,Primates,Chiroptera,Cercopithecidae,Emballonuridae,Papio,Saccopteryx,Mammalia,same_class,94.0,94000000.0,TimeTree API pairwise summaryjson,63.0,91.5,97.4,Saccopteryx bilineata,Papio ursinus,6,5,30,0.2623570865782983,0.2686380528202644,1.9731278535996986
Chacma baboon (Papio ursinus),Green tree frog (Hyla cinerea),Mammalia,Amphibia,Primates,Anura,Cercopithecidae,Hylidae,Papio,Hyla,Cross-class,cross_class,351.686545,351686545.0,TimeTree API pairwise summaryjson,32.0,348.4,355.7,Dryophytes cinereus,Papio ursinus,6,7,42,0.23540079327756397,0.23989947081423896,2.546155753178947
Chacma baboon (Papio ursinus),Howler monkey (Alouatta spp.),Mammalia,Mammalia,Primates,Primates,Cercopithecidae,Atelidae,Papio,Alouatta,Mammalia,same_order,42.9,42900000.0,TimeTree API pairwise summaryjson,68.0,40.0,44.2,Alouatta,Papio ursinus,6,6,36,0.1277435296871824,0.12844527045568746,1.6324572921847242
Chacma baboon (Papio ursinus),Indri (Indri indri),Mammalia,Mammalia,Primates,Primates,Cercopithecidae,Indriidae,Papio,Indri,Mammalia,same_order,73.75492,73754920.0,TimeTree API pairwise summaryjson,50.0,71.4,77.5,Indri indri,Papio ursinus,6,6,36,0.5250157318508724,0.5832391605779813,1.867790996278425
Chacma baboon (Papio ursinus),Japanese macaque (Macaca fuscata),Mammalia,Mammalia,Primates,Primates,Cercopithecidae,Cercopithecidae,Papio,Macaca,Mammalia,same_family,10.454,10454000.0,TimeTree API pairwise summaryjson,42.0,8.78921,11.05064,Macaca fuscata,Papio ursinus,6,8,48,0.3960061857551991,0.418903378901708,1.0192824957617317
Chacma baboon (Papio ursinus),Japanese tit (Parus minor),Mammalia,Aves,Primates,Passeriformes,Cercopithecidae,Paridae,Papio,Parus,Cross-class,cross_class,318.95,318950000.0,TimeTree API pairwise summaryjson,30.0,316.0,322.37,Parus minor,Papio ursinus,6,4,24,0.14117739005722937,0.14212670684503745,2.503722606486479
Chacma baboon (Papio ursinus),Langurs (Semnopithecus spp. / Trachypithecus spp.),Mammalia,Mammalia,Primates,Primates,Cercopithecidae,Cercopithecidae,Papio,,Mammalia,same_family,17.755,17755000.0,TimeTree API pairwise summaryjson,29.0,15.5,19.8,Semnopithecus,Papio ursinus,6,5,30,0.7073528701680981,0.8818659363710042,1.2493206766376344
Chacma baboon (Papio ursinus),L’Hoest’s monkey (Allochrocebus lhoesti),Mammalia,Mammalia,Primates,Primates,Cercopithecidae,Cercopithecidae,Papio,Allochrocebus,Mammalia,same_family,12.32716,12327160.0,TimeTree API pairwise summaryjson,28.0,11.5,13.0889,Allochrocebus lhoesti,Papio ursinus,6,7,42,0.6683411953931941,0.8077391860435381,1.0908630329301952
Chacma baboon (Papio ursinus),Mandrill (Mandrillus sphinx),Mammalia,Mammalia,Primates,Primates,Cercopithecidae,Cercopithecidae,Papio,Mandrillus,Mammalia,same_family,7.5,7500000.0,TimeTree API pairwise summaryjson,11.0,6.1,11.737,Mandrillus sphinx,Papio ursinus,6,7,42,0.7925737784896181,1.0783160068580453,0.8750612633917001
Chacma baboon (Papio ursinus),Meerkat (Suricata suricatta),Mammalia,Mammalia,Primates,Carnivora,Cercopithecidae,Herpestidae,Papio,Suricata,Mammalia,same_class,94.0,94000000.0,TimeTree API pairwise summaryjson,63.0,91.5,97.4,Suricata suricatta,Papio ursinus,6,7,42,0.19866917022738484,0.20134665640211272,1.9731278535996986
Chacma baboon (Papio ursinus),Mona monkey (Cercopithecus mona),Mammalia,Mammalia,Primates,Primates,Cercopithecidae,Cercopithecidae,Papio,Cercopithecus,Mammalia,same_family,12.32716,12327160.0,TimeTree API pairwise summaryjson,28.0,11.5,13.0889,Cercopithecus mona,Papio ursinus,6,6,36,0.6519287397965994,0.778645793961482,1.0908630329301952
Chacma baboon (Papio ursinus),Mouse lemurs (Microcebus spp.),Mammalia,Mammalia,Primates,Primates,Cercopithecidae,Cheirogaleidae,Papio,Microcebus,Mammalia,same_order,73.75492,73754920.0,TimeTree API pairwise summaryjson,50.0,71.4,77.5,Microcebus,Papio ursinus,6,6,36,0.5352759493658578,0.5975108127510991,1.867790996278425
Chacma baboon (Papio ursinus),Olive baboon (Papio anubis),Mammalia,Mammalia,Primates,Primates,Cercopithecidae,Cercopithecidae,Papio,Papio,Mammalia,same_genus,1.986615,1986615.0,TimeTree API pairwise summaryjson,4.0,0.39,7.5,Papio anubis,Papio ursinus,6,14,84,0.6406470489106019,0.7592704644233127,0.29811371030244654
Chacma baboon (Papio ursinus),Patas monkey (Erythrocebus patas),Mammalia,Mammalia,Primates,Primates,Cercopithecidae,Cercopithecidae,Papio,Erythrocebus,Mammalia,same_family,12.32716,12327160.0,TimeTree API pairwise summaryjson,28.0,11.5,13.0889,Erythrocebus patas,Papio ursinus,6,6,36,0.694510246363306,0.8566163997331111,1.0908630329301952
Chacma baboon (Papio ursinus),Plain-tailed wren (Pheugopedius euophrys),Mammalia,Aves,Primates,Passeriformes,Cercopithecidae,Troglodytidae,Papio,Pheugopedius,Cross-class,cross_class,318.95,318950000.0,TimeTree API pairwise summaryjson,30.0,316.0,322.37,Pheugopedius euophrys,Papio ursinus,6,3,18,0.41786702816189336,0.4451050164476236,2.503722606486479
Chacma baboon (Papio ursinus),Poison dart frogs (Dendrobatidae; various genera),Mammalia,Amphibia,Primates,Anura,Cercopithecidae,Dendrobatidae,Papio,,Cross-class,cross_class,351.686545,351686545.0,TimeTree API pairwise summaryjson,32.0,348.4,355.7,Dendrobatidae,Papio ursinus,6,2,12,0.25121088289513105,0.25670483822120094,2.546155753178947
Chacma baboon (Papio ursinus),Putty-nosed monkey (Cercopithecus nictitans),Mammalia,Mammalia,Primates,Primates,Cercopithecidae,Cercopithecidae,Papio,Cercopithecus,Mammalia,same_family,12.32716,12327160.0,TimeTree API pairwise summaryjson,28.0,11.5,13.0889,Cercopithecus nictitans,Papio ursinus,6,7,42,0.4616934498621496,0.49946137301108456,1.0908630329301952
Chacma baboon (Papio ursinus),Red colobus (Piliocolobus spp.),Mammalia,Mammalia,Primates,Primates,Cercopithecidae,Cercopithecidae,Papio,Piliocolobus,Mammalia,same_family,17.755,17755000.0,TimeTree API pairwise summaryjson,29.0,15.5,19.8,Piliocolobus,Papio ursinus,6,5,30,0.6607968450688588,0.7942267941778346,1.2493206766376344
Chacma baboon (Papio ursinus),Red-tailed monkey (Cercopithecus ascanius),Mammalia,Mammalia,Primates,Primates,Cercopithecidae,Cercopithecidae,Papio,Cercopithecus,Mammalia,same_family,12.32716,12327160.0,TimeTree API pairwise summaryjson,28.0,11.5,13.0889,Cercopithecus ascanius,Papio ursinus,6,7,42,0.5905508196533071,0.6785114344013302,1.0908630329301952
Chacma baboon (Papio ursinus),Rhesus macaque (Macaca mulatta),Mammalia,Mammalia,Primates,Primates,Cercopithecidae,Cercopithecidae,Papio,Macaca,Mammalia,same_family,10.454,10454000.0,TimeTree API pairwise summaryjson,42.0,8.78921,11.05064,Macaca mulatta,Papio ursinus,6,8,48,0.41102410354769175,0.43684288716171743,1.0192824957617317
Chacma baboon (Papio ursinus),Ring-tailed lemur (Lemur catta),Mammalia,Mammalia,Primates,Primates,Cercopithecidae,Lemuridae,Papio,Lemur,Mammalia,same_order,73.75492,73754920.0,TimeTree API pairwise summaryjson,50.0,71.4,77.5,Lemur catta,Papio ursinus,6,6,36,0.6550633334615239,0.7841168650514896,1.867790996278425
Chacma baboon (Papio ursinus),Siamang (Symphalangus syndactylus),Mammalia,Mammalia,Primates,Primates,Cercopithecidae,Hylobatidae,Papio,Symphalangus,Mammalia,same_order,28.82,28820000.0,TimeTree API pairwise summaryjson,83.0,26.8,30.6,Symphalangus syndactylus,Papio ursinus,6,4,24,0.18657413653945742,0.1887853838067048,1.4596939764779706
Chacma baboon (Papio ursinus),Spotted hyena (Crocuta crocuta),Mammalia,Mammalia,Primates,Carnivora,Cercopithecidae,Hyaenidae,Papio,Crocuta,Mammalia,same_class,94.0,94000000.0,TimeTree API pairwise summaryjson,63.0,91.5,97.4,Crocuta crocuta,Papio ursinus,6,6,36,0.07719130555729219,0.07734517075395764,1.9731278535996986
Chacma baboon (Papio ursinus),Talapoin monkey (Miopithecus talapoin),Mammalia,Mammalia,Primates,Primates,Cercopithecidae,Cercopithecidae,Papio,Miopithecus,Mammalia,same_family,12.32716,12327160.0,TimeTree API pairwise summaryjson,28.0,11.5,13.0889,Miopithecus talapoin,Papio ursinus,6,7,42,0.517964888213082,0.573554434982623,1.0908630329301952
Chacma baboon (Papio ursinus),Tufted capuchin (Sapajus apella),Mammalia,Mammalia,Primates,Primates,Cercopithecidae,Cebidae,Papio,Sapajus,Mammalia,same_order,42.9,42900000.0,TimeTree API pairwise summaryjson,68.0,40.0,44.2,Sapajus apella,Papio ursinus,6,8,48,0.480969452179396,0.5242447235697764,1.6324572921847242
Chacma baboon (Papio ursinus),Túngara frog (Engystomops pustulosus),Mammalia,Amphibia,Primates,Anura,Cercopithecidae,Leptodactylidae,Papio,Engystomops,Cross-class,cross_class,351.686545,351686545.0,TimeTree API pairwise summaryjson,32.0,348.4,355.7,Engystomops pustulosus,Papio ursinus,6,3,18,-0.23371954315498547,-0.2381203348307835,2.546155753178947
Chacma baboon (Papio ursinus),Vervet monkey (Chlorocebus pygerythrus),Mammalia,Mammalia,Primates,Primates,Cercopithecidae,Cercopithecidae,Papio,Chlorocebus,Mammalia,same_family,12.32716,12327160.0,TimeTree API pairwise summaryjson,28.0,11.5,13.0889,Chlorocebus pygerythrus,Papio ursinus,6,8,48,0.53123096410033,0.5918585281142301,1.0908630329301952
Chacma baboon (Papio ursinus),Western Gorilla (Gorilla gorilla),Mammalia,Mammalia,Primates,Primates,Cercopithecidae,Hominidae,Papio,Gorilla,Mammalia,same_order,28.82,28820000.0,TimeTree API pairwise summaryjson,83.0,26.8,30.6,Gorilla gorilla,Papio ursinus,6,9,54,0.3487257171579316,0.36399231678166577,1.4596939764779706
Chacma baboon (Papio ursinus),White-browed sparrow-weaver (Plocepasser mahali),Mammalia,Aves,Primates,Passeriformes,Cercopithecidae,Ploceidae,Papio,Plocepasser,Cross-class,cross_class,318.95,318950000.0,TimeTree API pairwise summaryjson,30.0,316.0,322.37,Plocepasser mahali,Papio ursinus,6,4,24,0.24738279352507997,0.2526230647592702,2.503722606486479
Chacma baboon (Papio ursinus),Yellow baboon (Papio cynocephalus),Mammalia,Mammalia,Primates,Primates,Cercopithecidae,Cercopithecidae,Papio,Papio,Mammalia,same_genus,1.277215,1277215.0,TimeTree API pairwise summaryjson,4.0,0.7104,1.91,Papio cynocephalus,Papio ursinus,6,7,42,0.4385766587445011,0.47046711619371767,0.10626401038335995
Chacma baboon (Papio ursinus),Zebra finch (Taeniopygia guttata),Mammalia,Aves,Primates,Passeriformes,Cercopithecidae,Estrildidae,Papio,Taeniopygia,Cross-class,cross_class,318.95,318950000.0,TimeTree API pairwise summaryjson,30.0,316.0,322.37,Papio ursinus,Taeniopygia guttata,6,7,42,-0.13499269553960913,-0.13582177144388402,2.503722606486479
Chestnut-crowned babbler (Pomatostomus ruficeps),Chimpanzee (Pan troglodytes),Aves,Mammalia,Passeriformes,Primates,Pomatostomidae,Hominidae,Pomatostomus,Pan,Cross-class,cross_class,318.95,318950000.0,TimeTree API pairwise summaryjson,30.0,316.0,322.37,Pomatostomus ruficeps,Pan troglodytes,4,13,52,-0.16802314879905914,-0.16963168250535215,2.503722606486479
Chestnut-crowned babbler (Pomatostomus ruficeps),Common marmoset (Callithrix jacchus),Aves,Mammalia,Passeriformes,Primates,Pomatostomidae,Callitrichidae,Pomatostomus,Callithrix,Cross-class,cross_class,318.95,318950000.0,TimeTree API pairwise summaryjson,30.0,316.0,322.37,Pomatostomus ruficeps,Callithrix jacchus,4,8,32,0.06879007687588908,0.06889889259142983,2.503722606486479
Chestnut-crowned babbler (Pomatostomus ruficeps),Crowned monkey / Crowned guenon (Cercopithecus pogonias),Aves,Mammalia,Passeriformes,Primates,Pomatostomidae,Cercopithecidae,Pomatostomus,Cercopithecus,Cross-class,cross_class,318.95,318950000.0,TimeTree API pairwise summaryjson,30.0,316.0,322.37,Pomatostomus ruficeps,Cercopithecus pogonias,4,5,20,-0.3316230627999988,-0.3446507667643849,2.503722606486479
Chestnut-crowned babbler (Pomatostomus ruficeps),De Brazza’s monkey (Cercopithecus neglectus),Aves,Mammalia,Passeriformes,Primates,Pomatostomidae,Cercopithecidae,Pomatostomus,Cercopithecus,Cross-class,cross_class,318.95,318950000.0,TimeTree API pairwise summaryjson,30.0,316.0,322.37,Pomatostomus ruficeps,Cercopithecus neglectus,4,7,28,0.10639255781496355,0.10679673890134883,2.503722606486479
Chestnut-crowned babbler (Pomatostomus ruficeps),Diana monkey (Cercopithecus diana),Aves,Mammalia,Passeriformes,Primates,Pomatostomidae,Cercopithecidae,Pomatostomus,Cercopithecus,Cross-class,cross_class,318.95,318950000.0,TimeTree API pairwise summaryjson,30.0,316.0,322.37,Pomatostomus ruficeps,Cercopithecus diana,4,6,24,-0.06010921939841372,-0.0601817706512348,2.503722606486479
Chestnut-crowned babbler (Pomatostomus ruficeps),Drill (Mandrillus leucophaeus),Aves,Mammalia,Passeriformes,Primates,Pomatostomidae,Cercopithecidae,Pomatostomus,Mandrillus,Cross-class,cross_class,318.95,318950000.0,TimeTree API pairwise summaryjson,30.0,316.0,322.37,Pomatostomus ruficeps,Mandrillus leucophaeus,4,7,28,-0.08920755505752166,-0.08944532896271076,2.503722606486479
Chestnut-crowned babbler (Pomatostomus ruficeps),Eastern Gorilla (Gorilla beringei),Aves,Mammalia,Passeriformes,Primates,Pomatostomidae,Hominidae,Pomatostomus,Gorilla,Cross-class,cross_class,318.95,318950000.0,TimeTree API pairwise summaryjson,30.0,316.0,322.37,Pomatostomus ruficeps,Gorilla beringei,4,3,12,-0.5087139491185413,-0.5609931655404994,2.503722606486479
Chestnut-crowned babbler (Pomatostomus ruficeps),Egyptian fruit bat (Rousettus aegyptiacus),Aves,Mammalia,Passeriformes,Chiroptera,Pomatostomidae,Pteropodidae,Pomatostomus,Rousettus,Cross-class,cross_class,318.95,318950000.0,TimeTree API pairwise summaryjson,30.0,316.0,322.37,Rousettus aegyptiacus,Pomatostomus ruficeps,4,5,20,-0.07119503062289498,-0.07131568730099276,2.503722606486479
Chestnut-crowned babbler (Pomatostomus ruficeps),European starling (Sturnus vulgaris),Aves,Aves,Passeriformes,Passeriformes,Pomatostomidae,Sturnidae,Pomatostomus,Sturnus,Aves,same_order,35.0,35000000.0,coarse_taxonomic_heuristic,,,,,,4,6,24,0.49698446338659563,0.5452934741721865,1.5440680443502757
Chestnut-crowned babbler (Pomatostomus ruficeps),Gelada (Theropithecus gelada),Aves,Mammalia,Passeriformes,Primates,Pomatostomidae,Cercopithecidae,Pomatostomus,Theropithecus,Cross-class,cross_class,318.95,318950000.0,TimeTree API pairwise summaryjson,30.0,316.0,322.37,Pomatostomus ruficeps,Theropithecus gelada,4,8,32,-0.09142818697855006,-0.09168422522241294,2.503722606486479
Chestnut-crowned babbler (Pomatostomus ruficeps),"Gibbons (Hylobates spp., Nomascus spp., Hoolock spp.)",Aves,Mammalia,Passeriformes,Primates,Pomatostomidae,Hylobatidae,Pomatostomus,,Cross-class,cross_class,318.95,318950000.0,TimeTree API pairwise summaryjson,30.0,316.0,322.37,Pomatostomus ruficeps,Hylobates,4,4,16,-0.0906925081992779,-0.09094239516343045,2.503722606486479
Chestnut-crowned babbler (Pomatostomus ruficeps),Gray wolf (Canis lupus),Aves,Mammalia,Passeriformes,Carnivora,Pomatostomidae,Canidae,Pomatostomus,Canis,Cross-class,cross_class,318.95,318950000.0,TimeTree API pairwise summaryjson,30.0,316.0,322.37,Canis lupus,Pomatostomus ruficeps,4,5,20,-0.2708628899152108,-0.2777947978070284,2.503722606486479
Chestnut-crowned babbler (Pomatostomus ruficeps),Greater sac-winged bat (Saccopteryx bilineata),Aves,Mammalia,Passeriformes,Chiroptera,Pomatostomidae,Emballonuridae,Pomatostomus,Saccopteryx,Cross-class,cross_class,318.95,318950000.0,TimeTree API pairwise summaryjson,30.0,316.0,322.37,Saccopteryx bilineata,Pomatostomus ruficeps,4,5,20,0.054952368536118484,0.055007783347475456,2.503722606486479
Chestnut-crowned babbler (Pomatostomus ruficeps),Green tree frog (Hyla cinerea),Aves,Amphibia,Passeriformes,Anura,Pomatostomidae,Hylidae,Pomatostomus,Hyla,Cross-class,cross_class,351.686545,351686545.0,TimeTree API pairwise summaryjson,32.0,348.4,355.7,Dryophytes cinereus,Pomatostomus ruficeps,4,7,28,-0.4032609327647527,-0.4275370501414435,2.546155753178947
Chestnut-crowned babbler (Pomatostomus ruficeps),Howler monkey (Alouatta spp.),Aves,Mammalia,Passeriformes,Primates,Pomatostomidae,Atelidae,Pomatostomus,Alouatta,Cross-class,cross_class,318.95,318950000.0,TimeTree API pairwise summaryjson,30.0,316.0,322.37,Pomatostomus ruficeps,Alouatta,4,6,24,-0.19712614750800334,-0.1997407400331169,2.503722606486479
Chestnut-crowned babbler (Pomatostomus ruficeps),Indri (Indri indri),Aves,Mammalia,Passeriformes,Primates,Pomatostomidae,Indriidae,Pomatostomus,Indri,Cross-class,cross_class,318.95,318950000.0,TimeTree API pairwise summaryjson,30.0,316.0,322.37,Pomatostomus ruficeps,Indri indri,4,6,24,0.0420163579603831,0.04204110904932171,2.503722606486479
Chestnut-crowned babbler (Pomatostomus ruficeps),Japanese macaque (Macaca fuscata),Aves,Mammalia,Passeriformes,Primates,Pomatostomidae,Cercopithecidae,Pomatostomus,Macaca,Cross-class,cross_class,318.95,318950000.0,TimeTree API pairwise summaryjson,30.0,316.0,322.37,Pomatostomus ruficeps,Macaca fuscata,4,8,32,-0.01668244207831241,-0.016683989932869354,2.503722606486479
Chestnut-crowned babbler (Pomatostomus ruficeps),Japanese tit (Parus minor),Aves,Aves,Passeriformes,Passeriformes,Pomatostomidae,Paridae,Pomatostomus,Parus,Aves,same_order,35.0,35000000.0,coarse_taxonomic_heuristic,,,,,,4,4,16,0.04260822107134094,0.04263403370842477,1.5440680443502757
Chestnut-crowned babbler (Pomatostomus ruficeps),Langurs (Semnopithecus spp. / Trachypithecus spp.),Aves,Mammalia,Passeriformes,Primates,Pomatostomidae,Cercopithecidae,Pomatostomus,,Cross-class,cross_class,318.95,318950000.0,TimeTree API pairwise summaryjson,30.0,316.0,322.37,Pomatostomus ruficeps,Semnopithecus,4,5,20,0.1494673784599421,0.15059559904236913,2.503722606486479
Chestnut-crowned babbler (Pomatostomus ruficeps),L’Hoest’s monkey (Allochrocebus lhoesti),Aves,Mammalia,Passeriformes,Primates,Pomatostomidae,Cercopithecidae,Pomatostomus,Allochrocebus,Cross-class,cross_class,318.95,318950000.0,TimeTree API pairwise summaryjson,30.0,316.0,322.37,Pomatostomus ruficeps,Allochrocebus lhoesti,4,7,28,0.1086056349089315,0.10903569040013379,2.503722606486479
Chestnut-crowned babbler (Pomatostomus ruficeps),Mandrill (Mandrillus sphinx),Aves,Mammalia,Passeriformes,Primates,Pomatostomidae,Cercopithecidae,Pomatostomus,Mandrillus,Cross-class,cross_class,318.95,318950000.0,TimeTree API pairwise summaryjson,30.0,316.0,322.37,Pomatostomus ruficeps,Mandrillus sphinx,4,7,28,-0.10877553089986915,-0.10920761747657556,2.503722606486479
Chestnut-crowned babbler (Pomatostomus ruficeps),Meerkat (Suricata suricatta),Aves,Mammalia,Passeriformes,Carnivora,Pomatostomidae,Herpestidae,Pomatostomus,Suricata,Cross-class,cross_class,318.95,318950000.0,TimeTree API pairwise summaryjson,30.0,316.0,322.37,Suricata suricatta,Pomatostomus ruficeps,4,7,28,0.3171371097769581,0.3284608554682569,2.503722606486479
Chestnut-crowned babbler (Pomatostomus ruficeps),Mona monkey (Cercopithecus mona),Aves,Mammalia,Passeriformes,Primates,Pomatostomidae,Cercopithecidae,Pomatostomus,Cercopithecus,Cross-class,cross_class,318.95,318950000.0,TimeTree API pairwise summaryjson,30.0,316.0,322.37,Pomatostomus ruficeps,Cercopithecus mona,4,6,24,-0.12013137967228152,-0.12071432972198873,2.503722606486479
Chestnut-crowned babbler (Pomatostomus ruficeps),Mouse lemurs (Microcebus spp.),Aves,Mammalia,Passeriformes,Primates,Pomatostomidae,Cheirogaleidae,Pomatostomus,Microcebus,Cross-class,cross_class,318.95,318950000.0,TimeTree API pairwise summaryjson,30.0,316.0,322.37,Pomatostomus ruficeps,Microcebus,4,6,24,0.06442545573478735,0.06451481398740072,2.503722606486479
Chestnut-crowned babbler (Pomatostomus ruficeps),Olive baboon (Papio anubis),Aves,Mammalia,Passeriformes,Primates,Pomatostomidae,Cercopithecidae,Pomatostomus,Papio,Cross-class,cross_class,318.95,318950000.0,TimeTree API pairwise summaryjson,30.0,316.0,322.37,Pomatostomus ruficeps,Papio anubis,4,14,56,-0.07131832334586043,-0.0714396092394979,2.503722606486479
Chestnut-crowned babbler (Pomatostomus ruficeps),Patas monkey (Erythrocebus patas),Aves,Mammalia,Passeriformes,Primates,Pomatostomidae,Cercopithecidae,Pomatostomus,Erythrocebus,Cross-class,cross_class,318.95,318950000.0,TimeTree API pairwise summaryjson,30.0,316.0,322.37,Pomatostomus ruficeps,Erythrocebus patas,4,6,24,-0.0015244588907230745,-0.0015244600716594586,2.503722606486479
Chestnut-crowned babbler (Pomatostomus ruficeps),Plain-tailed wren (Pheugopedius euophrys),Aves,Aves,Passeriformes,Passeriformes,Pomatostomidae,Troglodytidae,Pomatostomus,Pheugopedius,Aves,same_order,35.0,35000000.0,coarse_taxonomic_heuristic,,,,,,4,3,12,-0.006437278183348694,-0.006437367102718352,1.5440680443502757
Chestnut-crowned babbler (Pomatostomus ruficeps),Poison dart frogs (Dendrobatidae; various genera),Aves,Amphibia,Passeriformes,Anura,Pomatostomidae,Dendrobatidae,Pomatostomus,,Cross-class,cross_class,351.686545,351686545.0,TimeTree API pairwise summaryjson,32.0,348.4,355.7,Dendrobatidae,Pomatostomus ruficeps,4,2,8,-0.48837031696763994,-0.5339179826689356,2.546155753178947
Chestnut-crowned babbler (Pomatostomus ruficeps),Putty-nosed monkey (Cercopithecus nictitans),Aves,Mammalia,Passeriformes,Primates,Pomatostomidae,Cercopithecidae,Pomatostomus,Cercopithecus,Cross-class,cross_class,318.95,318950000.0,TimeTree API pairwise summaryjson,30.0,316.0,322.37,Pomatostomus ruficeps,Cercopithecus nictitans,4,7,28,-0.1084110147572886,-0.10883875147782995,2.503722606486479
Chestnut-crowned babbler (Pomatostomus ruficeps),Red colobus (Piliocolobus spp.),Aves,Mammalia,Passeriformes,Primates,Pomatostomidae,Cercopithecidae,Pomatostomus,Piliocolobus,Cross-class,cross_class,318.95,318950000.0,TimeTree API pairwise summaryjson,30.0,316.0,322.37,Pomatostomus ruficeps,Piliocolobus,4,5,20,0.06094611646782347,0.06102174509959272,2.503722606486479
Chestnut-crowned babbler (Pomatostomus ruficeps),Red-tailed monkey (Cercopithecus ascanius),Aves,Mammalia,Passeriformes,Primates,Pomatostomidae,Cercopithecidae,Pomatostomus,Cercopithecus,Cross-class,cross_class,318.95,318950000.0,TimeTree API pairwise summaryjson,30.0,316.0,322.37,Pomatostomus ruficeps,Cercopithecus ascanius,4,7,28,0.0202140503917178,0.020216804273347745,2.503722606486479
Chestnut-crowned babbler (Pomatostomus ruficeps),Rhesus macaque (Macaca mulatta),Aves,Mammalia,Passeriformes,Primates,Pomatostomidae,Cercopithecidae,Pomatostomus,Macaca,Cross-class,cross_class,318.95,318950000.0,TimeTree API pairwise summaryjson,30.0,316.0,322.37,Pomatostomus ruficeps,Macaca mulatta,4,8,32,-0.021297060439082836,-0.021300281181152042,2.503722606486479
Chestnut-crowned babbler (Pomatostomus ruficeps),Ring-tailed lemur (Lemur catta),Aves,Mammalia,Passeriformes,Primates,Pomatostomidae,Lemuridae,Pomatostomus,Lemur,Cross-class,cross_class,318.95,318950000.0,TimeTree API pairwise summaryjson,30.0,316.0,322.37,Pomatostomus ruficeps,Lemur catta,4,6,24,0.12665866347676086,0.12734256217889026,2.503722606486479
Chestnut-crowned babbler (Pomatostomus ruficeps),Siamang (Symphalangus syndactylus),Aves,Mammalia,Passeriformes,Primates,Pomatostomidae,Hylobatidae,Pomatostomus,Symphalangus,Cross-class,cross_class,318.95,318950000.0,TimeTree API pairwise summaryjson,30.0,316.0,322.37,Pomatostomus ruficeps,Symphalangus syndactylus,4,4,16,0.04896341910513683,0.04900260405434196,2.503722606486479
Chestnut-crowned babbler (Pomatostomus ruficeps),Spotted hyena (Crocuta crocuta),Aves,Mammalia,Passeriformes,Carnivora,Pomatostomidae,Hyaenidae,Pomatostomus,Crocuta,Cross-class,cross_class,318.95,318950000.0,TimeTree API pairwise summaryjson,30.0,316.0,322.37,Crocuta crocuta,Pomatostomus ruficeps,4,6,24,-0.23406105544277236,-0.23848161059512255,2.503722606486479
Chestnut-crowned babbler (Pomatostomus ruficeps),Talapoin monkey (Miopithecus talapoin),Aves,Mammalia,Passeriformes,Primates,Pomatostomidae,Cercopithecidae,Pomatostomus,Miopithecus,Cross-class,cross_class,318.95,318950000.0,TimeTree API pairwise summaryjson,30.0,316.0,322.37,Pomatostomus ruficeps,Miopithecus talapoin,4,7,28,-0.1401480663686042,-0.1410766057527341,2.503722606486479
Chestnut-crowned babbler (Pomatostomus ruficeps),Tufted capuchin (Sapajus apella),Aves,Mammalia,Passeriformes,Primates,Pomatostomidae,Cebidae,Pomatostomus,Sapajus,Cross-class,cross_class,318.95,318950000.0,TimeTree API pairwise summaryjson,30.0,316.0,322.37,Pomatostomus ruficeps,Sapajus apella,4,8,32,-0.05882596716549051,-0.05889396404669219,2.503722606486479
Chestnut-crowned babbler (Pomatostomus ruficeps),Túngara frog (Engystomops pustulosus),Aves,Amphibia,Passeriformes,Anura,Pomatostomidae,Leptodactylidae,Pomatostomus,Engystomops,Cross-class,cross_class,351.686545,351686545.0,TimeTree API pairwise summaryjson,32.0,348.4,355.7,Engystomops pustulosus,Pomatostomus ruficeps,4,3,12,-0.5824450539166195,-0.6661551446675166,2.546155753178947
Chestnut-crowned babbler (Pomatostomus ruficeps),Vervet monkey (Chlorocebus pygerythrus),Aves,Mammalia,Passeriformes,Primates,Pomatostomidae,Cercopithecidae,Pomatostomus,Chlorocebus,Cross-class,cross_class,318.95,318950000.0,TimeTree API pairwise summaryjson,30.0,316.0,322.37,Pomatostomus ruficeps,Chlorocebus pygerythrus,4,8,32,0.03567936610659262,0.03569451782982552,2.503722606486479
Chestnut-crowned babbler (Pomatostomus ruficeps),Western Gorilla (Gorilla gorilla),Aves,Mammalia,Passeriformes,Primates,Pomatostomidae,Hominidae,Pomatostomus,Gorilla,Cross-class,cross_class,318.95,318950000.0,TimeTree API pairwise summaryjson,30.0,316.0,322.37,Pomatostomus ruficeps,Gorilla gorilla,4,9,36,-0.1159567259585256,-0.11648067609575433,2.503722606486479
Chestnut-crowned babbler (Pomatostomus ruficeps),White-browed sparrow-weaver (Plocepasser mahali),Aves,Aves,Passeriformes,Passeriformes,Pomatostomidae,Ploceidae,Pomatostomus,Plocepasser,Aves,same_order,35.0,35000000.0,coarse_taxonomic_heuristic,,,,,,4,4,16,0.4804022315007275,0.5235070588690697,1.5440680443502757
Chestnut-crowned babbler (Pomatostomus ruficeps),Yellow baboon (Papio cynocephalus),Aves,Mammalia,Passeriformes,Primates,Pomatostomidae,Cercopithecidae,Pomatostomus,Papio,Cross-class,cross_class,318.95,318950000.0,TimeTree API pairwise summaryjson,30.0,316.0,322.37,Pomatostomus ruficeps,Papio cynocephalus,4,7,28,-0.05566542619834382,-0.055723029029940765,2.503722606486479
Chestnut-crowned babbler (Pomatostomus ruficeps),Zebra finch (Taeniopygia guttata),Aves,Aves,Passeriformes,Passeriformes,Pomatostomidae,Estrildidae,Pomatostomus,Taeniopygia,Aves,same_order,35.0,35000000.0,coarse_taxonomic_heuristic,,,,,,4,7,28,0.20299573979652152,0.20585507528849228,1.5440680443502757
Chimpanzee (Pan troglodytes),Common marmoset (Callithrix jacchus),Mammalia,Mammalia,Primates,Primates,Hominidae,Callitrichidae,Pan,Callithrix,Mammalia,same_order,42.9,42900000.0,TimeTree API pairwise summaryjson,68.0,40.0,44.2,Pan troglodytes,Callithrix jacchus,13,8,104,0.048717408144392564,0.04875600485807094,1.6324572921847242
Chimpanzee (Pan troglodytes),Crowned monkey / Crowned guenon (Cercopithecus pogonias),Mammalia,Mammalia,Primates,Primates,Hominidae,Cercopithecidae,Pan,Cercopithecus,Mammalia,same_order,28.82,28820000.0,TimeTree API pairwise summaryjson,83.0,26.8,30.6,Pan troglodytes,Cercopithecus pogonias,13,5,65,0.2923850302249553,0.3011722665959124,1.4596939764779706
Chimpanzee (Pan troglodytes),De Brazza’s monkey (Cercopithecus neglectus),Mammalia,Mammalia,Primates,Primates,Hominidae,Cercopithecidae,Pan,Cercopithecus,Mammalia,same_order,28.82,28820000.0,TimeTree API pairwise summaryjson,83.0,26.8,30.6,Pan troglodytes,Cercopithecus neglectus,13,7,91,0.3245673357376512,0.3367438382032857,1.4596939764779706
Chimpanzee (Pan troglodytes),Diana monkey (Cercopithecus diana),Mammalia,Mammalia,Primates,Primates,Hominidae,Cercopithecidae,Pan,Cercopithecus,Mammalia,same_order,28.82,28820000.0,TimeTree API pairwise summaryjson,83.0,26.8,30.6,Pan troglodytes,Cercopithecus diana,13,6,78,0.008736445742138041,0.008736668023468067,1.4596939764779706
Chimpanzee (Pan troglodytes),Drill (Mandrillus leucophaeus),Mammalia,Mammalia,Primates,Primates,Hominidae,Cercopithecidae,Pan,Mandrillus,Mammalia,same_order,28.82,28820000.0,TimeTree API pairwise summaryjson,83.0,26.8,30.6,Mandrillus leucophaeus,Pan troglodytes,13,7,91,0.12152559660326188,0.12212920337698271,1.4596939764779706
Chimpanzee (Pan troglodytes),Eastern Gorilla (Gorilla beringei),Mammalia,Mammalia,Primates,Primates,Hominidae,Hominidae,Pan,Gorilla,Mammalia,same_family,8.6,8600000.0,TimeTree API pairwise summaryjson,70.0,8.25,9.3,Pan troglodytes,Gorilla beringei,13,3,39,0.34808416452307755,0.3632621296052888,0.9344984512435677
Chimpanzee (Pan troglodytes),Egyptian fruit bat (Rousettus aegyptiacus),Mammalia,Mammalia,Primates,Chiroptera,Hominidae,Pteropodidae,Pan,Rousettus,Mammalia,same_class,94.0,94000000.0,TimeTree API pairwise summaryjson,63.0,91.5,97.4,Rousettus aegyptiacus,Pan troglodytes,13,5,65,0.2311985573339884,0.23545533829848833,1.9731278535996986
Chimpanzee (Pan troglodytes),European starling (Sturnus vulgaris),Mammalia,Aves,Primates,Passeriformes,Hominidae,Sturnidae,Pan,Sturnus,Cross-class,cross_class,318.95,318950000.0,TimeTree API pairwise summaryjson,30.0,316.0,322.37,Sturnus vulgaris,Pan troglodytes,13,6,78,0.03045305742439495,0.03046247660660783,2.503722606486479
Chimpanzee (Pan troglodytes),Gelada (Theropithecus gelada),Mammalia,Mammalia,Primates,Primates,Hominidae,Cercopithecidae,Pan,Theropithecus,Mammalia,same_order,28.82,28820000.0,TimeTree API pairwise summaryjson,83.0,26.8,30.6,Pan troglodytes,Theropithecus gelada,13,8,104,0.09077862412965171,0.09102922596691257,1.4596939764779706
Chimpanzee (Pan troglodytes),"Gibbons (Hylobates spp., Nomascus spp., Hoolock spp.)",Mammalia,Mammalia,Primates,Primates,Hominidae,Hylobatidae,Pan,,Mammalia,same_order,19.45714,19457140.0,TimeTree API pairwise summaryjson,64.0,18.8,20.3,Pan troglodytes,Hylobates,13,4,52,0.0010471062895278096,0.0010471066722215296,1.289079003789453
Chimpanzee (Pan troglodytes),Gray wolf (Canis lupus),Mammalia,Mammalia,Primates,Carnivora,Hominidae,Canidae,Pan,Canis,Mammalia,same_class,94.0,94000000.0,TimeTree API pairwise summaryjson,63.0,91.5,97.4,Canis lupus,Pan troglodytes,13,5,65,-0.004975191518442299,-0.004975232568578799,1.9731278535996986
Chimpanzee (Pan troglodytes),Greater sac-winged bat (Saccopteryx bilineata),Mammalia,Mammalia,Primates,Chiroptera,Hominidae,Emballonuridae,Pan,Saccopteryx,Mammalia,same_class,94.0,94000000.0,TimeTree API pairwise summaryjson,63.0,91.5,97.4,Saccopteryx bilineata,Pan troglodytes,13,5,65,-0.08526048957504959,-0.08546799151649234,1.9731278535996986
Chimpanzee (Pan troglodytes),Green tree frog (Hyla cinerea),Mammalia,Amphibia,Primates,Anura,Hominidae,Hylidae,Pan,Hyla,Cross-class,cross_class,351.686545,351686545.0,TimeTree API pairwise summaryjson,32.0,348.4,355.7,Dryophytes cinereus,Pan troglodytes,13,7,91,0.10990019875962836,0.1103458932861268,2.546155753178947
Chimpanzee (Pan troglodytes),Howler monkey (Alouatta spp.),Mammalia,Mammalia,Primates,Primates,Hominidae,Atelidae,Pan,Alouatta,Mammalia,same_order,42.9,42900000.0,TimeTree API pairwise summaryjson,68.0,40.0,44.2,Pan troglodytes,Alouatta,13,6,78,-0.005423950969843297,-0.005424004160294759,1.6324572921847242
Chimpanzee (Pan troglodytes),Indri (Indri indri),Mammalia,Mammalia,Primates,Primates,Hominidae,Indriidae,Pan,Indri,Mammalia,same_order,73.75492,73754920.0,TimeTree API pairwise summaryjson,50.0,71.4,77.5,Pan troglodytes,Indri indri,13,6,78,0.3737300425457138,0.3927517289056528,1.867790996278425
Chimpanzee (Pan troglodytes),Japanese macaque (Macaca fuscata),Mammalia,Mammalia,Primates,Primates,Hominidae,Cercopithecidae,Pan,Macaca,Mammalia,same_order,28.82,28820000.0,TimeTree API pairwise summaryjson,83.0,26.8,30.6,Pan troglodytes,Macaca fuscata,13,8,104,-0.04447166141026135,-0.04450101387543939,1.4596939764779706
Chimpanzee (Pan troglodytes),Japanese tit (Parus minor),Mammalia,Aves,Primates,Passeriformes,Hominidae,Paridae,Pan,Parus,Cross-class,cross_class,318.95,318950000.0,TimeTree API pairwise summaryjson,30.0,316.0,322.37,Parus minor,Pan troglodytes,13,4,52,-0.17520019927628686,-0.17702655166524742,2.503722606486479
Chimpanzee (Pan troglodytes),Langurs (Semnopithecus spp. / Trachypithecus spp.),Mammalia,Mammalia,Primates,Primates,Hominidae,Cercopithecidae,Pan,,Mammalia,same_order,28.82,28820000.0,TimeTree API pairwise summaryjson,83.0,26.8,30.6,Semnopithecus,Pan troglodytes,13,5,65,0.24819251584879834,0.2534857552349886,1.4596939764779706
Chimpanzee (Pan troglodytes),L’Hoest’s monkey (Allochrocebus lhoesti),Mammalia,Mammalia,Primates,Primates,Hominidae,Cercopithecidae,Pan,Allochrocebus,Mammalia,same_order,28.82,28820000.0,TimeTree API pairwise summaryjson,83.0,26.8,30.6,Pan troglodytes,Allochrocebus lhoesti,13,7,91,0.37680420108571955,0.39632977142555603,1.4596939764779706
Chimpanzee (Pan troglodytes),Mandrill (Mandrillus sphinx),Mammalia,Mammalia,Primates,Primates,Hominidae,Cercopithecidae,Pan,Mandrillus,Mammalia,same_order,28.82,28820000.0,TimeTree API pairwise summaryjson,83.0,26.8,30.6,Mandrillus sphinx,Pan troglodytes,13,7,91,0.12908566916323727,0.12980991353688484,1.4596939764779706
Chimpanzee (Pan troglodytes),Meerkat (Suricata suricatta),Mammalia,Mammalia,Primates,Carnivora,Hominidae,Herpestidae,Pan,Suricata,Mammalia,same_class,94.0,94000000.0,TimeTree API pairwise summaryjson,63.0,91.5,97.4,Suricata suricatta,Pan troglodytes,13,7,91,-0.1555917331475716,-0.15686585434977265,1.9731278535996986
Chimpanzee (Pan troglodytes),Mona monkey (Cercopithecus mona),Mammalia,Mammalia,Primates,Primates,Hominidae,Cercopithecidae,Pan,Cercopithecus,Mammalia,same_order,28.82,28820000.0,TimeTree API pairwise summaryjson,83.0,26.8,30.6,Pan troglodytes,Cercopithecus mona,13,6,78,0.19278552685997868,0.19522861534559383,1.4596939764779706
Chimpanzee (Pan troglodytes),Mouse lemurs (Microcebus spp.),Mammalia,Mammalia,Primates,Primates,Hominidae,Cheirogaleidae,Pan,Microcebus,Mammalia,same_order,73.75492,73754920.0,TimeTree API pairwise summaryjson,50.0,71.4,77.5,Pan troglodytes,Microcebus,13,6,78,0.1684934987039579,0.17011573640407385,1.867790996278425
Chimpanzee (Pan troglodytes),Olive baboon (Papio anubis),Mammalia,Mammalia,Primates,Primates,Hominidae,Cercopithecidae,Pan,Papio,Mammalia,same_order,28.82,28820000.0,TimeTree API pairwise summaryjson,83.0,26.8,30.6,Pan troglodytes,Papio anubis,13,14,182,0.05819440695607454,0.058260234278824666,1.4596939764779706
Chimpanzee (Pan troglodytes),Patas monkey (Erythrocebus patas),Mammalia,Mammalia,Primates,Primates,Hominidae,Cercopithecidae,Pan,Erythrocebus,Mammalia,same_order,28.82,28820000.0,TimeTree API pairwise summaryjson,83.0,26.8,30.6,Pan troglodytes,Erythrocebus patas,13,6,78,0.21718132249928812,0.22069598908041735,1.4596939764779706
Chimpanzee (Pan troglodytes),Plain-tailed wren (Pheugopedius euophrys),Mammalia,Aves,Primates,Passeriformes,Hominidae,Troglodytidae,Pan,Pheugopedius,Cross-class,cross_class,318.95,318950000.0,TimeTree API pairwise summaryjson,30.0,316.0,322.37,Pheugopedius euophrys,Pan troglodytes,13,3,39,0.42039489525900164,0.4481715947137227,2.503722606486479
Chimpanzee (Pan troglodytes),Poison dart frogs (Dendrobatidae; various genera),Mammalia,Amphibia,Primates,Anura,Hominidae,Dendrobatidae,Pan,,Cross-class,cross_class,351.686545,351686545.0,TimeTree API pairwise summaryjson,32.0,348.4,355.7,Dendrobatidae,Pan troglodytes,13,2,26,-0.056710317488330005,-0.056771229666564484,2.546155753178947
Chimpanzee (Pan troglodytes),Putty-nosed monkey (Cercopithecus nictitans),Mammalia,Mammalia,Primates,Primates,Hominidae,Cercopithecidae,Pan,Cercopithecus,Mammalia,same_order,28.82,28820000.0,TimeTree API pairwise summaryjson,83.0,26.8,30.6,Pan troglodytes,Cercopithecus nictitans,13,7,91,0.12459862764514142,0.12524949155401208,1.4596939764779706
Chimpanzee (Pan troglodytes),Red colobus (Piliocolobus spp.),Mammalia,Mammalia,Primates,Primates,Hominidae,Cercopithecidae,Pan,Piliocolobus,Mammalia,same_order,28.82,28820000.0,TimeTree API pairwise summaryjson,83.0,26.8,30.6,Piliocolobus,Pan troglodytes,13,5,65,0.17472757449582574,0.17653900182242213,1.4596939764779706
Chimpanzee (Pan troglodytes),Red-tailed monkey (Cercopithecus ascanius),Mammalia,Mammalia,Primates,Primates,Hominidae,Cercopithecidae,Pan,Cercopithecus,Mammalia,same_order,28.82,28820000.0,TimeTree API pairwise summaryjson,83.0,26.8,30.6,Pan troglodytes,Cercopithecus ascanius,13,7,91,0.23001503363589132,0.23420534015265007,1.4596939764779706
Chimpanzee (Pan troglodytes),Rhesus macaque (Macaca mulatta),Mammalia,Mammalia,Primates,Primates,Hominidae,Cercopithecidae,Pan,Macaca,Mammalia,same_order,28.82,28820000.0,TimeTree API pairwise summaryjson,83.0,26.8,30.6,Pan troglodytes,Macaca mulatta,13,8,104,-0.06534323075558289,-0.06543646922224443,1.4596939764779706
Chimpanzee (Pan troglodytes),Ring-tailed lemur (Lemur catta),Mammalia,Mammalia,Primates,Primates,Hominidae,Lemuridae,Pan,Lemur,Mammalia,same_order,73.75492,73754920.0,TimeTree API pairwise summaryjson,50.0,71.4,77.5,Pan troglodytes,Lemur catta,13,6,78,0.1476780074344087,0.14876583761422107,1.867790996278425
Chimpanzee (Pan troglodytes),Siamang (Symphalangus syndactylus),Mammalia,Mammalia,Primates,Primates,Hominidae,Hylobatidae,Pan,Symphalangus,Mammalia,same_order,19.45714,19457140.0,TimeTree API pairwise summaryjson,64.0,18.8,20.3,Pan troglodytes,Symphalangus syndactylus,13,4,52,0.321975292215754,0.33384930055014295,1.289079003789453
Chimpanzee (Pan troglodytes),Spotted hyena (Crocuta crocuta),Mammalia,Mammalia,Primates,Carnivora,Hominidae,Hyaenidae,Pan,Crocuta,Mammalia,same_class,94.0,94000000.0,TimeTree API pairwise summaryjson,63.0,91.5,97.4,Crocuta crocuta,Pan troglodytes,13,6,78,0.07509821377293777,0.07523987160718396,1.9731278535996986
Chimpanzee (Pan troglodytes),Talapoin monkey (Miopithecus talapoin),Mammalia,Mammalia,Primates,Primates,Hominidae,Cercopithecidae,Pan,Miopithecus,Mammalia,same_order,28.82,28820000.0,TimeTree API pairwise summaryjson,83.0,26.8,30.6,Pan troglodytes,Miopithecus talapoin,13,7,91,0.06751678139104383,0.06761965501281271,1.4596939764779706
Chimpanzee (Pan troglodytes),Tufted capuchin (Sapajus apella),Mammalia,Mammalia,Primates,Primates,Hominidae,Cebidae,Pan,Sapajus,Mammalia,same_order,42.9,42900000.0,TimeTree API pairwise summaryjson,68.0,40.0,44.2,Pan troglodytes,Sapajus apella,13,8,104,0.12065218419350776,0.12124279391156124,1.6324572921847242
Chimpanzee (Pan troglodytes),Túngara frog (Engystomops pustulosus),Mammalia,Amphibia,Primates,Anura,Hominidae,Leptodactylidae,Pan,Engystomops,Cross-class,cross_class,351.686545,351686545.0,TimeTree API pairwise summaryjson,32.0,348.4,355.7,Engystomops pustulosus,Pan troglodytes,13,3,39,-0.0005642382427849515,-0.0005642383026628271,2.546155753178947
Chimpanzee (Pan troglodytes),Vervet monkey (Chlorocebus pygerythrus),Mammalia,Mammalia,Primates,Primates,Hominidae,Cercopithecidae,Pan,Chlorocebus,Mammalia,same_order,28.82,28820000.0,TimeTree API pairwise summaryjson,83.0,26.8,30.6,Pan troglodytes,Chlorocebus pygerythrus,13,8,104,0.0646953184847463,0.06478580624657893,1.4596939764779706
Chimpanzee (Pan troglodytes),Western Gorilla (Gorilla gorilla),Mammalia,Mammalia,Primates,Primates,Hominidae,Hominidae,Pan,Gorilla,Mammalia,same_family,8.6,8600000.0,TimeTree API pairwise summaryjson,70.0,8.25,9.3,Pan troglodytes,Gorilla gorilla,13,9,117,0.09030859396164813,0.09055531056262744,0.9344984512435677
Chimpanzee (Pan troglodytes),White-browed sparrow-weaver (Plocepasser mahali),Mammalia,Aves,Primates,Passeriformes,Hominidae,Ploceidae,Pan,Plocepasser,Cross-class,cross_class,318.95,318950000.0,TimeTree API pairwise summaryjson,30.0,316.0,322.37,Plocepasser mahali,Pan troglodytes,13,4,52,0.22253281799887675,0.22631931622994178,2.503722606486479
Chimpanzee (Pan troglodytes),Yellow baboon (Papio cynocephalus),Mammalia,Mammalia,Primates,Primates,Hominidae,Cercopithecidae,Pan,Papio,Mammalia,same_order,28.82,28820000.0,TimeTree API pairwise summaryjson,83.0,26.8,30.6,Pan troglodytes,Papio cynocephalus,13,7,91,0.013249121164636477,0.013249896493059807,1.4596939764779706
Chimpanzee (Pan troglodytes),Zebra finch (Taeniopygia guttata),Mammalia,Aves,Primates,Passeriformes,Hominidae,Estrildidae,Pan,Taeniopygia,Cross-class,cross_class,318.95,318950000.0,TimeTree API pairwise summaryjson,30.0,316.0,322.37,Pan troglodytes,Taeniopygia guttata,13,7,91,-0.1812048007691882,-0.18322811179182735,2.503722606486479
Common marmoset (Callithrix jacchus),Crowned monkey / Crowned guenon (Cercopithecus pogonias),Mammalia,Mammalia,Primates,Primates,Callitrichidae,Cercopithecidae,Callithrix,Cercopithecus,Mammalia,same_order,42.9,42900000.0,TimeTree API pairwise summaryjson,68.0,40.0,44.2,Callithrix jacchus,Cercopithecus pogonias,8,5,40,0.6088142888186152,0.7070351540989313,1.6324572921847242
Common marmoset (Callithrix jacchus),De Brazza’s monkey (Cercopithecus neglectus),Mammalia,Mammalia,Primates,Primates,Callitrichidae,Cercopithecidae,Callithrix,Cercopithecus,Mammalia,same_order,42.9,42900000.0,TimeTree API pairwise summaryjson,68.0,40.0,44.2,Callithrix jacchus,Cercopithecus neglectus,8,7,56,0.3613273504143003,0.3784117290321126,1.6324572921847242
Common marmoset (Callithrix jacchus),Diana monkey (Cercopithecus diana),Mammalia,Mammalia,Primates,Primates,Callitrichidae,Cercopithecidae,Callithrix,Cercopithecus,Mammalia,same_order,42.9,42900000.0,TimeTree API pairwise summaryjson,68.0,40.0,44.2,Callithrix jacchus,Cercopithecus diana,8,6,48,0.43654734271033435,0.46795726018473033,1.6324572921847242
Common marmoset (Callithrix jacchus),Drill (Mandrillus leucophaeus),Mammalia,Mammalia,Primates,Primates,Callitrichidae,Cercopithecidae,Callithrix,Mandrillus,Mammalia,same_order,42.9,42900000.0,TimeTree API pairwise summaryjson,68.0,40.0,44.2,Mandrillus leucophaeus,Callithrix jacchus,8,7,56,0.3307915682937464,0.3437168197963093,1.6324572921847242
Common marmoset (Callithrix jacchus),Eastern Gorilla (Gorilla beringei),Mammalia,Mammalia,Primates,Primates,Callitrichidae,Hominidae,Callithrix,Gorilla,Mammalia,same_order,42.9,42900000.0,TimeTree API pairwise summaryjson,68.0,40.0,44.2,Gorilla beringei,Callithrix jacchus,8,3,24,-0.05396770848679664,-0.05402019413070574,1.6324572921847242
Common marmoset (Callithrix jacchus),Egyptian fruit bat (Rousettus aegyptiacus),Mammalia,Mammalia,Primates,Chiroptera,Callitrichidae,Pteropodidae,Callithrix,Rousettus,Mammalia,same_class,94.0,94000000.0,TimeTree API pairwise summaryjson,63.0,91.5,97.4,Rousettus aegyptiacus,Callithrix jacchus,8,5,40,0.4516564886373456,0.4867793266037925,1.9731278535996986
Common marmoset (Callithrix jacchus),European starling (Sturnus vulgaris),Mammalia,Aves,Primates,Passeriformes,Callitrichidae,Sturnidae,Callithrix,Sturnus,Cross-class,cross_class,318.95,318950000.0,TimeTree API pairwise summaryjson,30.0,316.0,322.37,Sturnus vulgaris,Callithrix jacchus,8,6,48,0.3730819020343402,0.3919985745122791,2.503722606486479
Common marmoset (Callithrix jacchus),Gelada (Theropithecus gelada),Mammalia,Mammalia,Primates,Primates,Callitrichidae,Cercopithecidae,Callithrix,Theropithecus,Mammalia,same_order,42.9,42900000.0,TimeTree API pairwise summaryjson,68.0,40.0,44.2,Callithrix jacchus,Theropithecus gelada,8,8,64,0.4378268993322304,0.46953917213738966,1.6324572921847242
Common marmoset (Callithrix jacchus),"Gibbons (Hylobates spp., Nomascus spp., Hoolock spp.)",Mammalia,Mammalia,Primates,Primates,Callitrichidae,Hylobatidae,Callithrix,,Mammalia,same_order,42.9,42900000.0,TimeTree API pairwise summaryjson,68.0,40.0,44.2,Hylobates,Callithrix jacchus,8,4,32,-0.023635180741500998,-0.02363958325935694,1.6324572921847242
Common marmoset (Callithrix jacchus),Gray wolf (Canis lupus),Mammalia,Mammalia,Primates,Carnivora,Callitrichidae,Canidae,Callithrix,Canis,Mammalia,same_class,94.0,94000000.0,TimeTree API pairwise summaryjson,63.0,91.5,97.4,Canis lupus,Callithrix jacchus,8,5,40,0.05440892618983348,0.05446271123661349,1.9731278535996986
Common marmoset (Callithrix jacchus),Greater sac-winged bat (Saccopteryx bilineata),Mammalia,Mammalia,Primates,Chiroptera,Callitrichidae,Emballonuridae,Callithrix,Saccopteryx,Mammalia,same_class,94.0,94000000.0,TimeTree API pairwise summaryjson,63.0,91.5,97.4,Saccopteryx bilineata,Callithrix jacchus,8,5,40,0.11055757705297412,0.11101135726326768,1.9731278535996986
Common marmoset (Callithrix jacchus),Green tree frog (Hyla cinerea),Mammalia,Amphibia,Primates,Anura,Callitrichidae,Hylidae,Callithrix,Hyla,Cross-class,cross_class,351.686545,351686545.0,TimeTree API pairwise summaryjson,32.0,348.4,355.7,Dryophytes cinereus,Callithrix jacchus,8,7,56,0.1274160124211681,0.1281123341155378,2.546155753178947
Common marmoset (Callithrix jacchus),Howler monkey (Alouatta spp.),Mammalia,Mammalia,Primates,Primates,Callitrichidae,Atelidae,Callithrix,Alouatta,Mammalia,same_order,19.6,19600000.0,TimeTree API pairwise summaryjson,23.0,18.1,21.80027,Callithrix jacchus,Alouatta,8,6,48,0.24518617661200237,0.2502846049325174,1.2922560713564761
Common marmoset (Callithrix jacchus),Indri (Indri indri),Mammalia,Mammalia,Primates,Primates,Callitrichidae,Indriidae,Callithrix,Indri,Mammalia,same_order,73.75492,73754920.0,TimeTree API pairwise summaryjson,50.0,71.4,77.5,Indri indri,Callithrix jacchus,8,6,48,0.6709077573517814,0.812392120374467,1.867790996278425
Common marmoset (Callithrix jacchus),Japanese macaque (Macaca fuscata),Mammalia,Mammalia,Primates,Primates,Callitrichidae,Cercopithecidae,Callithrix,Macaca,Mammalia,same_order,42.9,42900000.0,TimeTree API pairwise summaryjson,68.0,40.0,44.2,Macaca fuscata,Callithrix jacchus,8,8,64,0.27266212667588813,0.2797375143165775,1.6324572921847242
Common marmoset (Callithrix jacchus),Japanese tit (Parus minor),Mammalia,Aves,Primates,Passeriformes,Callitrichidae,Paridae,Callithrix,Parus,Cross-class,cross_class,318.95,318950000.0,TimeTree API pairwise summaryjson,30.0,316.0,322.37,Parus minor,Callithrix jacchus,8,4,32,0.08595781615913332,0.08617046651792565,2.503722606486479
Common marmoset (Callithrix jacchus),Langurs (Semnopithecus spp. / Trachypithecus spp.),Mammalia,Mammalia,Primates,Primates,Callitrichidae,Cercopithecidae,Callithrix,,Mammalia,same_order,42.9,42900000.0,TimeTree API pairwise summaryjson,68.0,40.0,44.2,Semnopithecus,Callithrix jacchus,8,5,40,0.4513621104035755,0.48640956942714914,1.6324572921847242
Common marmoset (Callithrix jacchus),L’Hoest’s monkey (Allochrocebus lhoesti),Mammalia,Mammalia,Primates,Primates,Callitrichidae,Cercopithecidae,Callithrix,Allochrocebus,Mammalia,same_order,42.9,42900000.0,TimeTree API pairwise summaryjson,68.0,40.0,44.2,Callithrix jacchus,Allochrocebus lhoesti,8,7,56,0.3969182769155103,0.4199855717558083,1.6324572921847242
Common marmoset (Callithrix jacchus),Mandrill (Mandrillus sphinx),Mammalia,Mammalia,Primates,Primates,Callitrichidae,Cercopithecidae,Callithrix,Mandrillus,Mammalia,same_order,42.9,42900000.0,TimeTree API pairwise summaryjson,68.0,40.0,44.2,Mandrillus sphinx,Callithrix jacchus,8,7,56,0.33539809114523667,0.3488982469474966,1.6324572921847242
Common marmoset (Callithrix jacchus),Meerkat (Suricata suricatta),Mammalia,Mammalia,Primates,Carnivora,Callitrichidae,Herpestidae,Callithrix,Suricata,Mammalia,same_class,94.0,94000000.0,TimeTree API pairwise summaryjson,63.0,91.5,97.4,Suricata suricatta,Callithrix jacchus,8,7,56,0.16508883686807155,0.16661364509140716,1.9731278535996986
Common marmoset (Callithrix jacchus),Mona monkey (Cercopithecus mona),Mammalia,Mammalia,Primates,Primates,Callitrichidae,Cercopithecidae,Callithrix,Cercopithecus,Mammalia,same_order,42.9,42900000.0,TimeTree API pairwise summaryjson,68.0,40.0,44.2,Callithrix jacchus,Cercopithecus mona,8,6,48,0.5567648127374967,0.6281322914753549,1.6324572921847242
Common marmoset (Callithrix jacchus),Mouse lemurs (Microcebus spp.),Mammalia,Mammalia,Primates,Primates,Callitrichidae,Cheirogaleidae,Callithrix,Microcebus,Mammalia,same_order,73.75492,73754920.0,TimeTree API pairwise summaryjson,50.0,71.4,77.5,Microcebus,Callithrix jacchus,8,6,48,0.45404902955217324,0.48978910199449466,1.867790996278425
Common marmoset (Callithrix jacchus),Olive baboon (Papio anubis),Mammalia,Mammalia,Primates,Primates,Callitrichidae,Cercopithecidae,Callithrix,Papio,Mammalia,same_order,42.9,42900000.0,TimeTree API pairwise summaryjson,68.0,40.0,44.2,Papio anubis,Callithrix jacchus,8,14,112,0.38768993342168795,0.4090784631288501,1.6324572921847242
Common marmoset (Callithrix jacchus),Patas monkey (Erythrocebus patas),Mammalia,Mammalia,Primates,Primates,Callitrichidae,Cercopithecidae,Callithrix,Erythrocebus,Mammalia,same_order,42.9,42900000.0,TimeTree API pairwise summaryjson,68.0,40.0,44.2,Callithrix jacchus,Erythrocebus patas,8,6,48,0.40080019698345687,0.42460190906743855,1.6324572921847242
Common marmoset (Callithrix jacchus),Plain-tailed wren (Pheugopedius euophrys),Mammalia,Aves,Primates,Passeriformes,Callitrichidae,Troglodytidae,Callithrix,Pheugopedius,Cross-class,cross_class,318.95,318950000.0,TimeTree API pairwise summaryjson,30.0,316.0,322.37,Pheugopedius euophrys,Callithrix jacchus,8,3,24,0.11612177757708854,0.11664798048639846,2.503722606486479
Common marmoset (Callithrix jacchus),Poison dart frogs (Dendrobatidae; various genera),Mammalia,Amphibia,Primates,Anura,Callitrichidae,Dendrobatidae,Callithrix,,Cross-class,cross_class,351.686545,351686545.0,TimeTree API pairwise summaryjson,32.0,348.4,355.7,Dendrobatidae,Callithrix jacchus,8,2,16,-0.1924894094938175,-0.1949210858033504,2.546155753178947
Common marmoset (Callithrix jacchus),Putty-nosed monkey (Cercopithecus nictitans),Mammalia,Mammalia,Primates,Primates,Callitrichidae,Cercopithecidae,Callithrix,Cercopithecus,Mammalia,same_order,42.9,42900000.0,TimeTree API pairwise summaryjson,68.0,40.0,44.2,Callithrix jacchus,Cercopithecus nictitans,8,7,56,0.369002345149405,0.387267696175513,1.6324572921847242
Common marmoset (Callithrix jacchus),Red colobus (Piliocolobus spp.),Mammalia,Mammalia,Primates,Primates,Callitrichidae,Cercopithecidae,Callithrix,Piliocolobus,Mammalia,same_order,42.9,42900000.0,TimeTree API pairwise summaryjson,68.0,40.0,44.2,Piliocolobus,Callithrix jacchus,8,5,40,0.40550097683419406,0.43021500617204605,1.6324572921847242
Common marmoset (Callithrix jacchus),Red-tailed monkey (Cercopithecus ascanius),Mammalia,Mammalia,Primates,Primates,Callitrichidae,Cercopithecidae,Callithrix,Cercopithecus,Mammalia,same_order,42.9,42900000.0,TimeTree API pairwise summaryjson,68.0,40.0,44.2,Callithrix jacchus,Cercopithecus ascanius,8,7,56,0.3682481356039119,0.3863948849921642,1.6324572921847242
Common marmoset (Callithrix jacchus),Rhesus macaque (Macaca mulatta),Mammalia,Mammalia,Primates,Primates,Callitrichidae,Cercopithecidae,Callithrix,Macaca,Mammalia,same_order,42.9,42900000.0,TimeTree API pairwise summaryjson,68.0,40.0,44.2,Macaca mulatta,Callithrix jacchus,8,8,64,0.2394658725209455,0.24420741604320734,1.6324572921847242
Common marmoset (Callithrix jacchus),Ring-tailed lemur (Lemur catta),Mammalia,Mammalia,Primates,Primates,Callitrichidae,Lemuridae,Callithrix,Lemur,Mammalia,same_order,73.75492,73754920.0,TimeTree API pairwise summaryjson,50.0,71.4,77.5,Lemur catta,Callithrix jacchus,8,6,48,0.6194661520461888,0.7241383541418339,1.867790996278425
Common marmoset (Callithrix jacchus),Siamang (Symphalangus syndactylus),Mammalia,Mammalia,Primates,Primates,Callitrichidae,Hylobatidae,Callithrix,Symphalangus,Mammalia,same_order,42.9,42900000.0,TimeTree API pairwise summaryjson,68.0,40.0,44.2,Symphalangus syndactylus,Callithrix jacchus,8,4,32,0.286217677355238,0.29444155592824656,1.6324572921847242
Common marmoset (Callithrix jacchus),Spotted hyena (Crocuta crocuta),Mammalia,Mammalia,Primates,Carnivora,Callitrichidae,Hyaenidae,Callithrix,Crocuta,Mammalia,same_class,94.0,94000000.0,TimeTree API pairwise summaryjson,63.0,91.5,97.4,Crocuta crocuta,Callithrix jacchus,8,6,48,0.04798851248091227,0.048025401003721026,1.9731278535996986
Common marmoset (Callithrix jacchus),Talapoin monkey (Miopithecus talapoin),Mammalia,Mammalia,Primates,Primates,Callitrichidae,Cercopithecidae,Callithrix,Miopithecus,Mammalia,same_order,42.9,42900000.0,TimeTree API pairwise summaryjson,68.0,40.0,44.2,Callithrix jacchus,Miopithecus talapoin,8,7,56,0.37310852846275977,0.39202950670285625,1.6324572921847242
Common marmoset (Callithrix jacchus),Tufted capuchin (Sapajus apella),Mammalia,Mammalia,Primates,Primates,Callitrichidae,Cebidae,Callithrix,Sapajus,Mammalia,same_order,17.88348,17883480.0,TimeTree API pairwise summaryjson,26.0,17.1,19.10146,Sapajus apella,Callithrix jacchus,8,8,64,0.4681073508436271,0.507643826049335,1.2524520333491005
Common marmoset (Callithrix jacchus),Túngara frog (Engystomops pustulosus),Mammalia,Amphibia,Primates,Anura,Callitrichidae,Leptodactylidae,Callithrix,Engystomops,Cross-class,cross_class,351.686545,351686545.0,TimeTree API pairwise summaryjson,32.0,348.4,355.7,Engystomops pustulosus,Callithrix jacchus,8,3,24,-0.11928193312988944,-0.11985253386278473,2.546155753178947
Common marmoset (Callithrix jacchus),Vervet monkey (Chlorocebus pygerythrus),Mammalia,Mammalia,Primates,Primates,Callitrichidae,Cercopithecidae,Callithrix,Chlorocebus,Mammalia,same_order,42.9,42900000.0,TimeTree API pairwise summaryjson,68.0,40.0,44.2,Chlorocebus pygerythrus,Callithrix jacchus,8,8,64,0.3285737928153948,0.3412285961003502,1.6324572921847242
Common marmoset (Callithrix jacchus),Western Gorilla (Gorilla gorilla),Mammalia,Mammalia,Primates,Primates,Callitrichidae,Hominidae,Callithrix,Gorilla,Mammalia,same_order,42.9,42900000.0,TimeTree API pairwise summaryjson,68.0,40.0,44.2,Gorilla gorilla,Callithrix jacchus,8,9,72,0.18170458686805405,0.1837449140332087,1.6324572921847242
Common marmoset (Callithrix jacchus),White-browed sparrow-weaver (Plocepasser mahali),Mammalia,Aves,Primates,Passeriformes,Callitrichidae,Ploceidae,Callithrix,Plocepasser,Cross-class,cross_class,318.95,318950000.0,TimeTree API pairwise summaryjson,30.0,316.0,322.37,Plocepasser mahali,Callithrix jacchus,8,4,32,0.21324906949311725,0.21657275133240916,2.503722606486479
Common marmoset (Callithrix jacchus),Yellow baboon (Papio cynocephalus),Mammalia,Mammalia,Primates,Primates,Callitrichidae,Cercopithecidae,Callithrix,Papio,Mammalia,same_order,42.9,42900000.0,TimeTree API pairwise summaryjson,68.0,40.0,44.2,Papio cynocephalus,Callithrix jacchus,8,7,56,0.2937210869270306,0.30263384400396565,1.6324572921847242
Common marmoset (Callithrix jacchus),Zebra finch (Taeniopygia guttata),Mammalia,Aves,Primates,Passeriformes,Callitrichidae,Estrildidae,Callithrix,Taeniopygia,Cross-class,cross_class,318.95,318950000.0,TimeTree API pairwise summaryjson,30.0,316.0,322.37,Callithrix jacchus,Taeniopygia guttata,8,7,56,-0.08255716690230201,-0.08274549890828513,2.503722606486479
Crowned monkey / Crowned guenon (Cercopithecus pogonias),De Brazza’s monkey (Cercopithecus neglectus),Mammalia,Mammalia,Primates,Primates,Cercopithecidae,Cercopithecidae,Cercopithecus,Cercopithecus,Mammalia,same_genus,5.091342,5091342.0,TimeTree API pairwise summaryjson,5.0,0.0,0.0,Cercopithecus neglectus,Cercopithecus pogonias,5,7,35,0.7697889905682636,1.0198096417208884,0.7068322708193359
Crowned monkey / Crowned guenon (Cercopithecus pogonias),Diana monkey (Cercopithecus diana),Mammalia,Mammalia,Primates,Primates,Cercopithecidae,Cercopithecidae,Cercopithecus,Cercopithecus,Mammalia,same_genus,5.091342,5091342.0,TimeTree API pairwise summaryjson,5.0,0.0,0.0,Cercopithecus diana,Cercopithecus pogonias,5,6,30,0.6880694771181716,0.8442801768991048,0.7068322708193359
Crowned monkey / Crowned guenon (Cercopithecus pogonias),Drill (Mandrillus leucophaeus),Mammalia,Mammalia,Primates,Primates,Cercopithecidae,Cercopithecidae,Cercopithecus,Mandrillus,Mammalia,same_family,12.32716,12327160.0,TimeTree API pairwise summaryjson,28.0,11.5,13.0889,Mandrillus leucophaeus,Cercopithecus pogonias,5,7,35,0.6892155202264989,0.8464599150324656,1.0908630329301952
Crowned monkey / Crowned guenon (Cercopithecus pogonias),Eastern Gorilla (Gorilla beringei),Mammalia,Mammalia,Primates,Primates,Cercopithecidae,Hominidae,Cercopithecus,Gorilla,Mammalia,same_order,28.82,28820000.0,TimeTree API pairwise summaryjson,83.0,26.8,30.6,Gorilla beringei,Cercopithecus pogonias,5,3,15,0.232717865601597,0.23706104116471305,1.4596939764779706
Crowned monkey / Crowned guenon (Cercopithecus pogonias),Egyptian fruit bat (Rousettus aegyptiacus),Mammalia,Mammalia,Primates,Chiroptera,Cercopithecidae,Pteropodidae,Cercopithecus,Rousettus,Mammalia,same_class,94.0,94000000.0,TimeTree API pairwise summaryjson,63.0,91.5,97.4,Rousettus aegyptiacus,Cercopithecus pogonias,5,5,25,0.516525577263201,0.5715893898547202,1.9731278535996986
Crowned monkey / Crowned guenon (Cercopithecus pogonias),European starling (Sturnus vulgaris),Mammalia,Aves,Primates,Passeriformes,Cercopithecidae,Sturnidae,Cercopithecus,Sturnus,Cross-class,cross_class,318.95,318950000.0,TimeTree API pairwise summaryjson,30.0,316.0,322.37,Sturnus vulgaris,Cercopithecus pogonias,5,6,30,0.21437634966661206,0.2177540350746044,2.503722606486479
Crowned monkey / Crowned guenon (Cercopithecus pogonias),Gelada (Theropithecus gelada),Mammalia,Mammalia,Primates,Primates,Cercopithecidae,Cercopithecidae,Cercopithecus,Theropithecus,Mammalia,same_family,12.32716,12327160.0,TimeTree API pairwise summaryjson,28.0,11.5,13.0889,Theropithecus gelada,Cercopithecus pogonias,5,8,40,0.6928668399513086,0.8534486630496695,1.0908630329301952
Crowned monkey / Crowned guenon (Cercopithecus pogonias),"Gibbons (Hylobates spp., Nomascus spp., Hoolock spp.)",Mammalia,Mammalia,Primates,Primates,Cercopithecidae,Hylobatidae,Cercopithecus,,Mammalia,same_order,28.82,28820000.0,TimeTree API pairwise summaryjson,83.0,26.8,30.6,Hylobates,Cercopithecus pogonias,5,4,20,0.13970388073644618,0.14062354960013687,1.4596939764779706
Crowned monkey / Crowned guenon (Cercopithecus pogonias),Gray wolf (Canis lupus),Mammalia,Mammalia,Primates,Carnivora,Cercopithecidae,Canidae,Cercopithecus,Canis,Mammalia,same_class,94.0,94000000.0,TimeTree API pairwise summaryjson,63.0,91.5,97.4,Canis lupus,Cercopithecus pogonias,5,5,25,0.09721003783875475,0.09751799064920509,1.9731278535996986
Crowned monkey / Crowned guenon (Cercopithecus pogonias),Greater sac-winged bat (Saccopteryx bilineata),Mammalia,Mammalia,Primates,Chiroptera,Cercopithecidae,Emballonuridae,Cercopithecus,Saccopteryx,Mammalia,same_class,94.0,94000000.0,TimeTree API pairwise summaryjson,63.0,91.5,97.4,Saccopteryx bilineata,Cercopithecus pogonias,5,5,25,0.12166359787559757,0.12226927565261798,1.9731278535996986
Crowned monkey / Crowned guenon (Cercopithecus pogonias),Green tree frog (Hyla cinerea),Mammalia,Amphibia,Primates,Anura,Cercopithecidae,Hylidae,Cercopithecus,Hyla,Cross-class,cross_class,351.686545,351686545.0,TimeTree API pairwise summaryjson,32.0,348.4,355.7,Dryophytes cinereus,Cercopithecus pogonias,5,7,35,0.36052499808814276,0.3774892010217042,2.546155753178947
Crowned monkey / Crowned guenon (Cercopithecus pogonias),Howler monkey (Alouatta spp.),Mammalia,Mammalia,Primates,Primates,Cercopithecidae,Atelidae,Cercopithecus,Alouatta,Mammalia,same_order,42.9,42900000.0,TimeTree API pairwise summaryjson,68.0,40.0,44.2,Alouatta,Cercopithecus pogonias,5,6,30,0.24836280108310785,0.2536672266966135,1.6324572921847242
Crowned monkey / Crowned guenon (Cercopithecus pogonias),Indri (Indri indri),Mammalia,Mammalia,Primates,Primates,Cercopithecidae,Indriidae,Cercopithecus,Indri,Mammalia,same_order,73.75492,73754920.0,TimeTree API pairwise summaryjson,50.0,71.4,77.5,Indri indri,Cercopithecus pogonias,5,6,30,0.6382688531321246,0.7552470691298355,1.867790996278425
Crowned monkey / Crowned guenon (Cercopithecus pogonias),Japanese macaque (Macaca fuscata),Mammalia,Mammalia,Primates,Primates,Cercopithecidae,Cercopithecidae,Cercopithecus,Macaca,Mammalia,same_family,12.32716,12327160.0,TimeTree API pairwise summaryjson,28.0,11.5,13.0889,Macaca fuscata,Cercopithecus pogonias,5,8,40,0.5656513674971434,0.6411048566608225,1.0908630329301952
Crowned monkey / Crowned guenon (Cercopithecus pogonias),Japanese tit (Parus minor),Mammalia,Aves,Primates,Passeriformes,Cercopithecidae,Paridae,Cercopithecus,Parus,Cross-class,cross_class,318.95,318950000.0,TimeTree API pairwise summaryjson,30.0,316.0,322.37,Parus minor,Cercopithecus pogonias,5,4,20,0.12036632049866833,0.12095271758703735,2.503722606486479
Crowned monkey / Crowned guenon (Cercopithecus pogonias),Langurs (Semnopithecus spp. / Trachypithecus spp.),Mammalia,Mammalia,Primates,Primates,Cercopithecidae,Cercopithecidae,Cercopithecus,,Mammalia,same_family,17.755,17755000.0,TimeTree API pairwise summaryjson,29.0,15.5,19.8,Semnopithecus,Cercopithecus pogonias,5,5,25,0.7133459815578859,0.8939637370467923,1.2493206766376344
Crowned monkey / Crowned guenon (Cercopithecus pogonias),L’Hoest’s monkey (Allochrocebus lhoesti),Mammalia,Mammalia,Primates,Primates,Cercopithecidae,Cercopithecidae,Cercopithecus,Allochrocebus,Mammalia,same_family,5.091342,5091342.0,TimeTree API pairwise summaryjson,5.0,0.0,0.0,Allochrocebus lhoesti,Cercopithecus pogonias,5,7,35,0.7941035840928369,1.082443786605369,0.7068322708193359
Crowned monkey / Crowned guenon (Cercopithecus pogonias),Mandrill (Mandrillus sphinx),Mammalia,Mammalia,Primates,Primates,Cercopithecidae,Cercopithecidae,Cercopithecus,Mandrillus,Mammalia,same_family,12.32716,12327160.0,TimeTree API pairwise summaryjson,28.0,11.5,13.0889,Mandrillus sphinx,Cercopithecus pogonias,5,7,35,0.6845079256681332,0.8375476036016154,1.0908630329301952
Crowned monkey / Crowned guenon (Cercopithecus pogonias),Meerkat (Suricata suricatta),Mammalia,Mammalia,Primates,Carnivora,Cercopithecidae,Herpestidae,Cercopithecus,Suricata,Mammalia,same_class,94.0,94000000.0,TimeTree API pairwise summaryjson,63.0,91.5,97.4,Suricata suricatta,Cercopithecus pogonias,5,7,35,0.1345108255865216,0.13533098985027409,1.9731278535996986
Crowned monkey / Crowned guenon (Cercopithecus pogonias),Mona monkey (Cercopithecus mona),Mammalia,Mammalia,Primates,Primates,Cercopithecidae,Cercopithecidae,Cercopithecus,Cercopithecus,Mammalia,same_genus,5.091342,5091342.0,TimeTree API pairwise summaryjson,5.0,0.0,0.0,Cercopithecus pogonias,Cercopithecus mona,5,6,30,0.7680990798361906,1.0156750350357273,0.7068322708193359
Crowned monkey / Crowned guenon (Cercopithecus pogonias),Mouse lemurs (Microcebus spp.),Mammalia,Mammalia,Primates,Primates,Cercopithecidae,Cheirogaleidae,Cercopithecus,Microcebus,Mammalia,same_order,73.75492,73754920.0,TimeTree API pairwise summaryjson,50.0,71.4,77.5,Microcebus,Cercopithecus pogonias,5,6,30,0.540574581016616,0.6049670554116199,1.867790996278425
Crowned monkey / Crowned guenon (Cercopithecus pogonias),Olive baboon (Papio anubis),Mammalia,Mammalia,Primates,Primates,Cercopithecidae,Cercopithecidae,Cercopithecus,Papio,Mammalia,same_family,12.32716,12327160.0,TimeTree API pairwise summaryjson,28.0,11.5,13.0889,Papio anubis,Cercopithecus pogonias,5,14,70,0.6278666598860598,0.7378867038731467,1.0908630329301952
Crowned monkey / Crowned guenon (Cercopithecus pogonias),Patas monkey (Erythrocebus patas),Mammalia,Mammalia,Primates,Primates,Cercopithecidae,Cercopithecidae,Cercopithecus,Erythrocebus,Mammalia,same_family,5.091342,5091342.0,TimeTree API pairwise summaryjson,5.0,0.0,0.0,Erythrocebus patas,Cercopithecus pogonias,5,6,30,0.7998591101995243,1.0982210505833883,0.7068322708193359
Crowned monkey / Crowned guenon (Cercopithecus pogonias),Plain-tailed wren (Pheugopedius euophrys),Mammalia,Aves,Primates,Passeriformes,Cercopithecidae,Troglodytidae,Cercopithecus,Pheugopedius,Cross-class,cross_class,318.95,318950000.0,TimeTree API pairwise summaryjson,30.0,316.0,322.37,Pheugopedius euophrys,Cercopithecus pogonias,5,3,15,0.5462374486456539,0.6130028799018553,2.503722606486479
Crowned monkey / Crowned guenon (Cercopithecus pogonias),Poison dart frogs (Dendrobatidae; various genera),Mammalia,Amphibia,Primates,Anura,Cercopithecidae,Dendrobatidae,Cercopithecus,,Cross-class,cross_class,351.686545,351686545.0,TimeTree API pairwise summaryjson,32.0,348.4,355.7,Dendrobatidae,Cercopithecus pogonias,5,2,10,-0.10758139245578534,-0.10799933890599457,2.546155753178947
Crowned monkey / Crowned guenon (Cercopithecus pogonias),Putty-nosed monkey (Cercopithecus nictitans),Mammalia,Mammalia,Primates,Primates,Cercopithecidae,Cercopithecidae,Cercopithecus,Cercopithecus,Mammalia,same_genus,5.091342,5091342.0,TimeTree API pairwise summaryjson,5.0,0.0,0.0,Cercopithecus nictitans,Cercopithecus pogonias,5,7,35,0.5640194109925294,0.6387083052079439,0.7068322708193359
Crowned monkey / Crowned guenon (Cercopithecus pogonias),Red colobus (Piliocolobus spp.),Mammalia,Mammalia,Primates,Primates,Cercopithecidae,Cercopithecidae,Cercopithecus,Piliocolobus,Mammalia,same_family,17.755,17755000.0,TimeTree API pairwise summaryjson,29.0,15.5,19.8,Piliocolobus,Cercopithecus pogonias,5,5,25,0.715290643773075,0.8979344798128165,1.2493206766376344
Crowned monkey / Crowned guenon (Cercopithecus pogonias),Red-tailed monkey (Cercopithecus ascanius),Mammalia,Mammalia,Primates,Primates,Cercopithecidae,Cercopithecidae,Cercopithecus,Cercopithecus,Mammalia,same_genus,5.091342,5091342.0,TimeTree API pairwise summaryjson,5.0,0.0,0.0,Cercopithecus ascanius,Cercopithecus pogonias,5,7,35,0.750088581345106,0.9731575769271265,0.7068322708193359
Crowned monkey / Crowned guenon (Cercopithecus pogonias),Rhesus macaque (Macaca mulatta),Mammalia,Mammalia,Primates,Primates,Cercopithecidae,Cercopithecidae,Cercopithecus,Macaca,Mammalia,same_family,12.32716,12327160.0,TimeTree API pairwise summaryjson,28.0,11.5,13.0889,Macaca mulatta,Cercopithecus pogonias,5,8,40,0.5782477514208185,0.6598262197801334,1.0908630329301952
Crowned monkey / Crowned guenon (Cercopithecus pogonias),Ring-tailed lemur (Lemur catta),Mammalia,Mammalia,Primates,Primates,Cercopithecidae,Lemuridae,Cercopithecus,Lemur,Mammalia,same_order,73.75492,73754920.0,TimeTree API pairwise summaryjson,50.0,71.4,77.5,Lemur catta,Cercopithecus pogonias,5,6,30,0.5989489757619728,0.6915065702657327,1.867790996278425
Crowned monkey / Crowned guenon (Cercopithecus pogonias),Siamang (Symphalangus syndactylus),Mammalia,Mammalia,Primates,Primates,Cercopithecidae,Hylobatidae,Cercopithecus,Symphalangus,Mammalia,same_order,28.82,28820000.0,TimeTree API pairwise summaryjson,83.0,26.8,30.6,Symphalangus syndactylus,Cercopithecus pogonias,5,4,20,-0.26640199076230264,-0.2729869366507294,1.4596939764779706
Crowned monkey / Crowned guenon (Cercopithecus pogonias),Spotted hyena (Crocuta crocuta),Mammalia,Mammalia,Primates,Carnivora,Cercopithecidae,Hyaenidae,Cercopithecus,Crocuta,Mammalia,same_class,94.0,94000000.0,TimeTree API pairwise summaryjson,63.0,91.5,97.4,Crocuta crocuta,Cercopithecus pogonias,5,6,30,0.06916407062035017,0.06927467424811318,1.9731278535996986
Crowned monkey / Crowned guenon (Cercopithecus pogonias),Talapoin monkey (Miopithecus talapoin),Mammalia,Mammalia,Primates,Primates,Cercopithecidae,Cercopithecidae,Cercopithecus,Miopithecus,Mammalia,same_family,8.859425,8859425.0,TimeTree API pairwise summaryjson,8.0,7.5516,12.946,Miopithecus talapoin,Cercopithecus pogonias,5,7,35,0.6826898422623413,0.8341345887382214,0.947405535946798
Crowned monkey / Crowned guenon (Cercopithecus pogonias),Tufted capuchin (Sapajus apella),Mammalia,Mammalia,Primates,Primates,Cercopithecidae,Cebidae,Cercopithecus,Sapajus,Mammalia,same_order,42.9,42900000.0,TimeTree API pairwise summaryjson,68.0,40.0,44.2,Sapajus apella,Cercopithecus pogonias,5,8,40,0.5416741242474511,0.6065218742007877,1.6324572921847242
Crowned monkey / Crowned guenon (Cercopithecus pogonias),Túngara frog (Engystomops pustulosus),Mammalia,Amphibia,Primates,Anura,Cercopithecidae,Leptodactylidae,Cercopithecus,Engystomops,Cross-class,cross_class,351.686545,351686545.0,TimeTree API pairwise summaryjson,32.0,348.4,355.7,Engystomops pustulosus,Cercopithecus pogonias,5,3,15,0.14608359634721083,0.14713626990657966,2.546155753178947
Crowned monkey / Crowned guenon (Cercopithecus pogonias),Vervet monkey (Chlorocebus pygerythrus),Mammalia,Mammalia,Primates,Primates,Cercopithecidae,Cercopithecidae,Cercopithecus,Chlorocebus,Mammalia,same_family,5.091342,5091342.0,TimeTree API pairwise summaryjson,5.0,0.0,0.0,Chlorocebus pygerythrus,Cercopithecus pogonias,5,8,40,0.5537370125021807,0.6237549238375705,0.7068322708193359
Crowned monkey / Crowned guenon (Cercopithecus pogonias),Western Gorilla (Gorilla gorilla),Mammalia,Mammalia,Primates,Primates,Cercopithecidae,Hominidae,Cercopithecus,Gorilla,Mammalia,same_order,28.82,28820000.0,TimeTree API pairwise summaryjson,83.0,26.8,30.6,Gorilla gorilla,Cercopithecus pogonias,5,9,45,0.3065174513621611,0.3166971834780241,1.4596939764779706
Crowned monkey / Crowned guenon (Cercopithecus pogonias),White-browed sparrow-weaver (Plocepasser mahali),Mammalia,Aves,Primates,Passeriformes,Cercopithecidae,Ploceidae,Cercopithecus,Plocepasser,Cross-class,cross_class,318.95,318950000.0,TimeTree API pairwise summaryjson,30.0,316.0,322.37,Plocepasser mahali,Cercopithecus pogonias,5,4,20,0.19184121705112012,0.19424803940756097,2.503722606486479
Crowned monkey / Crowned guenon (Cercopithecus pogonias),Yellow baboon (Papio cynocephalus),Mammalia,Mammalia,Primates,Primates,Cercopithecidae,Cercopithecidae,Cercopithecus,Papio,Mammalia,same_family,12.32716,12327160.0,TimeTree API pairwise summaryjson,28.0,11.5,13.0889,Papio cynocephalus,Cercopithecus pogonias,5,7,35,0.6145874528016095,0.71626022204581,1.0908630329301952
Crowned monkey / Crowned guenon (Cercopithecus pogonias),Zebra finch (Taeniopygia guttata),Mammalia,Aves,Primates,Passeriformes,Cercopithecidae,Estrildidae,Cercopithecus,Taeniopygia,Cross-class,cross_class,318.95,318950000.0,TimeTree API pairwise summaryjson,30.0,316.0,322.37,Cercopithecus pogonias,Taeniopygia guttata,5,7,35,-0.1223588556232855,-0.1229750399598103,2.503722606486479
De Brazza’s monkey (Cercopithecus neglectus),Diana monkey (Cercopithecus diana),Mammalia,Mammalia,Primates,Primates,Cercopithecidae,Cercopithecidae,Cercopithecus,Cercopithecus,Mammalia,same_genus,5.86525,5865250.0,TimeTree API pairwise summaryjson,4.0,5.2228,8.348,Cercopithecus diana,Cercopithecus neglectus,7,6,42,0.5461141105381079,0.6128271074760313,0.7682865281832659
De Brazza’s monkey (Cercopithecus neglectus),Drill (Mandrillus leucophaeus),Mammalia,Mammalia,Primates,Primates,Cercopithecidae,Cercopithecidae,Cercopithecus,Mandrillus,Mammalia,same_family,12.32716,12327160.0,TimeTree API pairwise summaryjson,28.0,11.5,13.0889,Mandrillus leucophaeus,Cercopithecus neglectus,7,7,49,0.5368617049484345,0.5997360296631691,1.0908630329301952
De Brazza’s monkey (Cercopithecus neglectus),Eastern Gorilla (Gorilla beringei),Mammalia,Mammalia,Primates,Primates,Cercopithecidae,Hominidae,Cercopithecus,Gorilla,Mammalia,same_order,28.82,28820000.0,TimeTree API pairwise summaryjson,83.0,26.8,30.6,Gorilla beringei,Cercopithecus neglectus,7,3,21,0.44016450968818854,0.4724348278065288,1.4596939764779706
De Brazza’s monkey (Cercopithecus neglectus),Egyptian fruit bat (Rousettus aegyptiacus),Mammalia,Mammalia,Primates,Chiroptera,Cercopithecidae,Pteropodidae,Cercopithecus,Rousettus,Mammalia,same_class,94.0,94000000.0,TimeTree API pairwise summaryjson,63.0,91.5,97.4,Rousettus aegyptiacus,Cercopithecus neglectus,7,5,35,0.6115110101283954,0.7113313520742542,1.9731278535996986
De Brazza’s monkey (Cercopithecus neglectus),European starling (Sturnus vulgaris),Mammalia,Aves,Primates,Passeriformes,Cercopithecidae,Sturnidae,Cercopithecus,Sturnus,Cross-class,cross_class,318.95,318950000.0,TimeTree API pairwise summaryjson,30.0,316.0,322.37,Sturnus vulgaris,Cercopithecus neglectus,7,6,42,0.340158642859498,0.3542719189862609,2.503722606486479
De Brazza’s monkey (Cercopithecus neglectus),Gelada (Theropithecus gelada),Mammalia,Mammalia,Primates,Primates,Cercopithecidae,Cercopithecidae,Cercopithecus,Theropithecus,Mammalia,same_family,12.32716,12327160.0,TimeTree API pairwise summaryjson,28.0,11.5,13.0889,Cercopithecus neglectus,Theropithecus gelada,7,8,56,0.5919776287517149,0.6807051548110461,1.0908630329301952
De Brazza’s monkey (Cercopithecus neglectus),"Gibbons (Hylobates spp., Nomascus spp., Hoolock spp.)",Mammalia,Mammalia,Primates,Primates,Cercopithecidae,Hylobatidae,Cercopithecus,,Mammalia,same_order,28.82,28820000.0,TimeTree API pairwise summaryjson,83.0,26.8,30.6,Hylobates,Cercopithecus neglectus,7,4,28,0.10996626559818917,0.11041276833072872,1.4596939764779706
De Brazza’s monkey (Cercopithecus neglectus),Gray wolf (Canis lupus),Mammalia,Mammalia,Primates,Carnivora,Cercopithecidae,Canidae,Cercopithecus,Canis,Mammalia,same_class,94.0,94000000.0,TimeTree API pairwise summaryjson,63.0,91.5,97.4,Canis lupus,Cercopithecus neglectus,7,5,35,0.0531078811668935,0.05315789515341008,1.9731278535996986
De Brazza’s monkey (Cercopithecus neglectus),Greater sac-winged bat (Saccopteryx bilineata),Mammalia,Mammalia,Primates,Chiroptera,Cercopithecidae,Emballonuridae,Cercopithecus,Saccopteryx,Mammalia,same_class,94.0,94000000.0,TimeTree API pairwise summaryjson,63.0,91.5,97.4,Saccopteryx bilineata,Cercopithecus neglectus,7,5,35,0.38521716839598685,0.4061715602566683,1.9731278535996986
De Brazza’s monkey (Cercopithecus neglectus),Green tree frog (Hyla cinerea),Mammalia,Amphibia,Primates,Anura,Cercopithecidae,Hylidae,Cercopithecus,Hyla,Cross-class,cross_class,351.686545,351686545.0,TimeTree API pairwise summaryjson,32.0,348.4,355.7,Dryophytes cinereus,Cercopithecus neglectus,7,7,49,0.30239917868963506,0.31215815735194963,2.546155753178947
De Brazza’s monkey (Cercopithecus neglectus),Howler monkey (Alouatta spp.),Mammalia,Mammalia,Primates,Primates,Cercopithecidae,Atelidae,Cercopithecus,Alouatta,Mammalia,same_order,42.9,42900000.0,TimeTree API pairwise summaryjson,68.0,40.0,44.2,Alouatta,Cercopithecus neglectus,7,6,42,0.3598275607131057,0.37668780032489013,1.6324572921847242
De Brazza’s monkey (Cercopithecus neglectus),Indri (Indri indri),Mammalia,Mammalia,Primates,Primates,Cercopithecidae,Indriidae,Cercopithecus,Indri,Mammalia,same_order,73.75492,73754920.0,TimeTree API pairwise summaryjson,50.0,71.4,77.5,Indri indri,Cercopithecus neglectus,7,6,42,0.6065285586267415,0.7034112330114084,1.867790996278425
De Brazza’s monkey (Cercopithecus neglectus),Japanese macaque (Macaca fuscata),Mammalia,Mammalia,Primates,Primates,Cercopithecidae,Cercopithecidae,Cercopithecus,Macaca,Mammalia,same_family,12.32716,12327160.0,TimeTree API pairwise summaryjson,28.0,11.5,13.0889,Macaca fuscata,Cercopithecus neglectus,7,8,56,0.5743437741521442,0.6539808870989121,1.0908630329301952
De Brazza’s monkey (Cercopithecus neglectus),Japanese tit (Parus minor),Mammalia,Aves,Primates,Passeriformes,Cercopithecidae,Paridae,Cercopithecus,Parus,Cross-class,cross_class,318.95,318950000.0,TimeTree API pairwise summaryjson,30.0,316.0,322.37,Parus minor,Cercopithecus neglectus,7,4,28,0.08189025960040325,0.08207405210421372,2.503722606486479
De Brazza’s monkey (Cercopithecus neglectus),Langurs (Semnopithecus spp. / Trachypithecus spp.),Mammalia,Mammalia,Primates,Primates,Cercopithecidae,Cercopithecidae,Cercopithecus,,Mammalia,same_family,17.755,17755000.0,TimeTree API pairwise summaryjson,29.0,15.5,19.8,Semnopithecus,Cercopithecus neglectus,7,5,35,0.520946509022017,0.5776379299905652,1.2493206766376344
De Brazza’s monkey (Cercopithecus neglectus),L’Hoest’s monkey (Allochrocebus lhoesti),Mammalia,Mammalia,Primates,Primates,Cercopithecidae,Cercopithecidae,Cercopithecus,Allochrocebus,Mammalia,same_family,8.61071,8610710.0,TimeTree API pairwise summaryjson,5.0,7.0046,11.448,Cercopithecus neglectus,Allochrocebus lhoesti,7,7,49,0.7123404228690103,0.8919193124621734,0.9350389628786571
De Brazza’s monkey (Cercopithecus neglectus),Mandrill (Mandrillus sphinx),Mammalia,Mammalia,Primates,Primates,Cercopithecidae,Cercopithecidae,Cercopithecus,Mandrillus,Mammalia,same_family,12.32716,12327160.0,TimeTree API pairwise summaryjson,28.0,11.5,13.0889,Mandrillus sphinx,Cercopithecus neglectus,7,7,49,0.5515484353647447,0.6206040101347134,1.0908630329301952
De Brazza’s monkey (Cercopithecus neglectus),Meerkat (Suricata suricatta),Mammalia,Mammalia,Primates,Carnivora,Cercopithecidae,Herpestidae,Cercopithecus,Suricata,Mammalia,same_class,94.0,94000000.0,TimeTree API pairwise summaryjson,63.0,91.5,97.4,Suricata suricatta,Cercopithecus neglectus,7,7,49,-0.026222934660698007,-0.02622894780821682,1.9731278535996986
De Brazza’s monkey (Cercopithecus neglectus),Mona monkey (Cercopithecus mona),Mammalia,Mammalia,Primates,Primates,Cercopithecidae,Cercopithecidae,Cercopithecus,Cercopithecus,Mammalia,same_genus,5.39665,5396650.0,TimeTree API pairwise summaryjson,4.0,3.5,7.21,Cercopithecus neglectus,Cercopithecus mona,7,6,42,0.6135734289562674,0.7146323269778886,0.7321242527886448
De Brazza’s monkey (Cercopithecus neglectus),Mouse lemurs (Microcebus spp.),Mammalia,Mammalia,Primates,Primates,Cercopithecidae,Cheirogaleidae,Cercopithecus,Microcebus,Mammalia,same_order,73.75492,73754920.0,TimeTree API pairwise summaryjson,50.0,71.4,77.5,Microcebus,Cercopithecus neglectus,7,6,42,0.34137940031554787,0.3556530596249349,1.867790996278425
De Brazza’s monkey (Cercopithecus neglectus),Olive baboon (Papio anubis),Mammalia,Mammalia,Primates,Primates,Cercopithecidae,Cercopithecidae,Cercopithecus,Papio,Mammalia,same_family,12.32716,12327160.0,TimeTree API pairwise summaryjson,28.0,11.5,13.0889,Papio anubis,Cercopithecus neglectus,7,14,98,0.5765527384738383,0.6572834775089332,1.0908630329301952
De Brazza’s monkey (Cercopithecus neglectus),Patas monkey (Erythrocebus patas),Mammalia,Mammalia,Primates,Primates,Cercopithecidae,Cercopithecidae,Cercopithecus,Erythrocebus,Mammalia,same_family,8.61071,8610710.0,TimeTree API pairwise summaryjson,5.0,7.0046,11.448,Cercopithecus neglectus,Erythrocebus patas,7,6,42,0.5755242914203909,0.6557442993994717,0.9350389628786571
De Brazza’s monkey (Cercopithecus neglectus),Plain-tailed wren (Pheugopedius euophrys),Mammalia,Aves,Primates,Passeriformes,Cercopithecidae,Troglodytidae,Cercopithecus,Pheugopedius,Cross-class,cross_class,318.95,318950000.0,TimeTree API pairwise summaryjson,30.0,316.0,322.37,Pheugopedius euophrys,Cercopithecus neglectus,7,3,21,0.6045333090471913,0.7002608282675586,2.503722606486479
De Brazza’s monkey (Cercopithecus neglectus),Poison dart frogs (Dendrobatidae; various genera),Mammalia,Amphibia,Primates,Anura,Cercopithecidae,Dendrobatidae,Cercopithecus,,Cross-class,cross_class,351.686545,351686545.0,TimeTree API pairwise summaryjson,32.0,348.4,355.7,Dendrobatidae,Cercopithecus neglectus,7,2,14,0.17258661913803877,0.1743314735562107,2.546155753178947
De Brazza’s monkey (Cercopithecus neglectus),Putty-nosed monkey (Cercopithecus nictitans),Mammalia,Mammalia,Primates,Primates,Cercopithecidae,Cercopithecidae,Cercopithecus,Cercopithecus,Mammalia,same_genus,5.86525,5865250.0,TimeTree API pairwise summaryjson,4.0,5.2228,8.348,Cercopithecus nictitans,Cercopithecus neglectus,7,7,49,0.46195034806343227,0.4997879161659173,0.7682865281832659
De Brazza’s monkey (Cercopithecus neglectus),Red colobus (Piliocolobus spp.),Mammalia,Mammalia,Primates,Primates,Cercopithecidae,Cercopithecidae,Cercopithecus,Piliocolobus,Mammalia,same_family,17.755,17755000.0,TimeTree API pairwise summaryjson,29.0,15.5,19.8,Piliocolobus,Cercopithecus neglectus,7,5,35,0.5007277509670364,0.5502769502649085,1.2493206766376344
De Brazza’s monkey (Cercopithecus neglectus),Red-tailed monkey (Cercopithecus ascanius),Mammalia,Mammalia,Primates,Primates,Cercopithecidae,Cercopithecidae,Cercopithecus,Cercopithecus,Mammalia,same_genus,5.86525,5865250.0,TimeTree API pairwise summaryjson,4.0,5.2228,8.348,Cercopithecus ascanius,Cercopithecus neglectus,7,7,49,0.5649902101572041,0.640133155621452,0.7682865281832659
De Brazza’s monkey (Cercopithecus neglectus),Rhesus macaque (Macaca mulatta),Mammalia,Mammalia,Primates,Primates,Cercopithecidae,Cercopithecidae,Cercopithecus,Macaca,Mammalia,same_family,12.32716,12327160.0,TimeTree API pairwise summaryjson,28.0,11.5,13.0889,Macaca mulatta,Cercopithecus neglectus,7,8,56,0.5650741487229417,0.6402564607513249,1.0908630329301952
De Brazza’s monkey (Cercopithecus neglectus),Ring-tailed lemur (Lemur catta),Mammalia,Mammalia,Primates,Primates,Cercopithecidae,Lemuridae,Cercopithecus,Lemur,Mammalia,same_order,73.75492,73754920.0,TimeTree API pairwise summaryjson,50.0,71.4,77.5,Lemur catta,Cercopithecus neglectus,7,6,42,0.5107993035760194,0.5638106512324029,1.867790996278425
De Brazza’s monkey (Cercopithecus neglectus),Siamang (Symphalangus syndactylus),Mammalia,Mammalia,Primates,Primates,Cercopithecidae,Hylobatidae,Cercopithecus,Symphalangus,Mammalia,same_order,28.82,28820000.0,TimeTree API pairwise summaryjson,83.0,26.8,30.6,Symphalangus syndactylus,Cercopithecus neglectus,7,4,28,0.4880898191490004,0.533549697138901,1.4596939764779706
De Brazza’s monkey (Cercopithecus neglectus),Spotted hyena (Crocuta crocuta),Mammalia,Mammalia,Primates,Carnivora,Cercopithecidae,Hyaenidae,Cercopithecus,Crocuta,Mammalia,same_class,94.0,94000000.0,TimeTree API pairwise summaryjson,63.0,91.5,97.4,Crocuta crocuta,Cercopithecus neglectus,7,6,42,0.319429426247071,0.33101157195027536,1.9731278535996986
De Brazza’s monkey (Cercopithecus neglectus),Talapoin monkey (Miopithecus talapoin),Mammalia,Mammalia,Primates,Primates,Cercopithecidae,Cercopithecidae,Cercopithecus,Miopithecus,Mammalia,same_family,8.859425,8859425.0,TimeTree API pairwise summaryjson,8.0,7.5516,12.946,Cercopithecus neglectus,Miopithecus talapoin,7,7,49,0.5344260241807408,0.5963203317412006,0.947405535946798
De Brazza’s monkey (Cercopithecus neglectus),Tufted capuchin (Sapajus apella),Mammalia,Mammalia,Primates,Primates,Cercopithecidae,Cebidae,Cercopithecus,Sapajus,Mammalia,same_order,42.9,42900000.0,TimeTree API pairwise summaryjson,68.0,40.0,44.2,Sapajus apella,Cercopithecus neglectus,7,8,56,0.47050937799937986,0.5107243407791532,1.6324572921847242
De Brazza’s monkey (Cercopithecus neglectus),Túngara frog (Engystomops pustulosus),Mammalia,Amphibia,Primates,Anura,Cercopithecidae,Leptodactylidae,Cercopithecus,Engystomops,Cross-class,cross_class,351.686545,351686545.0,TimeTree API pairwise summaryjson,32.0,348.4,355.7,Engystomops pustulosus,Cercopithecus neglectus,7,3,21,0.09431444614592407,0.09459559730251324,2.546155753178947
De Brazza’s monkey (Cercopithecus neglectus),Vervet monkey (Chlorocebus pygerythrus),Mammalia,Mammalia,Primates,Primates,Cercopithecidae,Cercopithecidae,Cercopithecus,Chlorocebus,Mammalia,same_family,8.61071,8610710.0,TimeTree API pairwise summaryjson,5.0,7.0046,11.448,Chlorocebus pygerythrus,Cercopithecus neglectus,7,8,56,0.2414342830339499,0.2462966171486864,0.9350389628786571
De Brazza’s monkey (Cercopithecus neglectus),Western Gorilla (Gorilla gorilla),Mammalia,Mammalia,Primates,Primates,Cercopithecidae,Hominidae,Cercopithecus,Gorilla,Mammalia,same_order,28.82,28820000.0,TimeTree API pairwise summaryjson,83.0,26.8,30.6,Gorilla gorilla,Cercopithecus neglectus,7,9,63,0.3539659776276312,0.36997057862180416,1.4596939764779706
De Brazza’s monkey (Cercopithecus neglectus),White-browed sparrow-weaver (Plocepasser mahali),Mammalia,Aves,Primates,Passeriformes,Cercopithecidae,Ploceidae,Cercopithecus,Plocepasser,Cross-class,cross_class,318.95,318950000.0,TimeTree API pairwise summaryjson,30.0,316.0,322.37,Plocepasser mahali,Cercopithecus neglectus,7,4,28,0.2728037577309494,0.27989052695014005,2.503722606486479
De Brazza’s monkey (Cercopithecus neglectus),Yellow baboon (Papio cynocephalus),Mammalia,Mammalia,Primates,Primates,Cercopithecidae,Cercopithecidae,Cercopithecus,Papio,Mammalia,same_family,12.32716,12327160.0,TimeTree API pairwise summaryjson,28.0,11.5,13.0889,Papio cynocephalus,Cercopithecus neglectus,7,7,49,0.5688431357192995,0.6458108961822955,1.0908630329301952
De Brazza’s monkey (Cercopithecus neglectus),Zebra finch (Taeniopygia guttata),Mammalia,Aves,Primates,Passeriformes,Cercopithecidae,Estrildidae,Cercopithecus,Taeniopygia,Cross-class,cross_class,318.95,318950000.0,TimeTree API pairwise summaryjson,30.0,316.0,322.37,Cercopithecus neglectus,Taeniopygia guttata,7,7,49,0.14492559880049632,0.14595322528296995,2.503722606486479
Diana monkey (Cercopithecus diana),Drill (Mandrillus leucophaeus),Mammalia,Mammalia,Primates,Primates,Cercopithecidae,Cercopithecidae,Cercopithecus,Mandrillus,Mammalia,same_family,12.32716,12327160.0,TimeTree API pairwise summaryjson,28.0,11.5,13.0889,Mandrillus leucophaeus,Cercopithecus diana,6,7,42,0.33169145868115485,0.3447276157702229,1.0908630329301952
Diana monkey (Cercopithecus diana),Eastern Gorilla (Gorilla beringei),Mammalia,Mammalia,Primates,Primates,Cercopithecidae,Hominidae,Cercopithecus,Gorilla,Mammalia,same_order,28.82,28820000.0,TimeTree API pairwise summaryjson,83.0,26.8,30.6,Gorilla beringei,Cercopithecus diana,6,3,18,-0.037023033245417565,-0.0370399630565462,1.4596939764779706
Diana monkey (Cercopithecus diana),Egyptian fruit bat (Rousettus aegyptiacus),Mammalia,Mammalia,Primates,Chiroptera,Cercopithecidae,Pteropodidae,Cercopithecus,Rousettus,Mammalia,same_class,94.0,94000000.0,TimeTree API pairwise summaryjson,63.0,91.5,97.4,Rousettus aegyptiacus,Cercopithecus diana,6,5,30,0.3575605049625409,0.3740859902512841,1.9731278535996986
Diana monkey (Cercopithecus diana),European starling (Sturnus vulgaris),Mammalia,Aves,Primates,Passeriformes,Cercopithecidae,Sturnidae,Cercopithecus,Sturnus,Cross-class,cross_class,318.95,318950000.0,TimeTree API pairwise summaryjson,30.0,316.0,322.37,Sturnus vulgaris,Cercopithecus diana,6,6,36,0.30770544359162794,0.3180088930129156,2.503722606486479
Diana monkey (Cercopithecus diana),Gelada (Theropithecus gelada),Mammalia,Mammalia,Primates,Primates,Cercopithecidae,Cercopithecidae,Cercopithecus,Theropithecus,Mammalia,same_family,12.32716,12327160.0,TimeTree API pairwise summaryjson,28.0,11.5,13.0889,Cercopithecus diana,Theropithecus gelada,6,8,48,0.4362161963217501,0.46754822080981917,1.0908630329301952
Diana monkey (Cercopithecus diana),"Gibbons (Hylobates spp., Nomascus spp., Hoolock spp.)",Mammalia,Mammalia,Primates,Primates,Cercopithecidae,Hylobatidae,Cercopithecus,,Mammalia,same_order,28.82,28820000.0,TimeTree API pairwise summaryjson,83.0,26.8,30.6,Hylobates,Cercopithecus diana,6,4,24,0.036291592499266716,0.036307538075207285,1.4596939764779706
Diana monkey (Cercopithecus diana),Gray wolf (Canis lupus),Mammalia,Mammalia,Primates,Carnivora,Cercopithecidae,Canidae,Cercopithecus,Canis,Mammalia,same_class,94.0,94000000.0,TimeTree API pairwise summaryjson,63.0,91.5,97.4,Canis lupus,Cercopithecus diana,6,5,30,-0.07422603285921561,-0.07436280146818999,1.9731278535996986
Diana monkey (Cercopithecus diana),Greater sac-winged bat (Saccopteryx bilineata),Mammalia,Mammalia,Primates,Chiroptera,Cercopithecidae,Emballonuridae,Cercopithecus,Saccopteryx,Mammalia,same_class,94.0,94000000.0,TimeTree API pairwise summaryjson,63.0,91.5,97.4,Saccopteryx bilineata,Cercopithecus diana,6,5,30,0.02289172513294518,0.022895725049146918,1.9731278535996986
Diana monkey (Cercopithecus diana),Green tree frog (Hyla cinerea),Mammalia,Amphibia,Primates,Anura,Cercopithecidae,Hylidae,Cercopithecus,Hyla,Cross-class,cross_class,351.686545,351686545.0,TimeTree API pairwise summaryjson,32.0,348.4,355.7,Dryophytes cinereus,Cercopithecus diana,6,7,42,0.2129796210601211,0.21629048290793776,2.546155753178947
Diana monkey (Cercopithecus diana),Howler monkey (Alouatta spp.),Mammalia,Mammalia,Primates,Primates,Cercopithecidae,Atelidae,Cercopithecus,Alouatta,Mammalia,same_order,42.9,42900000.0,TimeTree API pairwise summaryjson,68.0,40.0,44.2,Alouatta,Cercopithecus diana,6,6,36,0.11541865186549459,0.11593530290971871,1.6324572921847242
Diana monkey (Cercopithecus diana),Indri (Indri indri),Mammalia,Mammalia,Primates,Primates,Cercopithecidae,Indriidae,Cercopithecus,Indri,Mammalia,same_order,73.75492,73754920.0,TimeTree API pairwise summaryjson,50.0,71.4,77.5,Indri indri,Cercopithecus diana,6,6,36,0.4928244169886474,0.5397839626246185,1.867790996278425
Diana monkey (Cercopithecus diana),Japanese macaque (Macaca fuscata),Mammalia,Mammalia,Primates,Primates,Cercopithecidae,Cercopithecidae,Cercopithecus,Macaca,Mammalia,same_family,12.32716,12327160.0,TimeTree API pairwise summaryjson,28.0,11.5,13.0889,Macaca fuscata,Cercopithecus diana,6,8,48,0.37442893476169997,0.39356433335706137,1.0908630329301952
Diana monkey (Cercopithecus diana),Japanese tit (Parus minor),Mammalia,Aves,Primates,Passeriformes,Cercopithecidae,Paridae,Cercopithecus,Parus,Cross-class,cross_class,318.95,318950000.0,TimeTree API pairwise summaryjson,30.0,316.0,322.37,Parus minor,Cercopithecus diana,6,4,24,-0.21595290670988032,-0.21940712361151693,2.503722606486479
Diana monkey (Cercopithecus diana),Langurs (Semnopithecus spp. / Trachypithecus spp.),Mammalia,Mammalia,Primates,Primates,Cercopithecidae,Cercopithecidae,Cercopithecus,,Mammalia,same_family,17.755,17755000.0,TimeTree API pairwise summaryjson,29.0,15.5,19.8,Semnopithecus,Cercopithecus diana,6,5,30,0.4039098899415075,0.42831227728116655,1.2493206766376344
Diana monkey (Cercopithecus diana),L’Hoest’s monkey (Allochrocebus lhoesti),Mammalia,Mammalia,Primates,Primates,Cercopithecidae,Cercopithecidae,Cercopithecus,Allochrocebus,Mammalia,same_family,8.61071,8610710.0,TimeTree API pairwise summaryjson,5.0,7.0046,11.448,Cercopithecus diana,Allochrocebus lhoesti,6,7,42,0.5721968107884925,0.6507829556611499,0.9350389628786571
Diana monkey (Cercopithecus diana),Mandrill (Mandrillus sphinx),Mammalia,Mammalia,Primates,Primates,Cercopithecidae,Cercopithecidae,Cercopithecus,Mandrillus,Mammalia,same_family,12.32716,12327160.0,TimeTree API pairwise summaryjson,28.0,11.5,13.0889,Mandrillus sphinx,Cercopithecus diana,6,7,42,0.34876402759573705,0.36403593180938565,1.0908630329301952
Diana monkey (Cercopithecus diana),Meerkat (Suricata suricatta),Mammalia,Mammalia,Primates,Carnivora,Cercopithecidae,Herpestidae,Cercopithecus,Suricata,Mammalia,same_class,94.0,94000000.0,TimeTree API pairwise summaryjson,63.0,91.5,97.4,Suricata suricatta,Cercopithecus diana,6,7,42,0.14360257868071669,0.14460208484250284,1.9731278535996986
Diana monkey (Cercopithecus diana),Mona monkey (Cercopithecus mona),Mammalia,Mammalia,Primates,Primates,Cercopithecidae,Cercopithecidae,Cercopithecus,Cercopithecus,Mammalia,same_genus,5.86525,5865250.0,TimeTree API pairwise summaryjson,4.0,5.2228,8.348,Cercopithecus diana,Cercopithecus mona,6,6,36,0.5241415509513112,0.5820330895383777,0.7682865281832659
Diana monkey (Cercopithecus diana),Mouse lemurs (Microcebus spp.),Mammalia,Mammalia,Primates,Primates,Cercopithecidae,Cheirogaleidae,Cercopithecus,Microcebus,Mammalia,same_order,73.75492,73754920.0,TimeTree API pairwise summaryjson,50.0,71.4,77.5,Microcebus,Cercopithecus diana,6,6,36,0.26102115753294414,0.26720391180615244,1.867790996278425
Diana monkey (Cercopithecus diana),Olive baboon (Papio anubis),Mammalia,Mammalia,Primates,Primates,Cercopithecidae,Cercopithecidae,Cercopithecus,Papio,Mammalia,same_family,12.32716,12327160.0,TimeTree API pairwise summaryjson,28.0,11.5,13.0889,Papio anubis,Cercopithecus diana,6,14,84,0.39551917041381074,0.4183259167408759,1.0908630329301952
Diana monkey (Cercopithecus diana),Patas monkey (Erythrocebus patas),Mammalia,Mammalia,Primates,Primates,Cercopithecidae,Cercopithecidae,Cercopithecus,Erythrocebus,Mammalia,same_family,8.61071,8610710.0,TimeTree API pairwise summaryjson,5.0,7.0046,11.448,Cercopithecus diana,Erythrocebus patas,6,6,36,0.49684071525486834,0.5451025933395705,0.9350389628786571
Diana monkey (Cercopithecus diana),Plain-tailed wren (Pheugopedius euophrys),Mammalia,Aves,Primates,Passeriformes,Cercopithecidae,Troglodytidae,Cercopithecus,Pheugopedius,Cross-class,cross_class,318.95,318950000.0,TimeTree API pairwise summaryjson,30.0,316.0,322.37,Pheugopedius euophrys,Cercopithecus diana,6,3,18,0.20358058720742214,0.20646513405562145,2.503722606486479
Diana monkey (Cercopithecus diana),Poison dart frogs (Dendrobatidae; various genera),Mammalia,Amphibia,Primates,Anura,Cercopithecidae,Dendrobatidae,Cercopithecus,,Cross-class,cross_class,351.686545,351686545.0,TimeTree API pairwise summaryjson,32.0,348.4,355.7,Dendrobatidae,Cercopithecus diana,6,2,12,-0.4893200090151801,-0.5351658858418926,2.546155753178947
Diana monkey (Cercopithecus diana),Putty-nosed monkey (Cercopithecus nictitans),Mammalia,Mammalia,Primates,Primates,Cercopithecidae,Cercopithecidae,Cercopithecus,Cercopithecus,Mammalia,same_genus,5.3233,5323300.0,TimeTree API pairwise summaryjson,3.0,5.22,7.59,Cercopithecus diana,Cercopithecus nictitans,6,7,42,0.5327213861963632,0.5939372174922314,0.7261809419708454
Diana monkey (Cercopithecus diana),Red colobus (Piliocolobus spp.),Mammalia,Mammalia,Primates,Primates,Cercopithecidae,Cercopithecidae,Cercopithecus,Piliocolobus,Mammalia,same_family,17.755,17755000.0,TimeTree API pairwise summaryjson,29.0,15.5,19.8,Piliocolobus,Cercopithecus diana,6,5,30,0.4056925585762822,0.4304443104772486,1.2493206766376344
Diana monkey (Cercopithecus diana),Red-tailed monkey (Cercopithecus ascanius),Mammalia,Mammalia,Primates,Primates,Cercopithecidae,Cercopithecidae,Cercopithecus,Cercopithecus,Mammalia,same_genus,5.3233,5323300.0,TimeTree API pairwise summaryjson,3.0,5.22,7.59,Cercopithecus diana,Cercopithecus ascanius,6,7,42,0.43227525164001607,0.4626914202871308,0.7261809419708454
Diana monkey (Cercopithecus diana),Rhesus macaque (Macaca mulatta),Mammalia,Mammalia,Primates,Primates,Cercopithecidae,Cercopithecidae,Cercopithecus,Macaca,Mammalia,same_family,12.32716,12327160.0,TimeTree API pairwise summaryjson,28.0,11.5,13.0889,Macaca mulatta,Cercopithecus diana,6,8,48,0.3800763184864852,0.4001488518718954,1.0908630329301952
Diana monkey (Cercopithecus diana),Ring-tailed lemur (Lemur catta),Mammalia,Mammalia,Primates,Primates,Cercopithecidae,Lemuridae,Cercopithecus,Lemur,Mammalia,same_order,73.75492,73754920.0,TimeTree API pairwise summaryjson,50.0,71.4,77.5,Lemur catta,Cercopithecus diana,6,6,36,0.560970308988517,0.6342479278778999,1.867790996278425
Diana monkey (Cercopithecus diana),Siamang (Symphalangus syndactylus),Mammalia,Mammalia,Primates,Primates,Cercopithecidae,Hylobatidae,Cercopithecus,Symphalangus,Mammalia,same_order,28.82,28820000.0,TimeTree API pairwise summaryjson,83.0,26.8,30.6,Symphalangus syndactylus,Cercopithecus diana,6,4,24,0.19542748498505005,0.1979740146486617,1.4596939764779706
Diana monkey (Cercopithecus diana),Spotted hyena (Crocuta crocuta),Mammalia,Mammalia,Primates,Carnivora,Cercopithecidae,Hyaenidae,Cercopithecus,Crocuta,Mammalia,same_class,94.0,94000000.0,TimeTree API pairwise summaryjson,63.0,91.5,97.4,Crocuta crocuta,Cercopithecus diana,6,6,36,0.12217277817450291,0.12278613863781353,1.9731278535996986
Diana monkey (Cercopithecus diana),Talapoin monkey (Miopithecus talapoin),Mammalia,Mammalia,Primates,Primates,Cercopithecidae,Cercopithecidae,Cercopithecus,Miopithecus,Mammalia,same_family,8.859425,8859425.0,TimeTree API pairwise summaryjson,8.0,7.5516,12.946,Cercopithecus diana,Miopithecus talapoin,6,7,42,0.36606919364046697,0.3838764414016029,0.947405535946798
Diana monkey (Cercopithecus diana),Tufted capuchin (Sapajus apella),Mammalia,Mammalia,Primates,Primates,Cercopithecidae,Cebidae,Cercopithecus,Sapajus,Mammalia,same_order,42.9,42900000.0,TimeTree API pairwise summaryjson,68.0,40.0,44.2,Sapajus apella,Cercopithecus diana,6,8,48,0.44367227230861,0.4767938882824434,1.6324572921847242
Diana monkey (Cercopithecus diana),Túngara frog (Engystomops pustulosus),Mammalia,Amphibia,Primates,Anura,Cercopithecidae,Leptodactylidae,Cercopithecus,Engystomops,Cross-class,cross_class,351.686545,351686545.0,TimeTree API pairwise summaryjson,32.0,348.4,355.7,Engystomops pustulosus,Cercopithecus diana,6,3,18,-0.06968103211202452,-0.06979413930857628,2.546155753178947
Diana monkey (Cercopithecus diana),Vervet monkey (Chlorocebus pygerythrus),Mammalia,Mammalia,Primates,Primates,Cercopithecidae,Cercopithecidae,Cercopithecus,Chlorocebus,Mammalia,same_family,8.61071,8610710.0,TimeTree API pairwise summaryjson,5.0,7.0046,11.448,Chlorocebus pygerythrus,Cercopithecus diana,6,8,48,0.3206012353287533,0.33231707786470294,0.9350389628786571
Diana monkey (Cercopithecus diana),Western Gorilla (Gorilla gorilla),Mammalia,Mammalia,Primates,Primates,Cercopithecidae,Hominidae,Cercopithecus,Gorilla,Mammalia,same_order,28.82,28820000.0,TimeTree API pairwise summaryjson,83.0,26.8,30.6,Gorilla gorilla,Cercopithecus diana,6,9,54,-0.04808478195830516,-0.048121893138669804,1.4596939764779706
Diana monkey (Cercopithecus diana),White-browed sparrow-weaver (Plocepasser mahali),Mammalia,Aves,Primates,Passeriformes,Cercopithecidae,Ploceidae,Cercopithecus,Plocepasser,Cross-class,cross_class,318.95,318950000.0,TimeTree API pairwise summaryjson,30.0,316.0,322.37,Plocepasser mahali,Cercopithecus diana,6,4,24,0.31529363000954613,0.3264125615271684,2.503722606486479
Diana monkey (Cercopithecus diana),Yellow baboon (Papio cynocephalus),Mammalia,Mammalia,Primates,Primates,Cercopithecidae,Cercopithecidae,Cercopithecus,Papio,Mammalia,same_family,12.32716,12327160.0,TimeTree API pairwise summaryjson,28.0,11.5,13.0889,Papio cynocephalus,Cercopithecus diana,6,7,42,0.34399353821114376,0.3586150370047289,1.0908630329301952
Diana monkey (Cercopithecus diana),Zebra finch (Taeniopygia guttata),Mammalia,Aves,Primates,Passeriformes,Cercopithecidae,Estrildidae,Cercopithecus,Taeniopygia,Cross-class,cross_class,318.95,318950000.0,TimeTree API pairwise summaryjson,30.0,316.0,322.37,Cercopithecus diana,Taeniopygia guttata,6,7,42,-0.28114380597321076,-0.28892361344990386,2.503722606486479
Drill (Mandrillus leucophaeus),Eastern Gorilla (Gorilla beringei),Mammalia,Mammalia,Primates,Primates,Cercopithecidae,Hominidae,Mandrillus,Gorilla,Mammalia,same_order,28.82,28820000.0,TimeTree API pairwise summaryjson,83.0,26.8,30.6,Mandrillus leucophaeus,Gorilla beringei,7,3,21,0.6257523046785194,0.7344040396012697,1.4596939764779706
Drill (Mandrillus leucophaeus),Egyptian fruit bat (Rousettus aegyptiacus),Mammalia,Mammalia,Primates,Chiroptera,Cercopithecidae,Pteropodidae,Mandrillus,Rousettus,Mammalia,same_class,94.0,94000000.0,TimeTree API pairwise summaryjson,63.0,91.5,97.4,Rousettus aegyptiacus,Mandrillus leucophaeus,7,5,35,0.5245377941258587,0.5825795806853159,1.9731278535996986
Drill (Mandrillus leucophaeus),European starling (Sturnus vulgaris),Mammalia,Aves,Primates,Passeriformes,Cercopithecidae,Sturnidae,Mandrillus,Sturnus,Cross-class,cross_class,318.95,318950000.0,TimeTree API pairwise summaryjson,30.0,316.0,322.37,Sturnus vulgaris,Mandrillus leucophaeus,7,6,42,0.20035486756053356,0.2031022351106055,2.503722606486479
Drill (Mandrillus leucophaeus),Gelada (Theropithecus gelada),Mammalia,Mammalia,Primates,Primates,Cercopithecidae,Cercopithecidae,Mandrillus,Theropithecus,Mammalia,same_family,7.5,7500000.0,TimeTree API pairwise summaryjson,11.0,6.1,11.737,Mandrillus leucophaeus,Theropithecus gelada,7,8,56,0.6729928746592833,0.816193740632487,0.8750612633917001
Drill (Mandrillus leucophaeus),"Gibbons (Hylobates spp., Nomascus spp., Hoolock spp.)",Mammalia,Mammalia,Primates,Primates,Cercopithecidae,Hylobatidae,Mandrillus,,Mammalia,same_order,28.82,28820000.0,TimeTree API pairwise summaryjson,83.0,26.8,30.6,Mandrillus leucophaeus,Hylobates,7,4,28,0.32841354135632983,0.341048960507071,1.4596939764779706
Drill (Mandrillus leucophaeus),Gray wolf (Canis lupus),Mammalia,Mammalia,Primates,Carnivora,Cercopithecidae,Canidae,Mandrillus,Canis,Mammalia,same_class,94.0,94000000.0,TimeTree API pairwise summaryjson,63.0,91.5,97.4,Canis lupus,Mandrillus leucophaeus,7,5,35,0.1053067100971735,0.10569858722009064,1.9731278535996986
Drill (Mandrillus leucophaeus),Greater sac-winged bat (Saccopteryx bilineata),Mammalia,Mammalia,Primates,Chiroptera,Cercopithecidae,Emballonuridae,Mandrillus,Saccopteryx,Mammalia,same_class,94.0,94000000.0,TimeTree API pairwise summaryjson,63.0,91.5,97.4,Saccopteryx bilineata,Mandrillus leucophaeus,7,5,35,0.3166321093922179,0.3278994845223053,1.9731278535996986
Drill (Mandrillus leucophaeus),Green tree frog (Hyla cinerea),Mammalia,Amphibia,Primates,Anura,Cercopithecidae,Hylidae,Mandrillus,Hyla,Cross-class,cross_class,351.686545,351686545.0,TimeTree API pairwise summaryjson,32.0,348.4,355.7,Dryophytes cinereus,Mandrillus leucophaeus,7,7,49,0.2793697087422933,0.28699829350042705,2.546155753178947
Drill (Mandrillus leucophaeus),Howler monkey (Alouatta spp.),Mammalia,Mammalia,Primates,Primates,Cercopithecidae,Atelidae,Mandrillus,Alouatta,Mammalia,same_order,42.9,42900000.0,TimeTree API pairwise summaryjson,68.0,40.0,44.2,Mandrillus leucophaeus,Alouatta,7,6,42,0.20737728661436985,0.21042920860848655,1.6324572921847242
Drill (Mandrillus leucophaeus),Indri (Indri indri),Mammalia,Mammalia,Primates,Primates,Cercopithecidae,Indriidae,Mandrillus,Indri,Mammalia,same_order,73.75492,73754920.0,TimeTree API pairwise summaryjson,50.0,71.4,77.5,Mandrillus leucophaeus,Indri indri,7,6,42,0.5319139792664774,0.5928105577032501,1.867790996278425
Drill (Mandrillus leucophaeus),Japanese macaque (Macaca fuscata),Mammalia,Mammalia,Primates,Primates,Cercopithecidae,Cercopithecidae,Mandrillus,Macaca,Mammalia,same_family,10.454,10454000.0,TimeTree API pairwise summaryjson,42.0,8.78921,11.05064,Mandrillus leucophaeus,Macaca fuscata,7,8,56,0.4318980476029322,0.46222762645356946,1.0192824957617317
Drill (Mandrillus leucophaeus),Japanese tit (Parus minor),Mammalia,Aves,Primates,Passeriformes,Cercopithecidae,Paridae,Mandrillus,Parus,Cross-class,cross_class,318.95,318950000.0,TimeTree API pairwise summaryjson,30.0,316.0,322.37,Parus minor,Mandrillus leucophaeus,7,4,28,-0.010359061847166093,-0.0103594324152287,2.503722606486479
Drill (Mandrillus leucophaeus),Langurs (Semnopithecus spp. / Trachypithecus spp.),Mammalia,Mammalia,Primates,Primates,Cercopithecidae,Cercopithecidae,Mandrillus,,Mammalia,same_family,17.755,17755000.0,TimeTree API pairwise summaryjson,29.0,15.5,19.8,Mandrillus leucophaeus,Semnopithecus,7,5,35,0.7089086308998516,0.8849865085738721,1.2493206766376344
Drill (Mandrillus leucophaeus),L’Hoest’s monkey (Allochrocebus lhoesti),Mammalia,Mammalia,Primates,Primates,Cercopithecidae,Cercopithecidae,Mandrillus,Allochrocebus,Mammalia,same_family,12.32716,12327160.0,TimeTree API pairwise summaryjson,28.0,11.5,13.0889,Mandrillus leucophaeus,Allochrocebus lhoesti,7,7,49,0.5773557936212581,0.658487235149503,1.0908630329301952
Drill (Mandrillus leucophaeus),Mandrill (Mandrillus sphinx),Mammalia,Mammalia,Primates,Primates,Cercopithecidae,Cercopithecidae,Mandrillus,Mandrillus,Mammalia,same_genus,2.876,2876000.0,TimeTree API pairwise summaryjson,7.0,1.0,3.85168,Mandrillus sphinx,Mandrillus leucophaeus,7,7,49,0.8726296614509418,1.3440000317498493,0.458788881710845
Drill (Mandrillus leucophaeus),Meerkat (Suricata suricatta),Mammalia,Mammalia,Primates,Carnivora,Cercopithecidae,Herpestidae,Mandrillus,Suricata,Mammalia,same_class,94.0,94000000.0,TimeTree API pairwise summaryjson,63.0,91.5,97.4,Suricata suricatta,Mandrillus leucophaeus,7,7,49,-0.09354029567313703,-0.09381455617031194,1.9731278535996986
Drill (Mandrillus leucophaeus),Mona monkey (Cercopithecus mona),Mammalia,Mammalia,Primates,Primates,Cercopithecidae,Cercopithecidae,Mandrillus,Cercopithecus,Mammalia,same_family,12.32716,12327160.0,TimeTree API pairwise summaryjson,28.0,11.5,13.0889,Mandrillus leucophaeus,Cercopithecus mona,7,6,42,0.6435969170595879,0.7642900077491799,1.0908630329301952
Drill (Mandrillus leucophaeus),Mouse lemurs (Microcebus spp.),Mammalia,Mammalia,Primates,Primates,Cercopithecidae,Cheirogaleidae,Mandrillus,Microcebus,Mammalia,same_order,73.75492,73754920.0,TimeTree API pairwise summaryjson,50.0,71.4,77.5,Mandrillus leucophaeus,Microcebus,7,6,42,0.5416156994372818,0.6064391922147747,1.867790996278425
Drill (Mandrillus leucophaeus),Olive baboon (Papio anubis),Mammalia,Mammalia,Primates,Primates,Cercopithecidae,Cercopithecidae,Mandrillus,Papio,Mammalia,same_family,7.5,7500000.0,TimeTree API pairwise summaryjson,11.0,6.1,11.737,Mandrillus leucophaeus,Papio anubis,7,14,98,0.6296675985814687,0.7408651806037199,0.8750612633917001
Drill (Mandrillus leucophaeus),Patas monkey (Erythrocebus patas),Mammalia,Mammalia,Primates,Primates,Cercopithecidae,Cercopithecidae,Mandrillus,Erythrocebus,Mammalia,same_family,12.32716,12327160.0,TimeTree API pairwise summaryjson,28.0,11.5,13.0889,Mandrillus leucophaeus,Erythrocebus patas,7,6,42,0.711874819918077,0.8909746980288589,1.0908630329301952
Drill (Mandrillus leucophaeus),Plain-tailed wren (Pheugopedius euophrys),Mammalia,Aves,Primates,Passeriformes,Cercopithecidae,Troglodytidae,Mandrillus,Pheugopedius,Cross-class,cross_class,318.95,318950000.0,TimeTree API pairwise summaryjson,30.0,316.0,322.37,Pheugopedius euophrys,Mandrillus leucophaeus,7,3,21,0.5529680173829407,0.6226465436583761,2.503722606486479
Drill (Mandrillus leucophaeus),Poison dart frogs (Dendrobatidae; various genera),Mammalia,Amphibia,Primates,Anura,Cercopithecidae,Dendrobatidae,Mandrillus,,Cross-class,cross_class,351.686545,351686545.0,TimeTree API pairwise summaryjson,32.0,348.4,355.7,Dendrobatidae,Mandrillus leucophaeus,7,2,14,-0.07222007803877523,-0.07234603281814396,2.546155753178947
Drill (Mandrillus leucophaeus),Putty-nosed monkey (Cercopithecus nictitans),Mammalia,Mammalia,Primates,Primates,Cercopithecidae,Cercopithecidae,Mandrillus,Cercopithecus,Mammalia,same_family,12.32716,12327160.0,TimeTree API pairwise summaryjson,28.0,11.5,13.0889,Mandrillus leucophaeus,Cercopithecus nictitans,7,7,49,0.37469332197816146,0.3938718662188147,1.0908630329301952
Drill (Mandrillus leucophaeus),Red colobus (Piliocolobus spp.),Mammalia,Mammalia,Primates,Primates,Cercopithecidae,Cercopithecidae,Mandrillus,Piliocolobus,Mammalia,same_family,17.755,17755000.0,TimeTree API pairwise summaryjson,29.0,15.5,19.8,Mandrillus leucophaeus,Piliocolobus,7,5,35,0.5795266108486001,0.6617496370779709,1.2493206766376344
Drill (Mandrillus leucophaeus),Red-tailed monkey (Cercopithecus ascanius),Mammalia,Mammalia,Primates,Primates,Cercopithecidae,Cercopithecidae,Mandrillus,Cercopithecus,Mammalia,same_family,12.32716,12327160.0,TimeTree API pairwise summaryjson,28.0,11.5,13.0889,Mandrillus leucophaeus,Cercopithecus ascanius,7,7,49,0.45478296048864325,0.4907140237033452,1.0908630329301952
Drill (Mandrillus leucophaeus),Rhesus macaque (Macaca mulatta),Mammalia,Mammalia,Primates,Primates,Cercopithecidae,Cercopithecidae,Mandrillus,Macaca,Mammalia,same_family,10.454,10454000.0,TimeTree API pairwise summaryjson,42.0,8.78921,11.05064,Mandrillus leucophaeus,Macaca mulatta,7,8,56,0.46663812365657026,0.5057639668169879,1.0192824957617317
Drill (Mandrillus leucophaeus),Ring-tailed lemur (Lemur catta),Mammalia,Mammalia,Primates,Primates,Cercopithecidae,Lemuridae,Mandrillus,Lemur,Mammalia,same_order,73.75492,73754920.0,TimeTree API pairwise summaryjson,50.0,71.4,77.5,Mandrillus leucophaeus,Lemur catta,7,6,42,0.49305391145275695,0.540087121327857,1.867790996278425
Drill (Mandrillus leucophaeus),Siamang (Symphalangus syndactylus),Mammalia,Mammalia,Primates,Primates,Cercopithecidae,Hylobatidae,Mandrillus,Symphalangus,Mammalia,same_order,28.82,28820000.0,TimeTree API pairwise summaryjson,83.0,26.8,30.6,Mandrillus leucophaeus,Symphalangus syndactylus,7,4,28,0.1392109578245052,0.14012084998825816,1.4596939764779706
Drill (Mandrillus leucophaeus),Spotted hyena (Crocuta crocuta),Mammalia,Mammalia,Primates,Carnivora,Cercopithecidae,Hyaenidae,Mandrillus,Crocuta,Mammalia,same_class,94.0,94000000.0,TimeTree API pairwise summaryjson,63.0,91.5,97.4,Crocuta crocuta,Mandrillus leucophaeus,7,6,42,0.3619425151899763,0.3791194493874981,1.9731278535996986
Drill (Mandrillus leucophaeus),Talapoin monkey (Miopithecus talapoin),Mammalia,Mammalia,Primates,Primates,Cercopithecidae,Cercopithecidae,Mandrillus,Miopithecus,Mammalia,same_family,12.32716,12327160.0,TimeTree API pairwise summaryjson,28.0,11.5,13.0889,Mandrillus leucophaeus,Miopithecus talapoin,7,7,49,0.40792771614495915,0.43312273444908056,1.0908630329301952
Drill (Mandrillus leucophaeus),Tufted capuchin (Sapajus apella),Mammalia,Mammalia,Primates,Primates,Cercopithecidae,Cebidae,Mandrillus,Sapajus,Mammalia,same_order,42.9,42900000.0,TimeTree API pairwise summaryjson,68.0,40.0,44.2,Mandrillus leucophaeus,Sapajus apella,7,8,56,0.5030466968211188,0.5533766970252341,1.6324572921847242
Drill (Mandrillus leucophaeus),Túngara frog (Engystomops pustulosus),Mammalia,Amphibia,Primates,Anura,Cercopithecidae,Leptodactylidae,Mandrillus,Engystomops,Cross-class,cross_class,351.686545,351686545.0,TimeTree API pairwise summaryjson,32.0,348.4,355.7,Engystomops pustulosus,Mandrillus leucophaeus,7,3,21,0.006396834240560452,0.00639692149443065,2.546155753178947
Drill (Mandrillus leucophaeus),Vervet monkey (Chlorocebus pygerythrus),Mammalia,Mammalia,Primates,Primates,Cercopithecidae,Cercopithecidae,Mandrillus,Chlorocebus,Mammalia,same_family,12.32716,12327160.0,TimeTree API pairwise summaryjson,28.0,11.5,13.0889,Mandrillus leucophaeus,Chlorocebus pygerythrus,7,8,56,0.4250951620432653,0.4538946714795562,1.0908630329301952
Drill (Mandrillus leucophaeus),Western Gorilla (Gorilla gorilla),Mammalia,Mammalia,Primates,Primates,Cercopithecidae,Hominidae,Mandrillus,Gorilla,Mammalia,same_order,28.82,28820000.0,TimeTree API pairwise summaryjson,83.0,26.8,30.6,Mandrillus leucophaeus,Gorilla gorilla,7,9,63,0.46708138892895296,0.5063307718097803,1.4596939764779706
Drill (Mandrillus leucophaeus),White-browed sparrow-weaver (Plocepasser mahali),Mammalia,Aves,Primates,Passeriformes,Cercopithecidae,Ploceidae,Mandrillus,Plocepasser,Cross-class,cross_class,318.95,318950000.0,TimeTree API pairwise summaryjson,30.0,316.0,322.37,Plocepasser mahali,Mandrillus leucophaeus,7,4,28,0.35261586525323463,0.3684279197179464,2.503722606486479
Drill (Mandrillus leucophaeus),Yellow baboon (Papio cynocephalus),Mammalia,Mammalia,Primates,Primates,Cercopithecidae,Cercopithecidae,Mandrillus,Papio,Mammalia,same_family,7.5,7500000.0,TimeTree API pairwise summaryjson,11.0,6.1,11.737,Mandrillus leucophaeus,Papio cynocephalus,7,7,49,0.44649158562850877,0.48030967659681184,0.8750612633917001
Drill (Mandrillus leucophaeus),Zebra finch (Taeniopygia guttata),Mammalia,Aves,Primates,Passeriformes,Cercopithecidae,Estrildidae,Mandrillus,Taeniopygia,Cross-class,cross_class,318.95,318950000.0,TimeTree API pairwise summaryjson,30.0,316.0,322.37,Mandrillus leucophaeus,Taeniopygia guttata,7,7,49,-0.1652386100262976,-0.16676761849909374,2.503722606486479
Eastern Gorilla (Gorilla beringei),Egyptian fruit bat (Rousettus aegyptiacus),Mammalia,Mammalia,Primates,Chiroptera,Hominidae,Pteropodidae,Gorilla,Rousettus,Mammalia,same_class,94.0,94000000.0,TimeTree API pairwise summaryjson,63.0,91.5,97.4,Rousettus aegyptiacus,Gorilla beringei,3,5,15,0.4082656947833093,0.43352824860669686,1.9731278535996986
Eastern Gorilla (Gorilla beringei),European starling (Sturnus vulgaris),Mammalia,Aves,Primates,Passeriformes,Hominidae,Sturnidae,Gorilla,Sturnus,Cross-class,cross_class,318.95,318950000.0,TimeTree API pairwise summaryjson,30.0,316.0,322.37,Sturnus vulgaris,Gorilla beringei,3,6,18,0.43151426598926246,0.46175593573193285,2.503722606486479
Eastern Gorilla (Gorilla beringei),Gelada (Theropithecus gelada),Mammalia,Mammalia,Primates,Primates,Hominidae,Cercopithecidae,Gorilla,Theropithecus,Mammalia,same_order,28.82,28820000.0,TimeTree API pairwise summaryjson,83.0,26.8,30.6,Gorilla beringei,Theropithecus gelada,3,8,24,0.4117055860750454,0.43766318066230514,1.4596939764779706
Eastern Gorilla (Gorilla beringei),"Gibbons (Hylobates spp., Nomascus spp., Hoolock spp.)",Mammalia,Mammalia,Primates,Primates,Hominidae,Hylobatidae,Gorilla,,Mammalia,same_order,19.45714,19457140.0,TimeTree API pairwise summaryjson,64.0,18.8,20.3,Gorilla beringei,Hylobates,3,4,12,0.10385392334512,0.10422973530219881,1.289079003789453
Eastern Gorilla (Gorilla beringei),Gray wolf (Canis lupus),Mammalia,Mammalia,Primates,Carnivora,Hominidae,Canidae,Gorilla,Canis,Mammalia,same_class,94.0,94000000.0,TimeTree API pairwise summaryjson,63.0,91.5,97.4,Canis lupus,Gorilla beringei,3,5,15,-0.3816437577680371,-0.40198223150934864,1.9731278535996986
Eastern Gorilla (Gorilla beringei),Greater sac-winged bat (Saccopteryx bilineata),Mammalia,Mammalia,Primates,Chiroptera,Hominidae,Emballonuridae,Gorilla,Saccopteryx,Mammalia,same_class,94.0,94000000.0,TimeTree API pairwise summaryjson,63.0,91.5,97.4,Saccopteryx bilineata,Gorilla beringei,3,5,15,0.544915711822219,0.6111209909259359,1.9731278535996986
Eastern Gorilla (Gorilla beringei),Green tree frog (Hyla cinerea),Mammalia,Amphibia,Primates,Anura,Hominidae,Hylidae,Gorilla,Hyla,Cross-class,cross_class,351.686545,351686545.0,TimeTree API pairwise summaryjson,32.0,348.4,355.7,Dryophytes cinereus,Gorilla beringei,3,7,21,-0.026734738452653374,-0.026741110703532075,2.546155753178947
Eastern Gorilla (Gorilla beringei),Howler monkey (Alouatta spp.),Mammalia,Mammalia,Primates,Primates,Hominidae,Atelidae,Gorilla,Alouatta,Mammalia,same_order,42.9,42900000.0,TimeTree API pairwise summaryjson,68.0,40.0,44.2,Gorilla beringei,Alouatta,3,6,18,0.1359465925610787,0.1367935017631332,1.6324572921847242
Eastern Gorilla (Gorilla beringei),Indri (Indri indri),Mammalia,Mammalia,Primates,Primates,Hominidae,Indriidae,Gorilla,Indri,Mammalia,same_order,73.75492,73754920.0,TimeTree API pairwise summaryjson,50.0,71.4,77.5,Gorilla beringei,Indri indri,3,6,18,0.45560887459305355,0.4917557967705891,1.867790996278425
Eastern Gorilla (Gorilla beringei),Japanese macaque (Macaca fuscata),Mammalia,Mammalia,Primates,Primates,Hominidae,Cercopithecidae,Gorilla,Macaca,Mammalia,same_order,28.82,28820000.0,TimeTree API pairwise summaryjson,83.0,26.8,30.6,Gorilla beringei,Macaca fuscata,3,8,24,0.429602143936039,0.4594086765400886,1.4596939764779706
Eastern Gorilla (Gorilla beringei),Japanese tit (Parus minor),Mammalia,Aves,Primates,Passeriformes,Hominidae,Paridae,Gorilla,Parus,Cross-class,cross_class,318.95,318950000.0,TimeTree API pairwise summaryjson,30.0,316.0,322.37,Parus minor,Gorilla beringei,3,4,12,0.5096993495431084,0.5623235142073639,2.503722606486479
Eastern Gorilla (Gorilla beringei),Langurs (Semnopithecus spp. / Trachypithecus spp.),Mammalia,Mammalia,Primates,Primates,Hominidae,Cercopithecidae,Gorilla,,Mammalia,same_order,28.82,28820000.0,TimeTree API pairwise summaryjson,83.0,26.8,30.6,Semnopithecus,Gorilla beringei,3,5,15,0.6019251640140253,0.6961606973570253,1.4596939764779706
Eastern Gorilla (Gorilla beringei),L’Hoest’s monkey (Allochrocebus lhoesti),Mammalia,Mammalia,Primates,Primates,Hominidae,Cercopithecidae,Gorilla,Allochrocebus,Mammalia,same_order,28.82,28820000.0,TimeTree API pairwise summaryjson,83.0,26.8,30.6,Gorilla beringei,Allochrocebus lhoesti,3,7,21,0.49648860197857386,0.544635180664445,1.4596939764779706
Eastern Gorilla (Gorilla beringei),Mandrill (Mandrillus sphinx),Mammalia,Mammalia,Primates,Primates,Hominidae,Cercopithecidae,Gorilla,Mandrillus,Mammalia,same_order,28.82,28820000.0,TimeTree API pairwise summaryjson,83.0,26.8,30.6,Mandrillus sphinx,Gorilla beringei,3,7,21,0.5600410761012075,0.6328930314760163,1.4596939764779706
Eastern Gorilla (Gorilla beringei),Meerkat (Suricata suricatta),Mammalia,Mammalia,Primates,Carnivora,Hominidae,Herpestidae,Gorilla,Suricata,Mammalia,same_class,94.0,94000000.0,TimeTree API pairwise summaryjson,63.0,91.5,97.4,Suricata suricatta,Gorilla beringei,3,7,21,-0.14374233643599896,-0.1447447882496681,1.9731278535996986
Eastern Gorilla (Gorilla beringei),Mona monkey (Cercopithecus mona),Mammalia,Mammalia,Primates,Primates,Hominidae,Cercopithecidae,Gorilla,Cercopithecus,Mammalia,same_order,28.82,28820000.0,TimeTree API pairwise summaryjson,83.0,26.8,30.6,Gorilla beringei,Cercopithecus mona,3,6,18,0.09616809729509308,0.09646621721276162,1.4596939764779706
Eastern Gorilla (Gorilla beringei),Mouse lemurs (Microcebus spp.),Mammalia,Mammalia,Primates,Primates,Hominidae,Cheirogaleidae,Gorilla,Microcebus,Mammalia,same_order,73.75492,73754920.0,TimeTree API pairwise summaryjson,50.0,71.4,77.5,Gorilla beringei,Microcebus,3,6,18,0.4544378566465133,0.4902790166795254,1.867790996278425
Eastern Gorilla (Gorilla beringei),Olive baboon (Papio anubis),Mammalia,Mammalia,Primates,Primates,Hominidae,Cercopithecidae,Gorilla,Papio,Mammalia,same_order,28.82,28820000.0,TimeTree API pairwise summaryjson,83.0,26.8,30.6,Gorilla beringei,Papio anubis,3,14,42,0.3306619096449501,0.3435712373091611,1.4596939764779706
Eastern Gorilla (Gorilla beringei),Patas monkey (Erythrocebus patas),Mammalia,Mammalia,Primates,Primates,Hominidae,Cercopithecidae,Gorilla,Erythrocebus,Mammalia,same_order,28.82,28820000.0,TimeTree API pairwise summaryjson,83.0,26.8,30.6,Gorilla beringei,Erythrocebus patas,3,6,18,0.2710806213708703,0.2780297832313877,1.4596939764779706
Eastern Gorilla (Gorilla beringei),Plain-tailed wren (Pheugopedius euophrys),Mammalia,Aves,Primates,Passeriformes,Hominidae,Troglodytidae,Gorilla,Pheugopedius,Cross-class,cross_class,318.95,318950000.0,TimeTree API pairwise summaryjson,30.0,316.0,322.37,Pheugopedius euophrys,Gorilla beringei,3,3,9,0.7845908769473278,1.0572026747615886,2.503722606486479
Eastern Gorilla (Gorilla beringei),Poison dart frogs (Dendrobatidae; various genera),Mammalia,Amphibia,Primates,Anura,Hominidae,Dendrobatidae,Gorilla,,Cross-class,cross_class,351.686545,351686545.0,TimeTree API pairwise summaryjson,32.0,348.4,355.7,Dendrobatidae,Gorilla beringei,3,2,6,0.3889413621454437,0.41055210055821084,2.546155753178947
Eastern Gorilla (Gorilla beringei),Putty-nosed monkey (Cercopithecus nictitans),Mammalia,Mammalia,Primates,Primates,Hominidae,Cercopithecidae,Gorilla,Cercopithecus,Mammalia,same_order,28.82,28820000.0,TimeTree API pairwise summaryjson,83.0,26.8,30.6,Gorilla beringei,Cercopithecus nictitans,3,7,21,0.1591129754388931,0.16047649946960646,1.4596939764779706
Eastern Gorilla (Gorilla beringei),Red colobus (Piliocolobus spp.),Mammalia,Mammalia,Primates,Primates,Hominidae,Cercopithecidae,Gorilla,Piliocolobus,Mammalia,same_order,28.82,28820000.0,TimeTree API pairwise summaryjson,83.0,26.8,30.6,Piliocolobus,Gorilla beringei,3,5,15,0.6592672388632158,0.7915164415839125,1.4596939764779706
Eastern Gorilla (Gorilla beringei),Red-tailed monkey (Cercopithecus ascanius),Mammalia,Mammalia,Primates,Primates,Hominidae,Cercopithecidae,Gorilla,Cercopithecus,Mammalia,same_order,28.82,28820000.0,TimeTree API pairwise summaryjson,83.0,26.8,30.6,Gorilla beringei,Cercopithecus ascanius,3,7,21,0.3204861614462784,0.3321888263630545,1.4596939764779706
Eastern Gorilla (Gorilla beringei),Rhesus macaque (Macaca mulatta),Mammalia,Mammalia,Primates,Primates,Hominidae,Cercopithecidae,Gorilla,Macaca,Mammalia,same_order,28.82,28820000.0,TimeTree API pairwise summaryjson,83.0,26.8,30.6,Gorilla beringei,Macaca mulatta,3,8,24,0.41970809295523964,0.44733764809005866,1.4596939764779706
Eastern Gorilla (Gorilla beringei),Ring-tailed lemur (Lemur catta),Mammalia,Mammalia,Primates,Primates,Hominidae,Lemuridae,Gorilla,Lemur,Mammalia,same_order,73.75492,73754920.0,TimeTree API pairwise summaryjson,50.0,71.4,77.5,Gorilla beringei,Lemur catta,3,6,18,-0.020574265202003093,-0.020577168971023782,1.867790996278425
Eastern Gorilla (Gorilla beringei),Siamang (Symphalangus syndactylus),Mammalia,Mammalia,Primates,Primates,Hominidae,Hylobatidae,Gorilla,Symphalangus,Mammalia,same_order,19.45714,19457140.0,TimeTree API pairwise summaryjson,64.0,18.8,20.3,Gorilla beringei,Symphalangus syndactylus,3,4,12,-0.15485226090458998,-0.1561081254484512,1.289079003789453
Eastern Gorilla (Gorilla beringei),Spotted hyena (Crocuta crocuta),Mammalia,Mammalia,Primates,Carnivora,Hominidae,Hyaenidae,Gorilla,Crocuta,Mammalia,same_class,94.0,94000000.0,TimeTree API pairwise summaryjson,63.0,91.5,97.4,Crocuta crocuta,Gorilla beringei,3,6,18,-0.17859623147535109,-0.18053229274974894,1.9731278535996986
Eastern Gorilla (Gorilla beringei),Talapoin monkey (Miopithecus talapoin),Mammalia,Mammalia,Primates,Primates,Hominidae,Cercopithecidae,Gorilla,Miopithecus,Mammalia,same_order,28.82,28820000.0,TimeTree API pairwise summaryjson,83.0,26.8,30.6,Gorilla beringei,Miopithecus talapoin,3,7,21,0.3029245477106998,0.312736505514414,1.4596939764779706
Eastern Gorilla (Gorilla beringei),Tufted capuchin (Sapajus apella),Mammalia,Mammalia,Primates,Primates,Hominidae,Cebidae,Gorilla,Sapajus,Mammalia,same_order,42.9,42900000.0,TimeTree API pairwise summaryjson,68.0,40.0,44.2,Gorilla beringei,Sapajus apella,3,8,24,-0.21286351783021565,-0.21616886610791072,1.6324572921847242
Eastern Gorilla (Gorilla beringei),Túngara frog (Engystomops pustulosus),Mammalia,Amphibia,Primates,Anura,Hominidae,Leptodactylidae,Gorilla,Engystomops,Cross-class,cross_class,351.686545,351686545.0,TimeTree API pairwise summaryjson,32.0,348.4,355.7,Engystomops pustulosus,Gorilla beringei,3,3,9,-0.034866580381390386,-0.03488071954590053,2.546155753178947
Eastern Gorilla (Gorilla beringei),Vervet monkey (Chlorocebus pygerythrus),Mammalia,Mammalia,Primates,Primates,Hominidae,Cercopithecidae,Gorilla,Chlorocebus,Mammalia,same_order,28.82,28820000.0,TimeTree API pairwise summaryjson,83.0,26.8,30.6,Gorilla beringei,Chlorocebus pygerythrus,3,8,24,0.05597577927244577,0.05603435217070346,1.4596939764779706
Eastern Gorilla (Gorilla beringei),Western Gorilla (Gorilla gorilla),Mammalia,Mammalia,Primates,Primates,Hominidae,Hominidae,Gorilla,Gorilla,Mammalia,same_genus,2.26895,2268950.0,TimeTree API pairwise summaryjson,6.0,0.68006,5.5,Gorilla gorilla,Gorilla beringei,3,9,27,0.6754543760352735,0.820706776375878,0.3558249256058028
Eastern Gorilla (Gorilla beringei),White-browed sparrow-weaver (Plocepasser mahali),Mammalia,Aves,Primates,Passeriformes,Hominidae,Ploceidae,Gorilla,Plocepasser,Cross-class,cross_class,318.95,318950000.0,TimeTree API pairwise summaryjson,30.0,316.0,322.37,Plocepasser mahali,Gorilla beringei,3,4,12,0.0659010901983405,0.06599674136173862,2.503722606486479
Eastern Gorilla (Gorilla beringei),Yellow baboon (Papio cynocephalus),Mammalia,Mammalia,Primates,Primates,Hominidae,Cercopithecidae,Gorilla,Papio,Mammalia,same_order,28.82,28820000.0,TimeTree API pairwise summaryjson,83.0,26.8,30.6,Gorilla beringei,Papio cynocephalus,3,7,21,0.2977112237581198,0.3070063565301868,1.4596939764779706
Eastern Gorilla (Gorilla beringei),Zebra finch (Taeniopygia guttata),Mammalia,Aves,Primates,Passeriformes,Hominidae,Estrildidae,Gorilla,Taeniopygia,Cross-class,cross_class,318.95,318950000.0,TimeTree API pairwise summaryjson,30.0,316.0,322.37,Gorilla beringei,Taeniopygia guttata,3,7,21,0.3252403396162383,0.3374962707915958,2.503722606486479
Egyptian fruit bat (Rousettus aegyptiacus),European starling (Sturnus vulgaris),Mammalia,Aves,Chiroptera,Passeriformes,Pteropodidae,Sturnidae,Rousettus,Sturnus,Cross-class,cross_class,318.95,318950000.0,TimeTree API pairwise summaryjson,30.0,316.0,322.37,Rousettus aegyptiacus,Sturnus vulgaris,5,6,30,0.1532511578281893,0.15446810104465986,2.503722606486479
Egyptian fruit bat (Rousettus aegyptiacus),Gelada (Theropithecus gelada),Mammalia,Mammalia,Chiroptera,Primates,Pteropodidae,Cercopithecidae,Rousettus,Theropithecus,Mammalia,same_class,94.0,94000000.0,TimeTree API pairwise summaryjson,63.0,91.5,97.4,Rousettus aegyptiacus,Theropithecus gelada,5,8,40,0.5467652369592054,0.6137554266816045,1.9731278535996986
Egyptian fruit bat (Rousettus aegyptiacus),"Gibbons (Hylobates spp., Nomascus spp., Hoolock spp.)",Mammalia,Mammalia,Chiroptera,Primates,Pteropodidae,Hylobatidae,Rousettus,,Mammalia,same_class,94.0,94000000.0,TimeTree API pairwise summaryjson,63.0,91.5,97.4,Rousettus aegyptiacus,Hylobates,5,4,20,0.34466262871013836,0.35937412659786155,1.9731278535996986
Egyptian fruit bat (Rousettus aegyptiacus),Gray wolf (Canis lupus),Mammalia,Mammalia,Chiroptera,Carnivora,Pteropodidae,Canidae,Rousettus,Canis,Mammalia,same_class,81.026045,81026045.0,TimeTree API pairwise summaryjson,18.0,68.4,82.6,Canis lupus,Rousettus aegyptiacus,5,5,25,0.5226836243670044,0.5800250335681546,1.908624640874343
Egyptian fruit bat (Rousettus aegyptiacus),Greater sac-winged bat (Saccopteryx bilineata),Mammalia,Mammalia,Chiroptera,Chiroptera,Pteropodidae,Emballonuridae,Rousettus,Saccopteryx,Mammalia,same_order,62.0,62000000.0,TimeTree API pairwise summaryjson,29.0,57.9,64.0,Rousettus aegyptiacus,Saccopteryx bilineata,5,5,25,0.7201340643878156,0.9079234120296512,1.792391689498254
Egyptian fruit bat (Rousettus aegyptiacus),Green tree frog (Hyla cinerea),Mammalia,Amphibia,Chiroptera,Anura,Pteropodidae,Hylidae,Rousettus,Hyla,Cross-class,cross_class,351.686545,351686545.0,TimeTree API pairwise summaryjson,32.0,348.4,355.7,Dryophytes cinereus,Rousettus aegyptiacus,5,7,35,0.4859598880439545,0.5307574652185745,2.546155753178947
Egyptian fruit bat (Rousettus aegyptiacus),Howler monkey (Alouatta spp.),Mammalia,Mammalia,Chiroptera,Primates,Pteropodidae,Atelidae,Rousettus,Alouatta,Mammalia,same_class,94.0,94000000.0,TimeTree API pairwise summaryjson,63.0,91.5,97.4,Rousettus aegyptiacus,Alouatta,5,6,30,0.5179946490152132,0.57359510865464,1.9731278535996986
Egyptian fruit bat (Rousettus aegyptiacus),Indri (Indri indri),Mammalia,Mammalia,Chiroptera,Primates,Pteropodidae,Indriidae,Rousettus,Indri,Mammalia,same_class,94.0,94000000.0,TimeTree API pairwise summaryjson,63.0,91.5,97.4,Rousettus aegyptiacus,Indri indri,5,6,30,0.3954561916190392,0.41825126100458454,1.9731278535996986
Egyptian fruit bat (Rousettus aegyptiacus),Japanese macaque (Macaca fuscata),Mammalia,Mammalia,Chiroptera,Primates,Pteropodidae,Cercopithecidae,Rousettus,Macaca,Mammalia,same_class,94.0,94000000.0,TimeTree API pairwise summaryjson,63.0,91.5,97.4,Rousettus aegyptiacus,Macaca fuscata,5,8,40,0.393033638522591,0.41538287494333825,1.9731278535996986
Egyptian fruit bat (Rousettus aegyptiacus),Japanese tit (Parus minor),Mammalia,Aves,Chiroptera,Passeriformes,Pteropodidae,Paridae,Rousettus,Parus,Cross-class,cross_class,318.95,318950000.0,TimeTree API pairwise summaryjson,30.0,316.0,322.37,Rousettus aegyptiacus,Parus minor,5,4,20,0.6648472809023865,0.8014511845891686,2.503722606486479
Egyptian fruit bat (Rousettus aegyptiacus),Langurs (Semnopithecus spp. / Trachypithecus spp.),Mammalia,Mammalia,Chiroptera,Primates,Pteropodidae,Cercopithecidae,Rousettus,,Mammalia,same_class,94.0,94000000.0,TimeTree API pairwise summaryjson,63.0,91.5,97.4,Rousettus aegyptiacus,Semnopithecus,5,5,25,0.5662062145038713,0.6419211388201966,1.9731278535996986
Egyptian fruit bat (Rousettus aegyptiacus),L’Hoest’s monkey (Allochrocebus lhoesti),Mammalia,Mammalia,Chiroptera,Primates,Pteropodidae,Cercopithecidae,Rousettus,Allochrocebus,Mammalia,same_class,94.0,94000000.0,TimeTree API pairwise summaryjson,63.0,91.5,97.4,Rousettus aegyptiacus,Allochrocebus lhoesti,5,7,35,0.6241091579316719,0.7317079731726329,1.9731278535996986
Egyptian fruit bat (Rousettus aegyptiacus),Mandrill (Mandrillus sphinx),Mammalia,Mammalia,Chiroptera,Primates,Pteropodidae,Cercopithecidae,Rousettus,Mandrillus,Mammalia,same_class,94.0,94000000.0,TimeTree API pairwise summaryjson,63.0,91.5,97.4,Rousettus aegyptiacus,Mandrillus sphinx,5,7,35,0.5245213417212788,0.5825568836039737,1.9731278535996986
Egyptian fruit bat (Rousettus aegyptiacus),Meerkat (Suricata suricatta),Mammalia,Mammalia,Chiroptera,Carnivora,Pteropodidae,Herpestidae,Rousettus,Suricata,Mammalia,same_class,81.026045,81026045.0,TimeTree API pairwise summaryjson,18.0,68.4,82.6,Suricata suricatta,Rousettus aegyptiacus,5,7,35,0.25753969670206844,0.2634715318768752,1.908624640874343
Egyptian fruit bat (Rousettus aegyptiacus),Mona monkey (Cercopithecus mona),Mammalia,Mammalia,Chiroptera,Primates,Pteropodidae,Cercopithecidae,Rousettus,Cercopithecus,Mammalia,same_class,94.0,94000000.0,TimeTree API pairwise summaryjson,63.0,91.5,97.4,Rousettus aegyptiacus,Cercopithecus mona,5,6,30,0.3839535740856967,0.40468863172081054,1.9731278535996986
Egyptian fruit bat (Rousettus aegyptiacus),Mouse lemurs (Microcebus spp.),Mammalia,Mammalia,Chiroptera,Primates,Pteropodidae,Cheirogaleidae,Rousettus,Microcebus,Mammalia,same_class,94.0,94000000.0,TimeTree API pairwise summaryjson,63.0,91.5,97.4,Rousettus aegyptiacus,Microcebus,5,6,30,0.6250799427519877,0.7332997332606238,1.9731278535996986
Egyptian fruit bat (Rousettus aegyptiacus),Olive baboon (Papio anubis),Mammalia,Mammalia,Chiroptera,Primates,Pteropodidae,Cercopithecidae,Rousettus,Papio,Mammalia,same_class,94.0,94000000.0,TimeTree API pairwise summaryjson,63.0,91.5,97.4,Rousettus aegyptiacus,Papio anubis,5,14,70,0.4411618746489925,0.47367253619512406,1.9731278535996986
Egyptian fruit bat (Rousettus aegyptiacus),Patas monkey (Erythrocebus patas),Mammalia,Mammalia,Chiroptera,Primates,Pteropodidae,Cercopithecidae,Rousettus,Erythrocebus,Mammalia,same_class,94.0,94000000.0,TimeTree API pairwise summaryjson,63.0,91.5,97.4,Rousettus aegyptiacus,Erythrocebus patas,5,6,30,0.6211069499794927,0.7268052609991102,1.9731278535996986
Egyptian fruit bat (Rousettus aegyptiacus),Plain-tailed wren (Pheugopedius euophrys),Mammalia,Aves,Chiroptera,Passeriformes,Pteropodidae,Troglodytidae,Rousettus,Pheugopedius,Cross-class,cross_class,318.95,318950000.0,TimeTree API pairwise summaryjson,30.0,316.0,322.37,Rousettus aegyptiacus,Pheugopedius euophrys,5,3,15,0.628914677080013,0.7396186063324507,2.503722606486479
Egyptian fruit bat (Rousettus aegyptiacus),Poison dart frogs (Dendrobatidae; various genera),Mammalia,Amphibia,Chiroptera,Anura,Pteropodidae,Dendrobatidae,Rousettus,,Cross-class,cross_class,351.686545,351686545.0,TimeTree API pairwise summaryjson,32.0,348.4,355.7,Dendrobatidae,Rousettus aegyptiacus,5,2,10,0.5247591212417505,0.5828849673050046,2.546155753178947
Egyptian fruit bat (Rousettus aegyptiacus),Putty-nosed monkey (Cercopithecus nictitans),Mammalia,Mammalia,Chiroptera,Primates,Pteropodidae,Cercopithecidae,Rousettus,Cercopithecus,Mammalia,same_class,94.0,94000000.0,TimeTree API pairwise summaryjson,63.0,91.5,97.4,Rousettus aegyptiacus,Cercopithecus nictitans,5,7,35,0.3069762361693312,0.3172036208240814,1.9731278535996986
Egyptian fruit bat (Rousettus aegyptiacus),Red colobus (Piliocolobus spp.),Mammalia,Mammalia,Chiroptera,Primates,Pteropodidae,Cercopithecidae,Rousettus,Piliocolobus,Mammalia,same_class,94.0,94000000.0,TimeTree API pairwise summaryjson,63.0,91.5,97.4,Rousettus aegyptiacus,Piliocolobus,5,5,25,0.7210160719760255,0.9097579801986401,1.9731278535996986
Egyptian fruit bat (Rousettus aegyptiacus),Red-tailed monkey (Cercopithecus ascanius),Mammalia,Mammalia,Chiroptera,Primates,Pteropodidae,Cercopithecidae,Rousettus,Cercopithecus,Mammalia,same_class,94.0,94000000.0,TimeTree API pairwise summaryjson,63.0,91.5,97.4,Rousettus aegyptiacus,Cercopithecus ascanius,5,7,35,0.5691254072071826,0.6462282989421803,1.9731278535996986
Egyptian fruit bat (Rousettus aegyptiacus),Rhesus macaque (Macaca mulatta),Mammalia,Mammalia,Chiroptera,Primates,Pteropodidae,Cercopithecidae,Rousettus,Macaca,Mammalia,same_class,94.0,94000000.0,TimeTree API pairwise summaryjson,63.0,91.5,97.4,Rousettus aegyptiacus,Macaca mulatta,5,8,40,0.37486603026567955,0.3940727972392325,1.9731278535996986
Egyptian fruit bat (Rousettus aegyptiacus),Ring-tailed lemur (Lemur catta),Mammalia,Mammalia,Chiroptera,Primates,Pteropodidae,Lemuridae,Rousettus,Lemur,Mammalia,same_class,94.0,94000000.0,TimeTree API pairwise summaryjson,63.0,91.5,97.4,Rousettus aegyptiacus,Lemur catta,5,6,30,0.5186128595802458,0.5744403963401989,1.9731278535996986
Egyptian fruit bat (Rousettus aegyptiacus),Siamang (Symphalangus syndactylus),Mammalia,Mammalia,Chiroptera,Primates,Pteropodidae,Hylobatidae,Rousettus,Symphalangus,Mammalia,same_class,94.0,94000000.0,TimeTree API pairwise summaryjson,63.0,91.5,97.4,Rousettus aegyptiacus,Symphalangus syndactylus,5,4,20,0.42906792730576515,0.45875373554041304,1.9731278535996986
Egyptian fruit bat (Rousettus aegyptiacus),Spotted hyena (Crocuta crocuta),Mammalia,Mammalia,Chiroptera,Carnivora,Pteropodidae,Hyaenidae,Rousettus,Crocuta,Mammalia,same_class,81.026045,81026045.0,TimeTree API pairwise summaryjson,18.0,68.4,82.6,Crocuta crocuta,Rousettus aegyptiacus,5,6,30,0.4000384922162959,0.4236947551006062,1.908624640874343
Egyptian fruit bat (Rousettus aegyptiacus),Talapoin monkey (Miopithecus talapoin),Mammalia,Mammalia,Chiroptera,Primates,Pteropodidae,Cercopithecidae,Rousettus,Miopithecus,Mammalia,same_class,94.0,94000000.0,TimeTree API pairwise summaryjson,63.0,91.5,97.4,Rousettus aegyptiacus,Miopithecus talapoin,5,7,35,0.6555763769302445,0.7850160645149744,1.9731278535996986
Egyptian fruit bat (Rousettus aegyptiacus),Tufted capuchin (Sapajus apella),Mammalia,Mammalia,Chiroptera,Primates,Pteropodidae,Cebidae,Rousettus,Sapajus,Mammalia,same_class,94.0,94000000.0,TimeTree API pairwise summaryjson,63.0,91.5,97.4,Rousettus aegyptiacus,Sapajus apella,5,8,40,0.4111431708417323,0.43698616733824636,1.9731278535996986
Egyptian fruit bat (Rousettus aegyptiacus),Túngara frog (Engystomops pustulosus),Mammalia,Amphibia,Chiroptera,Anura,Pteropodidae,Leptodactylidae,Rousettus,Engystomops,Cross-class,cross_class,351.686545,351686545.0,TimeTree API pairwise summaryjson,32.0,348.4,355.7,Engystomops pustulosus,Rousettus aegyptiacus,5,3,15,0.47721021292326293,0.5193655750736911,2.546155753178947
Egyptian fruit bat (Rousettus aegyptiacus),Vervet monkey (Chlorocebus pygerythrus),Mammalia,Mammalia,Chiroptera,Primates,Pteropodidae,Cercopithecidae,Rousettus,Chlorocebus,Mammalia,same_class,94.0,94000000.0,TimeTree API pairwise summaryjson,63.0,91.5,97.4,Rousettus aegyptiacus,Chlorocebus pygerythrus,5,8,40,0.24821075663315062,0.25350519349492184,1.9731278535996986
Egyptian fruit bat (Rousettus aegyptiacus),Western Gorilla (Gorilla gorilla),Mammalia,Mammalia,Chiroptera,Primates,Pteropodidae,Hominidae,Rousettus,Gorilla,Mammalia,same_class,94.0,94000000.0,TimeTree API pairwise summaryjson,63.0,91.5,97.4,Rousettus aegyptiacus,Gorilla gorilla,5,9,45,0.5717578412594644,0.6501305445453247,1.9731278535996986
Egyptian fruit bat (Rousettus aegyptiacus),White-browed sparrow-weaver (Plocepasser mahali),Mammalia,Aves,Chiroptera,Passeriformes,Pteropodidae,Ploceidae,Rousettus,Plocepasser,Cross-class,cross_class,318.95,318950000.0,TimeTree API pairwise summaryjson,30.0,316.0,322.37,Rousettus aegyptiacus,Plocepasser mahali,5,4,20,0.22130806105035392,0.22503111697209505,2.503722606486479
Egyptian fruit bat (Rousettus aegyptiacus),Yellow baboon (Papio cynocephalus),Mammalia,Mammalia,Chiroptera,Primates,Pteropodidae,Cercopithecidae,Rousettus,Papio,Mammalia,same_class,94.0,94000000.0,TimeTree API pairwise summaryjson,63.0,91.5,97.4,Rousettus aegyptiacus,Papio cynocephalus,5,7,35,0.48613366988039813,0.5309850002721332,1.9731278535996986
Egyptian fruit bat (Rousettus aegyptiacus),Zebra finch (Taeniopygia guttata),Mammalia,Aves,Chiroptera,Passeriformes,Pteropodidae,Estrildidae,Rousettus,Taeniopygia,Cross-class,cross_class,318.95,318950000.0,TimeTree API pairwise summaryjson,30.0,316.0,322.37,Rousettus aegyptiacus,Taeniopygia guttata,5,7,35,0.02312141256404042,0.023125534119703584,2.503722606486479
European starling (Sturnus vulgaris),Gelada (Theropithecus gelada),Aves,Mammalia,Passeriformes,Primates,Sturnidae,Cercopithecidae,Sturnus,Theropithecus,Cross-class,cross_class,318.95,318950000.0,TimeTree API pairwise summaryjson,30.0,316.0,322.37,Sturnus vulgaris,Theropithecus gelada,6,8,48,0.25863941390272066,0.2646497292121693,2.503722606486479
European starling (Sturnus vulgaris),"Gibbons (Hylobates spp., Nomascus spp., Hoolock spp.)",Aves,Mammalia,Passeriformes,Primates,Sturnidae,Hylobatidae,Sturnus,,Cross-class,cross_class,318.95,318950000.0,TimeTree API pairwise summaryjson,30.0,316.0,322.37,Sturnus vulgaris,Hylobates,6,4,24,0.4487484005482042,0.4831319811873511,2.503722606486479
European starling (Sturnus vulgaris),Gray wolf (Canis lupus),Aves,Mammalia,Passeriformes,Carnivora,Sturnidae,Canidae,Sturnus,Canis,Cross-class,cross_class,318.95,318950000.0,TimeTree API pairwise summaryjson,30.0,316.0,322.37,Canis lupus,Sturnus vulgaris,6,5,30,0.22554218908416307,0.22948772134562623,2.503722606486479
European starling (Sturnus vulgaris),Greater sac-winged bat (Saccopteryx bilineata),Aves,Mammalia,Passeriformes,Chiroptera,Sturnidae,Emballonuridae,Sturnus,Saccopteryx,Cross-class,cross_class,318.95,318950000.0,TimeTree API pairwise summaryjson,30.0,316.0,322.37,Saccopteryx bilineata,Sturnus vulgaris,6,5,30,0.22542803541897993,0.22936745280229012,2.503722606486479
European starling (Sturnus vulgaris),Green tree frog (Hyla cinerea),Aves,Amphibia,Passeriformes,Anura,Sturnidae,Hylidae,Sturnus,Hyla,Cross-class,cross_class,351.686545,351686545.0,TimeTree API pairwise summaryjson,32.0,348.4,355.7,Dryophytes cinereus,Sturnus vulgaris,6,7,42,-0.05514080030096343,-0.05519678782034,2.546155753178947
European starling (Sturnus vulgaris),Howler monkey (Alouatta spp.),Aves,Mammalia,Passeriformes,Primates,Sturnidae,Atelidae,Sturnus,Alouatta,Cross-class,cross_class,318.95,318950000.0,TimeTree API pairwise summaryjson,30.0,316.0,322.37,Sturnus vulgaris,Alouatta,6,6,36,0.4306245603456129,0.4606631716031958,2.503722606486479
European starling (Sturnus vulgaris),Indri (Indri indri),Aves,Mammalia,Passeriformes,Primates,Sturnidae,Indriidae,Sturnus,Indri,Cross-class,cross_class,318.95,318950000.0,TimeTree API pairwise summaryjson,30.0,316.0,322.37,Sturnus vulgaris,Indri indri,6,6,36,0.45526391035742936,0.4913205533266182,2.503722606486479
European starling (Sturnus vulgaris),Japanese macaque (Macaca fuscata),Aves,Mammalia,Passeriformes,Primates,Sturnidae,Cercopithecidae,Sturnus,Macaca,Cross-class,cross_class,318.95,318950000.0,TimeTree API pairwise summaryjson,30.0,316.0,322.37,Sturnus vulgaris,Macaca fuscata,6,8,48,0.1690264346519129,0.17066429528300717,2.503722606486479
European starling (Sturnus vulgaris),Japanese tit (Parus minor),Aves,Aves,Passeriformes,Passeriformes,Sturnidae,Paridae,Sturnus,Parus,Aves,same_order,29.793515,29793515.0,TimeTree API pairwise summaryjson,8.0,21.544868,36.99,Parus minor,Sturnus vulgaris,6,4,24,0.17418511606054338,0.1759795153930393,1.474121743733689
European starling (Sturnus vulgaris),Langurs (Semnopithecus spp. / Trachypithecus spp.),Aves,Mammalia,Passeriformes,Primates,Sturnidae,Cercopithecidae,Sturnus,,Cross-class,cross_class,318.95,318950000.0,TimeTree API pairwise summaryjson,30.0,316.0,322.37,Sturnus vulgaris,Semnopithecus,6,5,30,0.47188607896676343,0.5124939421607324,2.503722606486479
European starling (Sturnus vulgaris),L’Hoest’s monkey (Allochrocebus lhoesti),Aves,Mammalia,Passeriformes,Primates,Sturnidae,Cercopithecidae,Sturnus,Allochrocebus,Cross-class,cross_class,318.95,318950000.0,TimeTree API pairwise summaryjson,30.0,316.0,322.37,Sturnus vulgaris,Allochrocebus lhoesti,6,7,42,0.3573117731207236,0.3738008256023433,2.503722606486479
European starling (Sturnus vulgaris),Mandrill (Mandrillus sphinx),Aves,Mammalia,Passeriformes,Primates,Sturnidae,Cercopithecidae,Sturnus,Mandrillus,Cross-class,cross_class,318.95,318950000.0,TimeTree API pairwise summaryjson,30.0,316.0,322.37,Sturnus vulgaris,Mandrillus sphinx,6,7,42,0.18535789955683987,0.1875255783407459,2.503722606486479
European starling (Sturnus vulgaris),Meerkat (Suricata suricatta),Aves,Mammalia,Passeriformes,Carnivora,Sturnidae,Herpestidae,Sturnus,Suricata,Cross-class,cross_class,318.95,318950000.0,TimeTree API pairwise summaryjson,30.0,316.0,322.37,Suricata suricatta,Sturnus vulgaris,6,7,42,0.4346409449932814,0.46560442972268085,2.503722606486479
European starling (Sturnus vulgaris),Mona monkey (Cercopithecus mona),Aves,Mammalia,Passeriformes,Primates,Sturnidae,Cercopithecidae,Sturnus,Cercopithecus,Cross-class,cross_class,318.95,318950000.0,TimeTree API pairwise summaryjson,30.0,316.0,322.37,Sturnus vulgaris,Cercopithecus mona,6,6,36,0.34234029202566635,0.35674110988941576,2.503722606486479
European starling (Sturnus vulgaris),Mouse lemurs (Microcebus spp.),Aves,Mammalia,Passeriformes,Primates,Sturnidae,Cheirogaleidae,Sturnus,Microcebus,Cross-class,cross_class,318.95,318950000.0,TimeTree API pairwise summaryjson,30.0,316.0,322.37,Sturnus vulgaris,Microcebus,6,6,36,0.49904890401939517,0.5480388192461944,2.503722606486479
European starling (Sturnus vulgaris),Olive baboon (Papio anubis),Aves,Mammalia,Passeriformes,Primates,Sturnidae,Cercopithecidae,Sturnus,Papio,Cross-class,cross_class,318.95,318950000.0,TimeTree API pairwise summaryjson,30.0,316.0,322.37,Sturnus vulgaris,Papio anubis,6,14,84,0.166126196037389,0.16768025710780596,2.503722606486479
European starling (Sturnus vulgaris),Patas monkey (Erythrocebus patas),Aves,Mammalia,Passeriformes,Primates,Sturnidae,Cercopithecidae,Sturnus,Erythrocebus,Cross-class,cross_class,318.95,318950000.0,TimeTree API pairwise summaryjson,30.0,316.0,322.37,Sturnus vulgaris,Erythrocebus patas,6,6,36,0.18282591078573693,0.18490476919788545,2.503722606486479
European starling (Sturnus vulgaris),Plain-tailed wren (Pheugopedius euophrys),Aves,Aves,Passeriformes,Passeriformes,Sturnidae,Troglodytidae,Sturnus,Pheugopedius,Aves,same_order,36.768705,36768705.0,TimeTree API pairwise summaryjson,8.0,19.8887,44.38974,Pheugopedius euophrys,Sturnus vulgaris,6,3,18,0.4911393358803374,0.5375607634897791,1.5654783342132175
European starling (Sturnus vulgaris),Poison dart frogs (Dendrobatidae; various genera),Aves,Amphibia,Passeriformes,Anura,Sturnidae,Dendrobatidae,Sturnus,,Cross-class,cross_class,351.686545,351686545.0,TimeTree API pairwise summaryjson,32.0,348.4,355.7,Dendrobatidae,Sturnus vulgaris,6,2,12,-0.040497291539979205,-0.04051945228339411,2.546155753178947
European starling (Sturnus vulgaris),Putty-nosed monkey (Cercopithecus nictitans),Aves,Mammalia,Passeriformes,Primates,Sturnidae,Cercopithecidae,Sturnus,Cercopithecus,Cross-class,cross_class,318.95,318950000.0,TimeTree API pairwise summaryjson,30.0,316.0,322.37,Sturnus vulgaris,Cercopithecus nictitans,6,7,42,0.1174796674220186,0.11802465166554103,2.503722606486479
European starling (Sturnus vulgaris),Red colobus (Piliocolobus spp.),Aves,Mammalia,Passeriformes,Primates,Sturnidae,Cercopithecidae,Sturnus,Piliocolobus,Cross-class,cross_class,318.95,318950000.0,TimeTree API pairwise summaryjson,30.0,316.0,322.37,Sturnus vulgaris,Piliocolobus,6,5,30,0.3148385582592367,0.3259073379116829,2.503722606486479
European starling (Sturnus vulgaris),Red-tailed monkey (Cercopithecus ascanius),Aves,Mammalia,Passeriformes,Primates,Sturnidae,Cercopithecidae,Sturnus,Cercopithecus,Cross-class,cross_class,318.95,318950000.0,TimeTree API pairwise summaryjson,30.0,316.0,322.37,Sturnus vulgaris,Cercopithecus ascanius,6,7,42,0.26413822237123474,0.27055181145648305,2.503722606486479
European starling (Sturnus vulgaris),Rhesus macaque (Macaca mulatta),Aves,Mammalia,Passeriformes,Primates,Sturnidae,Cercopithecidae,Sturnus,Macaca,Cross-class,cross_class,318.95,318950000.0,TimeTree API pairwise summaryjson,30.0,316.0,322.37,Sturnus vulgaris,Macaca mulatta,6,8,48,0.164806255964839,0.16632316077798445,2.503722606486479
European starling (Sturnus vulgaris),Ring-tailed lemur (Lemur catta),Aves,Mammalia,Passeriformes,Primates,Sturnidae,Lemuridae,Sturnus,Lemur,Cross-class,cross_class,318.95,318950000.0,TimeTree API pairwise summaryjson,30.0,316.0,322.37,Sturnus vulgaris,Lemur catta,6,6,36,0.48452780770548404,0.5288843336168203,2.503722606486479
European starling (Sturnus vulgaris),Siamang (Symphalangus syndactylus),Aves,Mammalia,Passeriformes,Primates,Sturnidae,Hylobatidae,Sturnus,Symphalangus,Cross-class,cross_class,318.95,318950000.0,TimeTree API pairwise summaryjson,30.0,316.0,322.37,Sturnus vulgaris,Symphalangus syndactylus,6,4,24,0.5413353501734575,0.6060425487758899,2.503722606486479
European starling (Sturnus vulgaris),Spotted hyena (Crocuta crocuta),Aves,Mammalia,Passeriformes,Carnivora,Sturnidae,Hyaenidae,Sturnus,Crocuta,Cross-class,cross_class,318.95,318950000.0,TimeTree API pairwise summaryjson,30.0,316.0,322.37,Crocuta crocuta,Sturnus vulgaris,6,6,36,0.23723676631581245,0.2418440421593057,2.503722606486479
European starling (Sturnus vulgaris),Talapoin monkey (Miopithecus talapoin),Aves,Mammalia,Passeriformes,Primates,Sturnidae,Cercopithecidae,Sturnus,Miopithecus,Cross-class,cross_class,318.95,318950000.0,TimeTree API pairwise summaryjson,30.0,316.0,322.37,Sturnus vulgaris,Miopithecus talapoin,6,7,42,0.22547305223761785,0.2294148802613468,2.503722606486479
European starling (Sturnus vulgaris),Tufted capuchin (Sapajus apella),Aves,Mammalia,Passeriformes,Primates,Sturnidae,Cebidae,Sturnus,Sapajus,Cross-class,cross_class,318.95,318950000.0,TimeTree API pairwise summaryjson,30.0,316.0,322.37,Sturnus vulgaris,Sapajus apella,6,8,48,0.1962832996813001,0.19886396740349185,2.503722606486479
European starling (Sturnus vulgaris),Túngara frog (Engystomops pustulosus),Aves,Amphibia,Passeriformes,Anura,Sturnidae,Leptodactylidae,Sturnus,Engystomops,Cross-class,cross_class,351.686545,351686545.0,TimeTree API pairwise summaryjson,32.0,348.4,355.7,Engystomops pustulosus,Sturnus vulgaris,6,3,18,0.1375514903406746,0.13842898392821418,2.546155753178947
European starling (Sturnus vulgaris),Vervet monkey (Chlorocebus pygerythrus),Aves,Mammalia,Passeriformes,Primates,Sturnidae,Cercopithecidae,Sturnus,Chlorocebus,Cross-class,cross_class,318.95,318950000.0,TimeTree API pairwise summaryjson,30.0,316.0,322.37,Sturnus vulgaris,Chlorocebus pygerythrus,6,8,48,0.1768028558935312,0.178680440429435,2.503722606486479
European starling (Sturnus vulgaris),Western Gorilla (Gorilla gorilla),Aves,Mammalia,Passeriformes,Primates,Sturnidae,Hominidae,Sturnus,Gorilla,Cross-class,cross_class,318.95,318950000.0,TimeTree API pairwise summaryjson,30.0,316.0,322.37,Sturnus vulgaris,Gorilla gorilla,6,9,54,0.24547411542289743,0.25059098373016714,2.503722606486479
European starling (Sturnus vulgaris),White-browed sparrow-weaver (Plocepasser mahali),Aves,Aves,Passeriformes,Passeriformes,Sturnidae,Ploceidae,Sturnus,Plocepasser,Aves,same_order,35.99253,35992530.0,TimeTree API pairwise summaryjson,7.0,21.364678,72.0,Plocepasser mahali,Sturnus vulgaris,6,4,24,0.5319372829136654,0.5928430568047064,1.556212375311453
European starling (Sturnus vulgaris),Yellow baboon (Papio cynocephalus),Aves,Mammalia,Passeriformes,Primates,Sturnidae,Cercopithecidae,Sturnus,Papio,Cross-class,cross_class,318.95,318950000.0,TimeTree API pairwise summaryjson,30.0,316.0,322.37,Sturnus vulgaris,Papio cynocephalus,6,7,42,0.10310827485739842,0.10347601569381668,2.503722606486479
European starling (Sturnus vulgaris),Zebra finch (Taeniopygia guttata),Aves,Aves,Passeriformes,Passeriformes,Sturnidae,Estrildidae,Sturnus,Taeniopygia,Aves,same_order,35.99253,35992530.0,TimeTree API pairwise summaryjson,7.0,21.364678,72.0,Sturnus vulgaris,Taeniopygia guttata,6,7,42,0.39709018108863625,0.42018963953339933,1.556212375311453
Gelada (Theropithecus gelada),"Gibbons (Hylobates spp., Nomascus spp., Hoolock spp.)",Mammalia,Mammalia,Primates,Primates,Cercopithecidae,Hylobatidae,Theropithecus,,Mammalia,same_order,28.82,28820000.0,TimeTree API pairwise summaryjson,83.0,26.8,30.6,Hylobates,Theropithecus gelada,8,4,32,0.28313288340879794,0.2910847203765071,1.4596939764779706
Gelada (Theropithecus gelada),Gray wolf (Canis lupus),Mammalia,Mammalia,Primates,Carnivora,Cercopithecidae,Canidae,Theropithecus,Canis,Mammalia,same_class,94.0,94000000.0,TimeTree API pairwise summaryjson,63.0,91.5,97.4,Canis lupus,Theropithecus gelada,8,5,40,0.007282999673181933,0.007283128445774238,1.9731278535996986
Gelada (Theropithecus gelada),Greater sac-winged bat (Saccopteryx bilineata),Mammalia,Mammalia,Primates,Chiroptera,Cercopithecidae,Emballonuridae,Theropithecus,Saccopteryx,Mammalia,same_class,94.0,94000000.0,TimeTree API pairwise summaryjson,63.0,91.5,97.4,Saccopteryx bilineata,Theropithecus gelada,8,5,40,0.2394697946322689,0.2442115767495861,1.9731278535996986
Gelada (Theropithecus gelada),Green tree frog (Hyla cinerea),Mammalia,Amphibia,Primates,Anura,Cercopithecidae,Hylidae,Theropithecus,Hyla,Cross-class,cross_class,351.686545,351686545.0,TimeTree API pairwise summaryjson,32.0,348.4,355.7,Dryophytes cinereus,Theropithecus gelada,8,7,56,0.3712891563226343,0.3899175616839539,2.546155753178947
Gelada (Theropithecus gelada),Howler monkey (Alouatta spp.),Mammalia,Mammalia,Primates,Primates,Cercopithecidae,Atelidae,Theropithecus,Alouatta,Mammalia,same_order,42.9,42900000.0,TimeTree API pairwise summaryjson,68.0,40.0,44.2,Alouatta,Theropithecus gelada,8,6,48,0.2526965622671443,0.2582912227287437,1.6324572921847242
Gelada (Theropithecus gelada),Indri (Indri indri),Mammalia,Mammalia,Primates,Primates,Cercopithecidae,Indriidae,Theropithecus,Indri,Mammalia,same_order,73.75492,73754920.0,TimeTree API pairwise summaryjson,50.0,71.4,77.5,Indri indri,Theropithecus gelada,8,6,48,0.6771372829398848,0.8238082061992187,1.867790996278425
Gelada (Theropithecus gelada),Japanese macaque (Macaca fuscata),Mammalia,Mammalia,Primates,Primates,Cercopithecidae,Cercopithecidae,Theropithecus,Macaca,Mammalia,same_family,10.454,10454000.0,TimeTree API pairwise summaryjson,42.0,8.78921,11.05064,Macaca fuscata,Theropithecus gelada,8,8,64,0.3393876940136623,0.3534003512329664,1.0192824957617317
Gelada (Theropithecus gelada),Japanese tit (Parus minor),Mammalia,Aves,Primates,Passeriformes,Cercopithecidae,Paridae,Theropithecus,Parus,Cross-class,cross_class,318.95,318950000.0,TimeTree API pairwise summaryjson,30.0,316.0,322.37,Parus minor,Theropithecus gelada,8,4,32,-0.058096310267873257,-0.058161804812059244,2.503722606486479
Gelada (Theropithecus gelada),Langurs (Semnopithecus spp. / Trachypithecus spp.),Mammalia,Mammalia,Primates,Primates,Cercopithecidae,Cercopithecidae,Theropithecus,,Mammalia,same_family,17.755,17755000.0,TimeTree API pairwise summaryjson,29.0,15.5,19.8,Semnopithecus,Theropithecus gelada,8,5,40,0.6591138548823892,0.7912451901054415,1.2493206766376344
Gelada (Theropithecus gelada),L’Hoest’s monkey (Allochrocebus lhoesti),Mammalia,Mammalia,Primates,Primates,Cercopithecidae,Cercopithecidae,Theropithecus,Allochrocebus,Mammalia,same_family,12.32716,12327160.0,TimeTree API pairwise summaryjson,28.0,11.5,13.0889,Allochrocebus lhoesti,Theropithecus gelada,8,7,56,0.6337482641830676,0.7476556513559514,1.0908630329301952
Gelada (Theropithecus gelada),Mandrill (Mandrillus sphinx),Mammalia,Mammalia,Primates,Primates,Cercopithecidae,Cercopithecidae,Theropithecus,Mandrillus,Mammalia,same_family,7.5,7500000.0,TimeTree API pairwise summaryjson,11.0,6.1,11.737,Mandrillus sphinx,Theropithecus gelada,8,7,56,0.683736761676121,0.8360979829053564,0.8750612633917001
Gelada (Theropithecus gelada),Meerkat (Suricata suricatta),Mammalia,Mammalia,Primates,Carnivora,Cercopithecidae,Herpestidae,Theropithecus,Suricata,Mammalia,same_class,94.0,94000000.0,TimeTree API pairwise summaryjson,63.0,91.5,97.4,Suricata suricatta,Theropithecus gelada,8,7,56,-0.12007006879751837,-0.12065212154501635,1.9731278535996986
Gelada (Theropithecus gelada),Mona monkey (Cercopithecus mona),Mammalia,Mammalia,Primates,Primates,Cercopithecidae,Cercopithecidae,Theropithecus,Cercopithecus,Mammalia,same_family,12.32716,12327160.0,TimeTree API pairwise summaryjson,28.0,11.5,13.0889,Theropithecus gelada,Cercopithecus mona,8,6,48,0.6489470102883285,0.773477503840096,1.0908630329301952
Gelada (Theropithecus gelada),Mouse lemurs (Microcebus spp.),Mammalia,Mammalia,Primates,Primates,Cercopithecidae,Cheirogaleidae,Theropithecus,Microcebus,Mammalia,same_order,73.75492,73754920.0,TimeTree API pairwise summaryjson,50.0,71.4,77.5,Microcebus,Theropithecus gelada,8,6,48,0.3730149231053596,0.3919207675710893,1.867790996278425
Gelada (Theropithecus gelada),Olive baboon (Papio anubis),Mammalia,Mammalia,Primates,Primates,Cercopithecidae,Cercopithecidae,Theropithecus,Papio,Mammalia,same_family,4.52,4520000.0,TimeTree API pairwise summaryjson,20.0,4.0,4.83554,Papio anubis,Theropithecus gelada,8,14,112,0.48764791796459556,0.5329697620947038,0.6551384348113821
Gelada (Theropithecus gelada),Patas monkey (Erythrocebus patas),Mammalia,Mammalia,Primates,Primates,Cercopithecidae,Cercopithecidae,Theropithecus,Erythrocebus,Mammalia,same_family,12.32716,12327160.0,TimeTree API pairwise summaryjson,28.0,11.5,13.0889,Erythrocebus patas,Theropithecus gelada,8,6,48,0.636418718423432,0.7521312723032729,1.0908630329301952
Gelada (Theropithecus gelada),Plain-tailed wren (Pheugopedius euophrys),Mammalia,Aves,Primates,Passeriformes,Cercopithecidae,Troglodytidae,Theropithecus,Pheugopedius,Cross-class,cross_class,318.95,318950000.0,TimeTree API pairwise summaryjson,30.0,316.0,322.37,Pheugopedius euophrys,Theropithecus gelada,8,3,24,0.5029182910689022,0.5532048037553053,2.503722606486479
Gelada (Theropithecus gelada),Poison dart frogs (Dendrobatidae; various genera),Mammalia,Amphibia,Primates,Anura,Cercopithecidae,Dendrobatidae,Theropithecus,,Cross-class,cross_class,351.686545,351686545.0,TimeTree API pairwise summaryjson,32.0,348.4,355.7,Dendrobatidae,Theropithecus gelada,8,2,16,0.08818020629196552,0.0884098342760606,2.546155753178947
Gelada (Theropithecus gelada),Putty-nosed monkey (Cercopithecus nictitans),Mammalia,Mammalia,Primates,Primates,Cercopithecidae,Cercopithecidae,Theropithecus,Cercopithecus,Mammalia,same_family,12.32716,12327160.0,TimeTree API pairwise summaryjson,28.0,11.5,13.0889,Cercopithecus nictitans,Theropithecus gelada,8,7,56,0.46110428181110447,0.49871285338513993,1.0908630329301952
Gelada (Theropithecus gelada),Red colobus (Piliocolobus spp.),Mammalia,Mammalia,Primates,Primates,Cercopithecidae,Cercopithecidae,Theropithecus,Piliocolobus,Mammalia,same_family,17.755,17755000.0,TimeTree API pairwise summaryjson,29.0,15.5,19.8,Piliocolobus,Theropithecus gelada,8,5,40,0.5519464078892422,0.6211761593200363,1.2493206766376344
Gelada (Theropithecus gelada),Red-tailed monkey (Cercopithecus ascanius),Mammalia,Mammalia,Primates,Primates,Cercopithecidae,Cercopithecidae,Theropithecus,Cercopithecus,Mammalia,same_family,12.32716,12327160.0,TimeTree API pairwise summaryjson,28.0,11.5,13.0889,Cercopithecus ascanius,Theropithecus gelada,8,7,56,0.5384623637958907,0.6019875645095749,1.0908630329301952
Gelada (Theropithecus gelada),Rhesus macaque (Macaca mulatta),Mammalia,Mammalia,Primates,Primates,Cercopithecidae,Cercopithecidae,Theropithecus,Macaca,Mammalia,same_family,10.454,10454000.0,TimeTree API pairwise summaryjson,42.0,8.78921,11.05064,Macaca mulatta,Theropithecus gelada,8,8,64,0.36670549784826645,0.3846114072328062,1.0192824957617317
Gelada (Theropithecus gelada),Ring-tailed lemur (Lemur catta),Mammalia,Mammalia,Primates,Primates,Cercopithecidae,Lemuridae,Theropithecus,Lemur,Mammalia,same_order,73.75492,73754920.0,TimeTree API pairwise summaryjson,50.0,71.4,77.5,Lemur catta,Theropithecus gelada,8,6,48,0.583675788269758,0.6680197802297891,1.867790996278425
Gelada (Theropithecus gelada),Siamang (Symphalangus syndactylus),Mammalia,Mammalia,Primates,Primates,Cercopithecidae,Hylobatidae,Theropithecus,Symphalangus,Mammalia,same_order,28.82,28820000.0,TimeTree API pairwise summaryjson,83.0,26.8,30.6,Symphalangus syndactylus,Theropithecus gelada,8,4,32,0.35748108563374587,0.3739949317189033,1.4596939764779706
Gelada (Theropithecus gelada),Spotted hyena (Crocuta crocuta),Mammalia,Mammalia,Primates,Carnivora,Cercopithecidae,Hyaenidae,Theropithecus,Crocuta,Mammalia,same_class,94.0,94000000.0,TimeTree API pairwise summaryjson,63.0,91.5,97.4,Crocuta crocuta,Theropithecus gelada,8,6,48,0.15825461647461403,0.15959596818622462,1.9731278535996986
Gelada (Theropithecus gelada),Talapoin monkey (Miopithecus talapoin),Mammalia,Mammalia,Primates,Primates,Cercopithecidae,Cercopithecidae,Theropithecus,Miopithecus,Mammalia,same_family,12.32716,12327160.0,TimeTree API pairwise summaryjson,28.0,11.5,13.0889,Miopithecus talapoin,Theropithecus gelada,8,7,56,0.4338528434091231,0.46463317892373895,1.0908630329301952
Gelada (Theropithecus gelada),Tufted capuchin (Sapajus apella),Mammalia,Mammalia,Primates,Primates,Cercopithecidae,Cebidae,Theropithecus,Sapajus,Mammalia,same_order,42.9,42900000.0,TimeTree API pairwise summaryjson,68.0,40.0,44.2,Sapajus apella,Theropithecus gelada,8,8,64,0.41328940757918825,0.4395717547630554,1.6324572921847242
Gelada (Theropithecus gelada),Túngara frog (Engystomops pustulosus),Mammalia,Amphibia,Primates,Anura,Cercopithecidae,Leptodactylidae,Theropithecus,Engystomops,Cross-class,cross_class,351.686545,351686545.0,TimeTree API pairwise summaryjson,32.0,348.4,355.7,Engystomops pustulosus,Theropithecus gelada,8,3,24,0.2790149588987666,0.2866135538250626,2.546155753178947
Gelada (Theropithecus gelada),Vervet monkey (Chlorocebus pygerythrus),Mammalia,Mammalia,Primates,Primates,Cercopithecidae,Cercopithecidae,Theropithecus,Chlorocebus,Mammalia,same_family,12.32716,12327160.0,TimeTree API pairwise summaryjson,28.0,11.5,13.0889,Chlorocebus pygerythrus,Theropithecus gelada,8,8,64,0.35267333001797113,0.36849354560009157,1.0908630329301952
Gelada (Theropithecus gelada),Western Gorilla (Gorilla gorilla),Mammalia,Mammalia,Primates,Primates,Cercopithecidae,Hominidae,Theropithecus,Gorilla,Mammalia,same_order,28.82,28820000.0,TimeTree API pairwise summaryjson,83.0,26.8,30.6,Gorilla gorilla,Theropithecus gelada,8,9,72,0.32818670850722953,0.3407947260157564,1.4596939764779706
Gelada (Theropithecus gelada),White-browed sparrow-weaver (Plocepasser mahali),Mammalia,Aves,Primates,Passeriformes,Cercopithecidae,Ploceidae,Theropithecus,Plocepasser,Cross-class,cross_class,318.95,318950000.0,TimeTree API pairwise summaryjson,30.0,316.0,322.37,Plocepasser mahali,Theropithecus gelada,8,4,32,0.2273987592928571,0.23144466149817708,2.503722606486479
Gelada (Theropithecus gelada),Yellow baboon (Papio cynocephalus),Mammalia,Mammalia,Primates,Primates,Cercopithecidae,Cercopithecidae,Theropithecus,Papio,Mammalia,same_family,4.52,4520000.0,TimeTree API pairwise summaryjson,20.0,4.0,4.83554,Papio cynocephalus,Theropithecus gelada,8,7,56,0.3925566051728139,0.4148188136876752,0.6551384348113821
Gelada (Theropithecus gelada),Zebra finch (Taeniopygia guttata),Mammalia,Aves,Primates,Passeriformes,Cercopithecidae,Estrildidae,Theropithecus,Taeniopygia,Cross-class,cross_class,318.95,318950000.0,TimeTree API pairwise summaryjson,30.0,316.0,322.37,Theropithecus gelada,Taeniopygia guttata,8,7,56,-0.23752306687383687,-0.2421474388905084,2.503722606486479
"Gibbons (Hylobates spp., Nomascus spp., Hoolock spp.)",Gray wolf (Canis lupus),Mammalia,Mammalia,Primates,Carnivora,Hylobatidae,Canidae,,Canis,Mammalia,same_class,94.0,94000000.0,TimeTree API pairwise summaryjson,63.0,91.5,97.4,Canis lupus,Hylobates,4,5,20,0.04391449245608581,0.043942754610706215,1.9731278535996986
"Gibbons (Hylobates spp., Nomascus spp., Hoolock spp.)",Greater sac-winged bat (Saccopteryx bilineata),Mammalia,Mammalia,Primates,Chiroptera,Hylobatidae,Emballonuridae,,Saccopteryx,Mammalia,same_class,94.0,94000000.0,TimeTree API pairwise summaryjson,63.0,91.5,97.4,Saccopteryx bilineata,Hylobates,4,5,20,0.05600156176748097,0.056060215741081804,1.9731278535996986
"Gibbons (Hylobates spp., Nomascus spp., Hoolock spp.)",Green tree frog (Hyla cinerea),Mammalia,Amphibia,Primates,Anura,Hylobatidae,Hylidae,,Hyla,Cross-class,cross_class,351.686545,351686545.0,TimeTree API pairwise summaryjson,32.0,348.4,355.7,Dryophytes cinereus,Hylobates,4,7,28,0.4086327005333109,0.4339687422490322,2.546155753178947
"Gibbons (Hylobates spp., Nomascus spp., Hoolock spp.)",Howler monkey (Alouatta spp.),Mammalia,Mammalia,Primates,Primates,Hylobatidae,Atelidae,,Alouatta,Mammalia,same_order,42.9,42900000.0,TimeTree API pairwise summaryjson,68.0,40.0,44.2,Hylobates,Alouatta,4,6,24,0.11089861389473388,0.11135662736552468,1.6324572921847242
"Gibbons (Hylobates spp., Nomascus spp., Hoolock spp.)",Indri (Indri indri),Mammalia,Mammalia,Primates,Primates,Hylobatidae,Indriidae,,Indri,Mammalia,same_order,73.75492,73754920.0,TimeTree API pairwise summaryjson,50.0,71.4,77.5,Hylobates,Indri indri,4,6,24,0.1095958884855757,0.11003787301847645,1.867790996278425
"Gibbons (Hylobates spp., Nomascus spp., Hoolock spp.)",Japanese macaque (Macaca fuscata),Mammalia,Mammalia,Primates,Primates,Hylobatidae,Cercopithecidae,,Macaca,Mammalia,same_order,28.82,28820000.0,TimeTree API pairwise summaryjson,83.0,26.8,30.6,Hylobates,Macaca fuscata,4,8,32,0.06714315284566313,0.06724432497011852,1.4596939764779706
"Gibbons (Hylobates spp., Nomascus spp., Hoolock spp.)",Japanese tit (Parus minor),Mammalia,Aves,Primates,Passeriformes,Hylobatidae,Paridae,,Parus,Cross-class,cross_class,318.95,318950000.0,TimeTree API pairwise summaryjson,30.0,316.0,322.37,Parus minor,Hylobates,4,4,16,-0.032633810965960304,-0.03264540300282418,2.503722606486479
"Gibbons (Hylobates spp., Nomascus spp., Hoolock spp.)",Langurs (Semnopithecus spp. / Trachypithecus spp.),Mammalia,Mammalia,Primates,Primates,Hylobatidae,Cercopithecidae,,,Mammalia,same_order,28.82,28820000.0,TimeTree API pairwise summaryjson,83.0,26.8,30.6,Semnopithecus,Hylobates,4,5,20,0.0980854919775691,0.09840187273837198,1.4596939764779706
"Gibbons (Hylobates spp., Nomascus spp., Hoolock spp.)",L’Hoest’s monkey (Allochrocebus lhoesti),Mammalia,Mammalia,Primates,Primates,Hylobatidae,Cercopithecidae,,Allochrocebus,Mammalia,same_order,28.82,28820000.0,TimeTree API pairwise summaryjson,83.0,26.8,30.6,Hylobates,Allochrocebus lhoesti,4,7,28,0.09986682478114098,0.10020082911672436,1.4596939764779706
"Gibbons (Hylobates spp., Nomascus spp., Hoolock spp.)",Mandrill (Mandrillus sphinx),Mammalia,Mammalia,Primates,Primates,Hylobatidae,Cercopithecidae,,Mandrillus,Mammalia,same_order,28.82,28820000.0,TimeTree API pairwise summaryjson,83.0,26.8,30.6,Mandrillus sphinx,Hylobates,4,7,28,0.21217219298129633,0.21544484149368753,1.4596939764779706
"Gibbons (Hylobates spp., Nomascus spp., Hoolock spp.)",Meerkat (Suricata suricatta),Mammalia,Mammalia,Primates,Carnivora,Hylobatidae,Herpestidae,,Suricata,Mammalia,same_class,94.0,94000000.0,TimeTree API pairwise summaryjson,63.0,91.5,97.4,Suricata suricatta,Hylobates,4,7,28,0.051274270345021675,0.05131927557948962,1.9731278535996986
"Gibbons (Hylobates spp., Nomascus spp., Hoolock spp.)",Mona monkey (Cercopithecus mona),Mammalia,Mammalia,Primates,Primates,Hylobatidae,Cercopithecidae,,Cercopithecus,Mammalia,same_order,28.82,28820000.0,TimeTree API pairwise summaryjson,83.0,26.8,30.6,Hylobates,Cercopithecus mona,4,6,24,0.3815354800253265,0.40185550036352735,1.4596939764779706
"Gibbons (Hylobates spp., Nomascus spp., Hoolock spp.)",Mouse lemurs (Microcebus spp.),Mammalia,Mammalia,Primates,Primates,Hylobatidae,Cheirogaleidae,,Microcebus,Mammalia,same_order,73.75492,73754920.0,TimeTree API pairwise summaryjson,50.0,71.4,77.5,Hylobates,Microcebus,4,6,24,0.26890895335773807,0.2756873577866378,1.867790996278425
"Gibbons (Hylobates spp., Nomascus spp., Hoolock spp.)",Olive baboon (Papio anubis),Mammalia,Mammalia,Primates,Primates,Hylobatidae,Cercopithecidae,,Papio,Mammalia,same_order,28.82,28820000.0,TimeTree API pairwise summaryjson,83.0,26.8,30.6,Hylobates,Papio anubis,4,14,56,-0.0021512447256422105,-0.002151248044200168,1.4596939764779706
"Gibbons (Hylobates spp., Nomascus spp., Hoolock spp.)",Patas monkey (Erythrocebus patas),Mammalia,Mammalia,Primates,Primates,Hylobatidae,Cercopithecidae,,Erythrocebus,Mammalia,same_order,28.82,28820000.0,TimeTree API pairwise summaryjson,83.0,26.8,30.6,Hylobates,Erythrocebus patas,4,6,24,0.31933121397441067,0.3309022037017557,1.4596939764779706
"Gibbons (Hylobates spp., Nomascus spp., Hoolock spp.)",Plain-tailed wren (Pheugopedius euophrys),Mammalia,Aves,Primates,Passeriformes,Hylobatidae,Troglodytidae,,Pheugopedius,Cross-class,cross_class,318.95,318950000.0,TimeTree API pairwise summaryjson,30.0,316.0,322.37,Pheugopedius euophrys,Hylobates,4,3,12,0.5836672898561355,0.6680068907125489,2.503722606486479
"Gibbons (Hylobates spp., Nomascus spp., Hoolock spp.)",Poison dart frogs (Dendrobatidae; various genera),Mammalia,Amphibia,Primates,Anura,Hylobatidae,Dendrobatidae,,,Cross-class,cross_class,351.686545,351686545.0,TimeTree API pairwise summaryjson,32.0,348.4,355.7,Dendrobatidae,Hylobates,4,2,8,0.25456319290851837,0.26028618635804934,2.546155753178947
"Gibbons (Hylobates spp., Nomascus spp., Hoolock spp.)",Putty-nosed monkey (Cercopithecus nictitans),Mammalia,Mammalia,Primates,Primates,Hylobatidae,Cercopithecidae,,Cercopithecus,Mammalia,same_order,28.82,28820000.0,TimeTree API pairwise summaryjson,83.0,26.8,30.6,Hylobates,Cercopithecus nictitans,4,7,28,-0.02895083386081029,-0.028958926318826246,1.4596939764779706
"Gibbons (Hylobates spp., Nomascus spp., Hoolock spp.)",Red colobus (Piliocolobus spp.),Mammalia,Mammalia,Primates,Primates,Hylobatidae,Cercopithecidae,,Piliocolobus,Mammalia,same_order,28.82,28820000.0,TimeTree API pairwise summaryjson,83.0,26.8,30.6,Piliocolobus,Hylobates,4,5,20,0.015867962331800288,0.015869294342906202,1.4596939764779706
"Gibbons (Hylobates spp., Nomascus spp., Hoolock spp.)",Red-tailed monkey (Cercopithecus ascanius),Mammalia,Mammalia,Primates,Primates,Hylobatidae,Cercopithecidae,,Cercopithecus,Mammalia,same_order,28.82,28820000.0,TimeTree API pairwise summaryjson,83.0,26.8,30.6,Hylobates,Cercopithecus ascanius,4,7,28,-0.02687610562723127,-0.026882579528032777,1.4596939764779706
"Gibbons (Hylobates spp., Nomascus spp., Hoolock spp.)",Rhesus macaque (Macaca mulatta),Mammalia,Mammalia,Primates,Primates,Hylobatidae,Cercopithecidae,,Macaca,Mammalia,same_order,28.82,28820000.0,TimeTree API pairwise summaryjson,83.0,26.8,30.6,Hylobates,Macaca mulatta,4,8,32,0.14190515814017296,0.1428693530879739,1.4596939764779706
"Gibbons (Hylobates spp., Nomascus spp., Hoolock spp.)",Ring-tailed lemur (Lemur catta),Mammalia,Mammalia,Primates,Primates,Hylobatidae,Lemuridae,,Lemur,Mammalia,same_order,73.75492,73754920.0,TimeTree API pairwise summaryjson,50.0,71.4,77.5,Hylobates,Lemur catta,4,6,24,0.21007990186497807,0.21325493613254076,1.867790996278425
"Gibbons (Hylobates spp., Nomascus spp., Hoolock spp.)",Siamang (Symphalangus syndactylus),Mammalia,Mammalia,Primates,Primates,Hylobatidae,Hylobatidae,,Symphalangus,Mammalia,same_family,7.409,7409000.0,TimeTree API pairwise summaryjson,11.0,6.39,8.0,Symphalangus syndactylus,Hylobates,4,4,16,0.6558358982037282,0.7854713255079786,0.8697595947824104
"Gibbons (Hylobates spp., Nomascus spp., Hoolock spp.)",Spotted hyena (Crocuta crocuta),Mammalia,Mammalia,Primates,Carnivora,Hylobatidae,Hyaenidae,,Crocuta,Mammalia,same_class,94.0,94000000.0,TimeTree API pairwise summaryjson,63.0,91.5,97.4,Crocuta crocuta,Hylobates,4,6,24,-0.10454359646201376,-0.1049269786853983,1.9731278535996986
"Gibbons (Hylobates spp., Nomascus spp., Hoolock spp.)",Talapoin monkey (Miopithecus talapoin),Mammalia,Mammalia,Primates,Primates,Hylobatidae,Cercopithecidae,,Miopithecus,Mammalia,same_order,28.82,28820000.0,TimeTree API pairwise summaryjson,83.0,26.8,30.6,Hylobates,Miopithecus talapoin,4,7,28,-0.14360611078201055,-0.14460569131726886,1.4596939764779706
"Gibbons (Hylobates spp., Nomascus spp., Hoolock spp.)",Tufted capuchin (Sapajus apella),Mammalia,Mammalia,Primates,Primates,Hylobatidae,Cebidae,,Sapajus,Mammalia,same_order,42.9,42900000.0,TimeTree API pairwise summaryjson,68.0,40.0,44.2,Hylobates,Sapajus apella,4,8,32,0.06556506967276068,0.06565926264212062,1.6324572921847242
"Gibbons (Hylobates spp., Nomascus spp., Hoolock spp.)",Túngara frog (Engystomops pustulosus),Mammalia,Amphibia,Primates,Anura,Hylobatidae,Leptodactylidae,,Engystomops,Cross-class,cross_class,351.686545,351686545.0,TimeTree API pairwise summaryjson,32.0,348.4,355.7,Engystomops pustulosus,Hylobates,4,3,12,0.6602347976492459,0.7932297589937575,2.546155753178947
"Gibbons (Hylobates spp., Nomascus spp., Hoolock spp.)",Vervet monkey (Chlorocebus pygerythrus),Mammalia,Mammalia,Primates,Primates,Hylobatidae,Cercopithecidae,,Chlorocebus,Mammalia,same_order,28.82,28820000.0,TimeTree API pairwise summaryjson,83.0,26.8,30.6,Hylobates,Chlorocebus pygerythrus,4,8,32,0.18905847012032986,0.191360558085219,1.4596939764779706
"Gibbons (Hylobates spp., Nomascus spp., Hoolock spp.)",Western Gorilla (Gorilla gorilla),Mammalia,Mammalia,Primates,Primates,Hylobatidae,Hominidae,,Gorilla,Mammalia,same_order,19.45714,19457140.0,TimeTree API pairwise summaryjson,64.0,18.8,20.3,Gorilla gorilla,Hylobates,4,9,36,0.21900839719227677,0.22261431005662058,1.289079003789453
"Gibbons (Hylobates spp., Nomascus spp., Hoolock spp.)",White-browed sparrow-weaver (Plocepasser mahali),Mammalia,Aves,Primates,Passeriformes,Hylobatidae,Ploceidae,,Plocepasser,Cross-class,cross_class,318.95,318950000.0,TimeTree API pairwise summaryjson,30.0,316.0,322.37,Plocepasser mahali,Hylobates,4,4,16,0.1196092083419369,0.12018454597591856,2.503722606486479
"Gibbons (Hylobates spp., Nomascus spp., Hoolock spp.)",Yellow baboon (Papio cynocephalus),Mammalia,Mammalia,Primates,Primates,Hylobatidae,Cercopithecidae,,Papio,Mammalia,same_order,28.82,28820000.0,TimeTree API pairwise summaryjson,83.0,26.8,30.6,Hylobates,Papio cynocephalus,4,7,28,-0.1681579746222943,-0.16977042851932386,1.4596939764779706
"Gibbons (Hylobates spp., Nomascus spp., Hoolock spp.)",Zebra finch (Taeniopygia guttata),Mammalia,Aves,Primates,Passeriformes,Hylobatidae,Estrildidae,,Taeniopygia,Cross-class,cross_class,318.95,318950000.0,TimeTree API pairwise summaryjson,30.0,316.0,322.37,Hylobates,Taeniopygia guttata,4,7,28,-0.11978572814597414,-0.12036363162723453,2.503722606486479
Gray wolf (Canis lupus),Greater sac-winged bat (Saccopteryx bilineata),Mammalia,Mammalia,Carnivora,Chiroptera,Canidae,Emballonuridae,Canis,Saccopteryx,Mammalia,same_class,81.026045,81026045.0,TimeTree API pairwise summaryjson,18.0,68.4,82.6,Canis lupus,Saccopteryx bilineata,5,5,25,0.14921151787950226,0.15033390202257368,1.908624640874343
Gray wolf (Canis lupus),Green tree frog (Hyla cinerea),Mammalia,Amphibia,Carnivora,Anura,Canidae,Hylidae,Canis,Hyla,Cross-class,cross_class,351.686545,351686545.0,TimeTree API pairwise summaryjson,32.0,348.4,355.7,Dryophytes cinereus,Canis lupus,5,7,35,-0.0888521243449668,-0.08908705848252933,2.546155753178947
Gray wolf (Canis lupus),Howler monkey (Alouatta spp.),Mammalia,Mammalia,Carnivora,Primates,Canidae,Atelidae,Canis,Alouatta,Mammalia,same_class,94.0,94000000.0,TimeTree API pairwise summaryjson,63.0,91.5,97.4,Canis lupus,Alouatta,5,6,30,-0.03532824862423803,-0.035342957194510236,1.9731278535996986
Gray wolf (Canis lupus),Indri (Indri indri),Mammalia,Mammalia,Carnivora,Primates,Canidae,Indriidae,Canis,Indri,Mammalia,same_class,94.0,94000000.0,TimeTree API pairwise summaryjson,63.0,91.5,97.4,Canis lupus,Indri indri,5,6,30,0.6782299437302036,0.8258288662803066,1.9731278535996986
Gray wolf (Canis lupus),Japanese macaque (Macaca fuscata),Mammalia,Mammalia,Carnivora,Primates,Canidae,Cercopithecidae,Canis,Macaca,Mammalia,same_class,94.0,94000000.0,TimeTree API pairwise summaryjson,63.0,91.5,97.4,Canis lupus,Macaca fuscata,5,8,40,0.03104261112031297,0.031052588228507767,1.9731278535996986
Gray wolf (Canis lupus),Japanese tit (Parus minor),Mammalia,Aves,Carnivora,Passeriformes,Canidae,Paridae,Canis,Parus,Cross-class,cross_class,318.95,318950000.0,TimeTree API pairwise summaryjson,30.0,316.0,322.37,Canis lupus,Parus minor,5,4,20,-0.15631635740556624,-0.157608542044244,2.503722606486479
Gray wolf (Canis lupus),Langurs (Semnopithecus spp. / Trachypithecus spp.),Mammalia,Mammalia,Carnivora,Primates,Canidae,Cercopithecidae,Canis,,Mammalia,same_class,94.0,94000000.0,TimeTree API pairwise summaryjson,63.0,91.5,97.4,Canis lupus,Semnopithecus,5,5,25,0.007299974903120911,0.007300104578263066,1.9731278535996986
Gray wolf (Canis lupus),L’Hoest’s monkey (Allochrocebus lhoesti),Mammalia,Mammalia,Carnivora,Primates,Canidae,Cercopithecidae,Canis,Allochrocebus,Mammalia,same_class,94.0,94000000.0,TimeTree API pairwise summaryjson,63.0,91.5,97.4,Canis lupus,Allochrocebus lhoesti,5,7,35,0.11130566823552368,0.11176876905984862,1.9731278535996986
Gray wolf (Canis lupus),Mandrill (Mandrillus sphinx),Mammalia,Mammalia,Carnivora,Primates,Canidae,Cercopithecidae,Canis,Mandrillus,Mammalia,same_class,94.0,94000000.0,TimeTree API pairwise summaryjson,63.0,91.5,97.4,Canis lupus,Mandrillus sphinx,5,7,35,0.11460709015351851,0.11511286193343553,1.9731278535996986
Gray wolf (Canis lupus),Meerkat (Suricata suricatta),Mammalia,Mammalia,Carnivora,Carnivora,Canidae,Herpestidae,Canis,Suricata,Mammalia,same_order,55.361635,55361635.0,TimeTree API pairwise summaryjson,45.0,52.9,57.27,Suricata suricatta,Canis lupus,5,7,35,-0.27675582098447726,-0.2841653646424907,1.7432089076949533
Gray wolf (Canis lupus),Mona monkey (Cercopithecus mona),Mammalia,Mammalia,Carnivora,Primates,Canidae,Cercopithecidae,Canis,Cercopithecus,Mammalia,same_class,94.0,94000000.0,TimeTree API pairwise summaryjson,63.0,91.5,97.4,Canis lupus,Cercopithecus mona,5,6,30,-0.05313384960605068,-0.053183937078358494,1.9731278535996986
Gray wolf (Canis lupus),Mouse lemurs (Microcebus spp.),Mammalia,Mammalia,Carnivora,Primates,Canidae,Cheirogaleidae,Canis,Microcebus,Mammalia,same_class,94.0,94000000.0,TimeTree API pairwise summaryjson,63.0,91.5,97.4,Canis lupus,Microcebus,5,6,30,0.15829829931276707,0.15964077346090705,1.9731278535996986
Gray wolf (Canis lupus),Olive baboon (Papio anubis),Mammalia,Mammalia,Carnivora,Primates,Canidae,Cercopithecidae,Canis,Papio,Mammalia,same_class,94.0,94000000.0,TimeTree API pairwise summaryjson,63.0,91.5,97.4,Canis lupus,Papio anubis,5,14,70,-0.07875382659071771,-0.07891724991785913,1.9731278535996986
Gray wolf (Canis lupus),Patas monkey (Erythrocebus patas),Mammalia,Mammalia,Carnivora,Primates,Canidae,Cercopithecidae,Canis,Erythrocebus,Mammalia,same_class,94.0,94000000.0,TimeTree API pairwise summaryjson,63.0,91.5,97.4,Canis lupus,Erythrocebus patas,5,6,30,-0.028990395465307246,-0.02899852115513647,1.9731278535996986
Gray wolf (Canis lupus),Plain-tailed wren (Pheugopedius euophrys),Mammalia,Aves,Carnivora,Passeriformes,Canidae,Troglodytidae,Canis,Pheugopedius,Cross-class,cross_class,318.95,318950000.0,TimeTree API pairwise summaryjson,30.0,316.0,322.37,Canis lupus,Pheugopedius euophrys,5,3,15,0.04349928858502548,0.043526756054794405,2.503722606486479
Gray wolf (Canis lupus),Poison dart frogs (Dendrobatidae; various genera),Mammalia,Amphibia,Carnivora,Anura,Canidae,Dendrobatidae,Canis,,Cross-class,cross_class,351.686545,351686545.0,TimeTree API pairwise summaryjson,32.0,348.4,355.7,Dendrobatidae,Canis lupus,5,2,10,-0.40956841480871076,-0.43509253896065353,2.546155753178947
Gray wolf (Canis lupus),Putty-nosed monkey (Cercopithecus nictitans),Mammalia,Mammalia,Carnivora,Primates,Canidae,Cercopithecidae,Canis,Cercopithecus,Mammalia,same_class,94.0,94000000.0,TimeTree API pairwise summaryjson,63.0,91.5,97.4,Canis lupus,Cercopithecus nictitans,5,7,35,-0.01685356575893658,-0.01685516174159684,1.9731278535996986
Gray wolf (Canis lupus),Red colobus (Piliocolobus spp.),Mammalia,Mammalia,Carnivora,Primates,Canidae,Cercopithecidae,Canis,Piliocolobus,Mammalia,same_class,94.0,94000000.0,TimeTree API pairwise summaryjson,63.0,91.5,97.4,Canis lupus,Piliocolobus,5,5,25,-0.04642556911906499,-0.04645896651352675,1.9731278535996986
Gray wolf (Canis lupus),Red-tailed monkey (Cercopithecus ascanius),Mammalia,Mammalia,Carnivora,Primates,Canidae,Cercopithecidae,Canis,Cercopithecus,Mammalia,same_class,94.0,94000000.0,TimeTree API pairwise summaryjson,63.0,91.5,97.4,Canis lupus,Cercopithecus ascanius,5,7,35,0.03411192027658847,0.03412516066143859,1.9731278535996986
Gray wolf (Canis lupus),Rhesus macaque (Macaca mulatta),Mammalia,Mammalia,Carnivora,Primates,Canidae,Cercopithecidae,Canis,Macaca,Mammalia,same_class,94.0,94000000.0,TimeTree API pairwise summaryjson,63.0,91.5,97.4,Canis lupus,Macaca mulatta,5,8,40,-0.025071537749686536,-0.0250767929042965,1.9731278535996986
Gray wolf (Canis lupus),Ring-tailed lemur (Lemur catta),Mammalia,Mammalia,Carnivora,Primates,Canidae,Lemuridae,Canis,Lemur,Mammalia,same_class,94.0,94000000.0,TimeTree API pairwise summaryjson,63.0,91.5,97.4,Canis lupus,Lemur catta,5,6,30,0.11628858659627615,0.11681707286940095,1.9731278535996986
Gray wolf (Canis lupus),Siamang (Symphalangus syndactylus),Mammalia,Mammalia,Carnivora,Primates,Canidae,Hylobatidae,Canis,Symphalangus,Mammalia,same_class,94.0,94000000.0,TimeTree API pairwise summaryjson,63.0,91.5,97.4,Canis lupus,Symphalangus syndactylus,5,4,20,0.4335107620792155,0.46421185502701023,1.9731278535996986
Gray wolf (Canis lupus),Spotted hyena (Crocuta crocuta),Mammalia,Mammalia,Carnivora,Carnivora,Canidae,Hyaenidae,Canis,Crocuta,Mammalia,same_order,55.361635,55361635.0,TimeTree API pairwise summaryjson,45.0,52.9,57.27,Crocuta crocuta,Canis lupus,5,6,30,0.35238304373425716,0.3681620640739675,1.7432089076949533
Gray wolf (Canis lupus),Talapoin monkey (Miopithecus talapoin),Mammalia,Mammalia,Carnivora,Primates,Canidae,Cercopithecidae,Canis,Miopithecus,Mammalia,same_class,94.0,94000000.0,TimeTree API pairwise summaryjson,63.0,91.5,97.4,Canis lupus,Miopithecus talapoin,5,7,35,-0.07231571259895564,-0.07244216946633932,1.9731278535996986
Gray wolf (Canis lupus),Tufted capuchin (Sapajus apella),Mammalia,Mammalia,Carnivora,Primates,Canidae,Cebidae,Canis,Sapajus,Mammalia,same_class,94.0,94000000.0,TimeTree API pairwise summaryjson,63.0,91.5,97.4,Canis lupus,Sapajus apella,5,8,40,-0.07670467390689832,-0.0768556405889321,1.9731278535996986
Gray wolf (Canis lupus),Túngara frog (Engystomops pustulosus),Mammalia,Amphibia,Carnivora,Anura,Canidae,Leptodactylidae,Canis,Engystomops,Cross-class,cross_class,351.686545,351686545.0,TimeTree API pairwise summaryjson,32.0,348.4,355.7,Engystomops pustulosus,Canis lupus,5,3,15,0.062197694900946246,0.06227808661498977,2.546155753178947
Gray wolf (Canis lupus),Vervet monkey (Chlorocebus pygerythrus),Mammalia,Mammalia,Carnivora,Primates,Canidae,Cercopithecidae,Canis,Chlorocebus,Mammalia,same_class,94.0,94000000.0,TimeTree API pairwise summaryjson,63.0,91.5,97.4,Canis lupus,Chlorocebus pygerythrus,5,8,40,-0.01988908110735145,-0.019891704274690857,1.9731278535996986
Gray wolf (Canis lupus),Western Gorilla (Gorilla gorilla),Mammalia,Mammalia,Carnivora,Primates,Canidae,Hominidae,Canis,Gorilla,Mammalia,same_class,94.0,94000000.0,TimeTree API pairwise summaryjson,63.0,91.5,97.4,Canis lupus,Gorilla gorilla,5,9,45,0.20303679864298638,0.20589789914619203,1.9731278535996986
Gray wolf (Canis lupus),White-browed sparrow-weaver (Plocepasser mahali),Mammalia,Aves,Carnivora,Passeriformes,Canidae,Ploceidae,Canis,Plocepasser,Cross-class,cross_class,318.95,318950000.0,TimeTree API pairwise summaryjson,30.0,316.0,322.37,Canis lupus,Plocepasser mahali,5,4,20,-0.12489264719348042,-0.12554815880735268,2.503722606486479
Gray wolf (Canis lupus),Yellow baboon (Papio cynocephalus),Mammalia,Mammalia,Carnivora,Primates,Canidae,Cercopithecidae,Canis,Papio,Mammalia,same_class,94.0,94000000.0,TimeTree API pairwise summaryjson,63.0,91.5,97.4,Canis lupus,Papio cynocephalus,5,7,35,-0.27533497362162423,-0.2826273159962237,1.9731278535996986
Gray wolf (Canis lupus),Zebra finch (Taeniopygia guttata),Mammalia,Aves,Carnivora,Passeriformes,Canidae,Estrildidae,Canis,Taeniopygia,Cross-class,cross_class,318.95,318950000.0,TimeTree API pairwise summaryjson,30.0,316.0,322.37,Canis lupus,Taeniopygia guttata,5,7,35,-0.2723915913471736,-0.2794452740404319,2.503722606486479
Greater sac-winged bat (Saccopteryx bilineata),Green tree frog (Hyla cinerea),Mammalia,Amphibia,Chiroptera,Anura,Emballonuridae,Hylidae,Saccopteryx,Hyla,Cross-class,cross_class,351.686545,351686545.0,TimeTree API pairwise summaryjson,32.0,348.4,355.7,Dryophytes cinereus,Saccopteryx bilineata,5,7,35,-0.003103772689225385,-0.0031037826559160106,2.546155753178947
Greater sac-winged bat (Saccopteryx bilineata),Howler monkey (Alouatta spp.),Mammalia,Mammalia,Chiroptera,Primates,Emballonuridae,Atelidae,Saccopteryx,Alouatta,Mammalia,same_class,94.0,94000000.0,TimeTree API pairwise summaryjson,63.0,91.5,97.4,Saccopteryx bilineata,Alouatta,5,6,30,0.3884782065343273,0.4100065085431451,1.9731278535996986
Greater sac-winged bat (Saccopteryx bilineata),Indri (Indri indri),Mammalia,Mammalia,Chiroptera,Primates,Emballonuridae,Indriidae,Saccopteryx,Indri,Mammalia,same_class,94.0,94000000.0,TimeTree API pairwise summaryjson,63.0,91.5,97.4,Saccopteryx bilineata,Indri indri,5,6,30,0.4593698041331813,0.49651224601101945,1.9731278535996986
Greater sac-winged bat (Saccopteryx bilineata),Japanese macaque (Macaca fuscata),Mammalia,Mammalia,Chiroptera,Primates,Emballonuridae,Cercopithecidae,Saccopteryx,Macaca,Mammalia,same_class,94.0,94000000.0,TimeTree API pairwise summaryjson,63.0,91.5,97.4,Saccopteryx bilineata,Macaca fuscata,5,8,40,0.1745510236027351,0.17635689693275242,1.9731278535996986
Greater sac-winged bat (Saccopteryx bilineata),Japanese tit (Parus minor),Mammalia,Aves,Chiroptera,Passeriformes,Emballonuridae,Paridae,Saccopteryx,Parus,Cross-class,cross_class,318.95,318950000.0,TimeTree API pairwise summaryjson,30.0,316.0,322.37,Saccopteryx bilineata,Parus minor,5,4,20,0.4980289130708403,0.5466814713659488,2.503722606486479
Greater sac-winged bat (Saccopteryx bilineata),Langurs (Semnopithecus spp. / Trachypithecus spp.),Mammalia,Mammalia,Chiroptera,Primates,Emballonuridae,Cercopithecidae,Saccopteryx,,Mammalia,same_class,94.0,94000000.0,TimeTree API pairwise summaryjson,63.0,91.5,97.4,Saccopteryx bilineata,Semnopithecus,5,5,25,0.2312299763344615,0.2354885318261901,1.9731278535996986
Greater sac-winged bat (Saccopteryx bilineata),L’Hoest’s monkey (Allochrocebus lhoesti),Mammalia,Mammalia,Chiroptera,Primates,Emballonuridae,Cercopithecidae,Saccopteryx,Allochrocebus,Mammalia,same_class,94.0,94000000.0,TimeTree API pairwise summaryjson,63.0,91.5,97.4,Saccopteryx bilineata,Allochrocebus lhoesti,5,7,35,0.4473515260684277,0.4813842515669369,1.9731278535996986
Greater sac-winged bat (Saccopteryx bilineata),Mandrill (Mandrillus sphinx),Mammalia,Mammalia,Chiroptera,Primates,Emballonuridae,Cercopithecidae,Saccopteryx,Mandrillus,Mammalia,same_class,94.0,94000000.0,TimeTree API pairwise summaryjson,63.0,91.5,97.4,Saccopteryx bilineata,Mandrillus sphinx,5,7,35,0.34950466442506634,0.3648793807289209,1.9731278535996986
Greater sac-winged bat (Saccopteryx bilineata),Meerkat (Suricata suricatta),Mammalia,Mammalia,Chiroptera,Carnivora,Emballonuridae,Herpestidae,Saccopteryx,Suricata,Mammalia,same_class,81.026045,81026045.0,TimeTree API pairwise summaryjson,18.0,68.4,82.6,Suricata suricatta,Saccopteryx bilineata,5,7,35,0.126941522728215,0.12763004363502137,1.908624640874343
Greater sac-winged bat (Saccopteryx bilineata),Mona monkey (Cercopithecus mona),Mammalia,Mammalia,Chiroptera,Primates,Emballonuridae,Cercopithecidae,Saccopteryx,Cercopithecus,Mammalia,same_class,94.0,94000000.0,TimeTree API pairwise summaryjson,63.0,91.5,97.4,Saccopteryx bilineata,Cercopithecus mona,5,6,30,0.1148712851135462,0.11538058144419583,1.9731278535996986
Greater sac-winged bat (Saccopteryx bilineata),Mouse lemurs (Microcebus spp.),Mammalia,Mammalia,Chiroptera,Primates,Emballonuridae,Cheirogaleidae,Saccopteryx,Microcebus,Mammalia,same_class,94.0,94000000.0,TimeTree API pairwise summaryjson,63.0,91.5,97.4,Saccopteryx bilineata,Microcebus,5,6,30,0.6089048125950359,0.707179004739996,1.9731278535996986
Greater sac-winged bat (Saccopteryx bilineata),Olive baboon (Papio anubis),Mammalia,Mammalia,Chiroptera,Primates,Emballonuridae,Cercopithecidae,Saccopteryx,Papio,Mammalia,same_class,94.0,94000000.0,TimeTree API pairwise summaryjson,63.0,91.5,97.4,Saccopteryx bilineata,Papio anubis,5,14,70,0.11027951570025298,0.11072986386929508,1.9731278535996986
Greater sac-winged bat (Saccopteryx bilineata),Patas monkey (Erythrocebus patas),Mammalia,Mammalia,Chiroptera,Primates,Emballonuridae,Cercopithecidae,Saccopteryx,Erythrocebus,Mammalia,same_class,94.0,94000000.0,TimeTree API pairwise summaryjson,63.0,91.5,97.4,Saccopteryx bilineata,Erythrocebus patas,5,6,30,0.1286729469423398,0.1293902202562596,1.9731278535996986
Greater sac-winged bat (Saccopteryx bilineata),Plain-tailed wren (Pheugopedius euophrys),Mammalia,Aves,Chiroptera,Passeriformes,Emballonuridae,Troglodytidae,Saccopteryx,Pheugopedius,Cross-class,cross_class,318.95,318950000.0,TimeTree API pairwise summaryjson,30.0,316.0,322.37,Saccopteryx bilineata,Pheugopedius euophrys,5,3,15,0.6711520497111939,0.8128365154695467,2.503722606486479
Greater sac-winged bat (Saccopteryx bilineata),Poison dart frogs (Dendrobatidae; various genera),Mammalia,Amphibia,Chiroptera,Anura,Emballonuridae,Dendrobatidae,Saccopteryx,,Cross-class,cross_class,351.686545,351686545.0,TimeTree API pairwise summaryjson,32.0,348.4,355.7,Dendrobatidae,Saccopteryx bilineata,5,2,10,-0.38469735648950526,-0.40556131477048907,2.546155753178947
Greater sac-winged bat (Saccopteryx bilineata),Putty-nosed monkey (Cercopithecus nictitans),Mammalia,Mammalia,Chiroptera,Primates,Emballonuridae,Cercopithecidae,Saccopteryx,Cercopithecus,Mammalia,same_class,94.0,94000000.0,TimeTree API pairwise summaryjson,63.0,91.5,97.4,Saccopteryx bilineata,Cercopithecus nictitans,5,7,35,0.04721860791576876,0.04725374775750854,1.9731278535996986
Greater sac-winged bat (Saccopteryx bilineata),Red colobus (Piliocolobus spp.),Mammalia,Mammalia,Chiroptera,Primates,Emballonuridae,Cercopithecidae,Saccopteryx,Piliocolobus,Mammalia,same_class,94.0,94000000.0,TimeTree API pairwise summaryjson,63.0,91.5,97.4,Saccopteryx bilineata,Piliocolobus,5,5,25,0.45759919639818947,0.4942703784976089,1.9731278535996986
Greater sac-winged bat (Saccopteryx bilineata),Red-tailed monkey (Cercopithecus ascanius),Mammalia,Mammalia,Chiroptera,Primates,Emballonuridae,Cercopithecidae,Saccopteryx,Cercopithecus,Mammalia,same_class,94.0,94000000.0,TimeTree API pairwise summaryjson,63.0,91.5,97.4,Saccopteryx bilineata,Cercopithecus ascanius,5,7,35,0.38354162989684876,0.404205547458517,1.9731278535996986
Greater sac-winged bat (Saccopteryx bilineata),Rhesus macaque (Macaca mulatta),Mammalia,Mammalia,Chiroptera,Primates,Emballonuridae,Cercopithecidae,Saccopteryx,Macaca,Mammalia,same_class,94.0,94000000.0,TimeTree API pairwise summaryjson,63.0,91.5,97.4,Saccopteryx bilineata,Macaca mulatta,5,8,40,0.19156540069353245,0.19396170003034557,1.9731278535996986
Greater sac-winged bat (Saccopteryx bilineata),Ring-tailed lemur (Lemur catta),Mammalia,Mammalia,Chiroptera,Primates,Emballonuridae,Lemuridae,Saccopteryx,Lemur,Mammalia,same_class,94.0,94000000.0,TimeTree API pairwise summaryjson,63.0,91.5,97.4,Saccopteryx bilineata,Lemur catta,5,6,30,0.3139166163491363,0.3248842841514832,1.9731278535996986
Greater sac-winged bat (Saccopteryx bilineata),Siamang (Symphalangus syndactylus),Mammalia,Mammalia,Chiroptera,Primates,Emballonuridae,Hylobatidae,Saccopteryx,Symphalangus,Mammalia,same_class,94.0,94000000.0,TimeTree API pairwise summaryjson,63.0,91.5,97.4,Saccopteryx bilineata,Symphalangus syndactylus,5,4,20,0.5273071803281177,0.5864078516174362,1.9731278535996986
Greater sac-winged bat (Saccopteryx bilineata),Spotted hyena (Crocuta crocuta),Mammalia,Mammalia,Chiroptera,Carnivora,Emballonuridae,Hyaenidae,Saccopteryx,Crocuta,Mammalia,same_class,81.026045,81026045.0,TimeTree API pairwise summaryjson,18.0,68.4,82.6,Crocuta crocuta,Saccopteryx bilineata,5,6,30,0.44394938616269314,0.47713897275784806,1.908624640874343
Greater sac-winged bat (Saccopteryx bilineata),Talapoin monkey (Miopithecus talapoin),Mammalia,Mammalia,Chiroptera,Primates,Emballonuridae,Cercopithecidae,Saccopteryx,Miopithecus,Mammalia,same_class,94.0,94000000.0,TimeTree API pairwise summaryjson,63.0,91.5,97.4,Saccopteryx bilineata,Miopithecus talapoin,5,7,35,0.17308267560599572,0.17484280441699135,1.9731278535996986
Greater sac-winged bat (Saccopteryx bilineata),Tufted capuchin (Sapajus apella),Mammalia,Mammalia,Chiroptera,Primates,Emballonuridae,Cebidae,Saccopteryx,Sapajus,Mammalia,same_class,94.0,94000000.0,TimeTree API pairwise summaryjson,63.0,91.5,97.4,Saccopteryx bilineata,Sapajus apella,5,8,40,0.03193182889789043,0.03194268855050388,1.9731278535996986
Greater sac-winged bat (Saccopteryx bilineata),Túngara frog (Engystomops pustulosus),Mammalia,Amphibia,Chiroptera,Anura,Emballonuridae,Leptodactylidae,Saccopteryx,Engystomops,Cross-class,cross_class,351.686545,351686545.0,TimeTree API pairwise summaryjson,32.0,348.4,355.7,Engystomops pustulosus,Saccopteryx bilineata,5,3,15,0.3224775947237427,0.33440979962784423,2.546155753178947
Greater sac-winged bat (Saccopteryx bilineata),Vervet monkey (Chlorocebus pygerythrus),Mammalia,Mammalia,Chiroptera,Primates,Emballonuridae,Cercopithecidae,Saccopteryx,Chlorocebus,Mammalia,same_class,94.0,94000000.0,TimeTree API pairwise summaryjson,63.0,91.5,97.4,Saccopteryx bilineata,Chlorocebus pygerythrus,5,8,40,0.10354250310344985,0.10391492985433592,1.9731278535996986
Greater sac-winged bat (Saccopteryx bilineata),Western Gorilla (Gorilla gorilla),Mammalia,Mammalia,Chiroptera,Primates,Emballonuridae,Hominidae,Saccopteryx,Gorilla,Mammalia,same_class,94.0,94000000.0,TimeTree API pairwise summaryjson,63.0,91.5,97.4,Saccopteryx bilineata,Gorilla gorilla,5,9,45,0.3628952182996148,0.38021620922120475,1.9731278535996986
Greater sac-winged bat (Saccopteryx bilineata),White-browed sparrow-weaver (Plocepasser mahali),Mammalia,Aves,Chiroptera,Passeriformes,Emballonuridae,Ploceidae,Saccopteryx,Plocepasser,Cross-class,cross_class,318.95,318950000.0,TimeTree API pairwise summaryjson,30.0,316.0,322.37,Saccopteryx bilineata,Plocepasser mahali,5,4,20,0.5607745717409659,0.6339623560404493,2.503722606486479
Greater sac-winged bat (Saccopteryx bilineata),Yellow baboon (Papio cynocephalus),Mammalia,Mammalia,Chiroptera,Primates,Emballonuridae,Cercopithecidae,Saccopteryx,Papio,Mammalia,same_class,94.0,94000000.0,TimeTree API pairwise summaryjson,63.0,91.5,97.4,Saccopteryx bilineata,Papio cynocephalus,5,7,35,-0.06242493415610414,-0.06250621161205207,1.9731278535996986
Greater sac-winged bat (Saccopteryx bilineata),Zebra finch (Taeniopygia guttata),Mammalia,Aves,Chiroptera,Passeriformes,Emballonuridae,Estrildidae,Saccopteryx,Taeniopygia,Cross-class,cross_class,318.95,318950000.0,TimeTree API pairwise summaryjson,30.0,316.0,322.37,Saccopteryx bilineata,Taeniopygia guttata,5,7,35,0.1732069015430661,0.1749708696365514,2.503722606486479
Green tree frog (Hyla cinerea),Howler monkey (Alouatta spp.),Amphibia,Mammalia,Anura,Primates,Hylidae,Atelidae,Hyla,Alouatta,Cross-class,cross_class,351.686545,351686545.0,TimeTree API pairwise summaryjson,32.0,348.4,355.7,Dryophytes cinereus,Alouatta,7,6,42,0.06473859414646987,0.06482926392141249,2.546155753178947
Green tree frog (Hyla cinerea),Indri (Indri indri),Amphibia,Mammalia,Anura,Primates,Hylidae,Indriidae,Hyla,Indri,Cross-class,cross_class,351.686545,351686545.0,TimeTree API pairwise summaryjson,32.0,348.4,355.7,Dryophytes cinereus,Indri indri,7,6,42,0.08744741955339694,0.08767135287710782,2.546155753178947
Green tree frog (Hyla cinerea),Japanese macaque (Macaca fuscata),Amphibia,Mammalia,Anura,Primates,Hylidae,Cercopithecidae,Hyla,Macaca,Cross-class,cross_class,351.686545,351686545.0,TimeTree API pairwise summaryjson,32.0,348.4,355.7,Dryophytes cinereus,Macaca fuscata,7,8,56,0.15187312867312378,0.1530572334079731,2.546155753178947
Green tree frog (Hyla cinerea),Japanese tit (Parus minor),Amphibia,Aves,Anura,Passeriformes,Hylidae,Paridae,Hyla,Parus,Cross-class,cross_class,351.686545,351686545.0,TimeTree API pairwise summaryjson,32.0,348.4,355.7,Dryophytes cinereus,Parus minor,7,4,28,-0.1956903860214093,-0.19824736968474704,2.546155753178947
Green tree frog (Hyla cinerea),Langurs (Semnopithecus spp. / Trachypithecus spp.),Amphibia,Mammalia,Anura,Primates,Hylidae,Cercopithecidae,Hyla,,Cross-class,cross_class,351.686545,351686545.0,TimeTree API pairwise summaryjson,32.0,348.4,355.7,Dryophytes cinereus,Semnopithecus,7,5,35,0.37637366983935483,0.39582809244085165,2.546155753178947
Green tree frog (Hyla cinerea),L’Hoest’s monkey (Allochrocebus lhoesti),Amphibia,Mammalia,Anura,Primates,Hylidae,Cercopithecidae,Hyla,Allochrocebus,Cross-class,cross_class,351.686545,351686545.0,TimeTree API pairwise summaryjson,32.0,348.4,355.7,Dryophytes cinereus,Allochrocebus lhoesti,7,7,49,0.2892050070976681,0.29769849093535317,2.546155753178947
Green tree frog (Hyla cinerea),Mandrill (Mandrillus sphinx),Amphibia,Mammalia,Anura,Primates,Hylidae,Cercopithecidae,Hyla,Mandrillus,Cross-class,cross_class,351.686545,351686545.0,TimeTree API pairwise summaryjson,32.0,348.4,355.7,Dryophytes cinereus,Mandrillus sphinx,7,7,49,0.2607374029176554,0.26689943511384906,2.546155753178947
Green tree frog (Hyla cinerea),Meerkat (Suricata suricatta),Amphibia,Mammalia,Anura,Carnivora,Hylidae,Herpestidae,Hyla,Suricata,Cross-class,cross_class,351.686545,351686545.0,TimeTree API pairwise summaryjson,32.0,348.4,355.7,Suricata suricatta,Dryophytes cinereus,7,7,49,0.03968947724072311,0.03971033730413516,2.546155753178947
Green tree frog (Hyla cinerea),Mona monkey (Cercopithecus mona),Amphibia,Mammalia,Anura,Primates,Hylidae,Cercopithecidae,Hyla,Cercopithecus,Cross-class,cross_class,351.686545,351686545.0,TimeTree API pairwise summaryjson,32.0,348.4,355.7,Dryophytes cinereus,Cercopithecus mona,7,6,42,0.19885846133647556,0.20154373344537035,2.546155753178947
Green tree frog (Hyla cinerea),Mouse lemurs (Microcebus spp.),Amphibia,Mammalia,Anura,Primates,Hylidae,Cheirogaleidae,Hyla,Microcebus,Cross-class,cross_class,351.686545,351686545.0,TimeTree API pairwise summaryjson,32.0,348.4,355.7,Dryophytes cinereus,Microcebus,7,6,42,0.2685514695338644,0.27530204848948325,2.546155753178947
Green tree frog (Hyla cinerea),Olive baboon (Papio anubis),Amphibia,Mammalia,Anura,Primates,Hylidae,Cercopithecidae,Hyla,Papio,Cross-class,cross_class,351.686545,351686545.0,TimeTree API pairwise summaryjson,32.0,348.4,355.7,Dryophytes cinereus,Papio anubis,7,14,98,0.23578157182045972,0.24030262575456976,2.546155753178947
Green tree frog (Hyla cinerea),Patas monkey (Erythrocebus patas),Amphibia,Mammalia,Anura,Primates,Hylidae,Cercopithecidae,Hyla,Erythrocebus,Cross-class,cross_class,351.686545,351686545.0,TimeTree API pairwise summaryjson,32.0,348.4,355.7,Dryophytes cinereus,Erythrocebus patas,7,6,42,0.24812714182448148,0.25341609106086066,2.546155753178947
Green tree frog (Hyla cinerea),Plain-tailed wren (Pheugopedius euophrys),Amphibia,Aves,Anura,Passeriformes,Hylidae,Troglodytidae,Hyla,Pheugopedius,Cross-class,cross_class,351.686545,351686545.0,TimeTree API pairwise summaryjson,32.0,348.4,355.7,Dryophytes cinereus,Pheugopedius euophrys,7,3,21,0.17534483561297937,0.17717577212263474,2.546155753178947
Green tree frog (Hyla cinerea),Poison dart frogs (Dendrobatidae; various genera),Amphibia,Amphibia,Anura,Anura,Hylidae,Dendrobatidae,Hyla,,Amphibia,same_order,72.60023,72600230.0,TimeTree API pairwise summaryjson,15.0,65.4,97.0,Dendrobatidae,Dryophytes cinereus,7,2,14,0.5535562042888063,0.6234941961942635,1.8609379965619754
Green tree frog (Hyla cinerea),Putty-nosed monkey (Cercopithecus nictitans),Amphibia,Mammalia,Anura,Primates,Hylidae,Cercopithecidae,Hyla,Cercopithecus,Cross-class,cross_class,351.686545,351686545.0,TimeTree API pairwise summaryjson,32.0,348.4,355.7,Dryophytes cinereus,Cercopithecus nictitans,7,7,49,-0.1189374463556824,-0.11950308947610817,2.546155753178947
Green tree frog (Hyla cinerea),Red colobus (Piliocolobus spp.),Amphibia,Mammalia,Anura,Primates,Hylidae,Cercopithecidae,Hyla,Piliocolobus,Cross-class,cross_class,351.686545,351686545.0,TimeTree API pairwise summaryjson,32.0,348.4,355.7,Dryophytes cinereus,Piliocolobus,7,5,35,0.4111330228937222,0.4369739551002726,2.546155753178947
Green tree frog (Hyla cinerea),Red-tailed monkey (Cercopithecus ascanius),Amphibia,Mammalia,Anura,Primates,Hylidae,Cercopithecidae,Hyla,Cercopithecus,Cross-class,cross_class,351.686545,351686545.0,TimeTree API pairwise summaryjson,32.0,348.4,355.7,Dryophytes cinereus,Cercopithecus ascanius,7,7,49,0.29770468899757346,0.30699918626921474,2.546155753178947
Green tree frog (Hyla cinerea),Rhesus macaque (Macaca mulatta),Amphibia,Mammalia,Anura,Primates,Hylidae,Cercopithecidae,Hyla,Macaca,Cross-class,cross_class,351.686545,351686545.0,TimeTree API pairwise summaryjson,32.0,348.4,355.7,Dryophytes cinereus,Macaca mulatta,7,8,56,0.12070939097780092,0.12130084616025806,2.546155753178947
Green tree frog (Hyla cinerea),Ring-tailed lemur (Lemur catta),Amphibia,Mammalia,Anura,Primates,Hylidae,Lemuridae,Hyla,Lemur,Cross-class,cross_class,351.686545,351686545.0,TimeTree API pairwise summaryjson,32.0,348.4,355.7,Dryophytes cinereus,Lemur catta,7,6,42,0.2470120460963069,0.2522281877472466,2.546155753178947
Green tree frog (Hyla cinerea),Siamang (Symphalangus syndactylus),Amphibia,Mammalia,Anura,Primates,Hylidae,Hylobatidae,Hyla,Symphalangus,Cross-class,cross_class,351.686545,351686545.0,TimeTree API pairwise summaryjson,32.0,348.4,355.7,Dryophytes cinereus,Symphalangus syndactylus,7,4,28,0.526014744831552,0.5846193301160219,2.546155753178947
Green tree frog (Hyla cinerea),Spotted hyena (Crocuta crocuta),Amphibia,Mammalia,Anura,Carnivora,Hylidae,Hyaenidae,Hyla,Crocuta,Cross-class,cross_class,351.686545,351686545.0,TimeTree API pairwise summaryjson,32.0,348.4,355.7,Crocuta crocuta,Dryophytes cinereus,7,6,42,-0.13598455961591777,-0.13683218392102264,2.546155753178947
Green tree frog (Hyla cinerea),Talapoin monkey (Miopithecus talapoin),Amphibia,Mammalia,Anura,Primates,Hylidae,Cercopithecidae,Hyla,Miopithecus,Cross-class,cross_class,351.686545,351686545.0,TimeTree API pairwise summaryjson,32.0,348.4,355.7,Dryophytes cinereus,Miopithecus talapoin,7,7,49,0.27084119457530204,0.2777713848750221,2.546155753178947
Green tree frog (Hyla cinerea),Tufted capuchin (Sapajus apella),Amphibia,Mammalia,Anura,Primates,Hylidae,Cebidae,Hyla,Sapajus,Cross-class,cross_class,351.686545,351686545.0,TimeTree API pairwise summaryjson,32.0,348.4,355.7,Dryophytes cinereus,Sapajus apella,7,8,56,0.3390643661919403,0.35303497838146286,2.546155753178947
Green tree frog (Hyla cinerea),Túngara frog (Engystomops pustulosus),Amphibia,Amphibia,Anura,Anura,Hylidae,Leptodactylidae,Hyla,Engystomops,Amphibia,same_order,72.60023,72600230.0,TimeTree API pairwise summaryjson,15.0,65.4,97.0,Dryophytes cinereus,Engystomops pustulosus,7,3,21,0.7361502526831216,0.9420228201928335,1.8609379965619754
Green tree frog (Hyla cinerea),Vervet monkey (Chlorocebus pygerythrus),Amphibia,Mammalia,Anura,Primates,Hylidae,Cercopithecidae,Hyla,Chlorocebus,Cross-class,cross_class,351.686545,351686545.0,TimeTree API pairwise summaryjson,32.0,348.4,355.7,Dryophytes cinereus,Chlorocebus pygerythrus,7,8,56,0.24388309956030757,0.24889865151612173,2.546155753178947
Green tree frog (Hyla cinerea),Western Gorilla (Gorilla gorilla),Amphibia,Mammalia,Anura,Primates,Hylidae,Hominidae,Hyla,Gorilla,Cross-class,cross_class,351.686545,351686545.0,TimeTree API pairwise summaryjson,32.0,348.4,355.7,Dryophytes cinereus,Gorilla gorilla,7,9,63,0.2771375386811764,0.28457879200258085,2.546155753178947
Green tree frog (Hyla cinerea),White-browed sparrow-weaver (Plocepasser mahali),Amphibia,Aves,Anura,Passeriformes,Hylidae,Ploceidae,Hyla,Plocepasser,Cross-class,cross_class,351.686545,351686545.0,TimeTree API pairwise summaryjson,32.0,348.4,355.7,Dryophytes cinereus,Plocepasser mahali,7,4,28,-0.0393292464976055,-0.03934954336147217,2.546155753178947
Green tree frog (Hyla cinerea),Yellow baboon (Papio cynocephalus),Amphibia,Mammalia,Anura,Primates,Hylidae,Cercopithecidae,Hyla,Papio,Cross-class,cross_class,351.686545,351686545.0,TimeTree API pairwise summaryjson,32.0,348.4,355.7,Dryophytes cinereus,Papio cynocephalus,7,7,49,0.3076159720685602,0.31791006711323644,2.546155753178947
Green tree frog (Hyla cinerea),Zebra finch (Taeniopygia guttata),Amphibia,Aves,Anura,Passeriformes,Hylidae,Estrildidae,Hyla,Taeniopygia,Cross-class,cross_class,351.686545,351686545.0,TimeTree API pairwise summaryjson,32.0,348.4,355.7,Dryophytes cinereus,Taeniopygia guttata,7,7,49,-0.17764464186190765,-0.17954952281897696,2.546155753178947
Howler monkey (Alouatta spp.),Indri (Indri indri),Mammalia,Mammalia,Primates,Primates,Atelidae,Indriidae,Alouatta,Indri,Mammalia,same_order,73.75492,73754920.0,TimeTree API pairwise summaryjson,50.0,71.4,77.5,Indri indri,Alouatta,6,6,36,0.506546352979983,0.558073099650908,1.867790996278425
Howler monkey (Alouatta spp.),Japanese macaque (Macaca fuscata),Mammalia,Mammalia,Primates,Primates,Atelidae,Cercopithecidae,Alouatta,Macaca,Mammalia,same_order,42.9,42900000.0,TimeTree API pairwise summaryjson,68.0,40.0,44.2,Macaca fuscata,Alouatta,6,8,48,0.0246846183190695,0.024689633848832358,1.6324572921847242
Howler monkey (Alouatta spp.),Japanese tit (Parus minor),Mammalia,Aves,Primates,Passeriformes,Atelidae,Paridae,Alouatta,Parus,Cross-class,cross_class,318.95,318950000.0,TimeTree API pairwise summaryjson,30.0,316.0,322.37,Parus minor,Alouatta,6,4,24,-0.11579843963798497,-0.11632023543962879,2.503722606486479
Howler monkey (Alouatta spp.),Langurs (Semnopithecus spp. / Trachypithecus spp.),Mammalia,Mammalia,Primates,Primates,Atelidae,Cercopithecidae,Alouatta,,Mammalia,same_order,42.9,42900000.0,TimeTree API pairwise summaryjson,68.0,40.0,44.2,Semnopithecus,Alouatta,6,5,30,0.1624560951276618,0.1639083415314333,1.6324572921847242
Howler monkey (Alouatta spp.),L’Hoest’s monkey (Allochrocebus lhoesti),Mammalia,Mammalia,Primates,Primates,Atelidae,Cercopithecidae,Alouatta,Allochrocebus,Mammalia,same_order,42.9,42900000.0,TimeTree API pairwise summaryjson,68.0,40.0,44.2,Alouatta,Allochrocebus lhoesti,6,7,42,0.4135341147769962,0.4398669060605619,1.6324572921847242
Howler monkey (Alouatta spp.),Mandrill (Mandrillus sphinx),Mammalia,Mammalia,Primates,Primates,Atelidae,Cercopithecidae,Alouatta,Mandrillus,Mammalia,same_order,42.9,42900000.0,TimeTree API pairwise summaryjson,68.0,40.0,44.2,Mandrillus sphinx,Alouatta,6,7,42,0.2832851671723067,0.2912502835219317,1.6324572921847242
Howler monkey (Alouatta spp.),Meerkat (Suricata suricatta),Mammalia,Mammalia,Primates,Carnivora,Atelidae,Herpestidae,Alouatta,Suricata,Mammalia,same_class,94.0,94000000.0,TimeTree API pairwise summaryjson,63.0,91.5,97.4,Suricata suricatta,Alouatta,6,7,42,-0.22699048202493124,-0.23101416301229405,1.9731278535996986
Howler monkey (Alouatta spp.),Mona monkey (Cercopithecus mona),Mammalia,Mammalia,Primates,Primates,Atelidae,Cercopithecidae,Alouatta,Cercopithecus,Mammalia,same_order,42.9,42900000.0,TimeTree API pairwise summaryjson,68.0,40.0,44.2,Alouatta,Cercopithecus mona,6,6,36,0.1396372191952425,0.14055556176149628,1.6324572921847242
Howler monkey (Alouatta spp.),Mouse lemurs (Microcebus spp.),Mammalia,Mammalia,Primates,Primates,Atelidae,Cheirogaleidae,Alouatta,Microcebus,Mammalia,same_order,73.75492,73754920.0,TimeTree API pairwise summaryjson,50.0,71.4,77.5,Microcebus,Alouatta,6,6,36,0.2037595906876425,0.2066518842140834,1.867790996278425
Howler monkey (Alouatta spp.),Olive baboon (Papio anubis),Mammalia,Mammalia,Primates,Primates,Atelidae,Cercopithecidae,Alouatta,Papio,Mammalia,same_order,42.9,42900000.0,TimeTree API pairwise summaryjson,68.0,40.0,44.2,Papio anubis,Alouatta,6,14,84,0.04739097107059952,0.047426497482277,1.6324572921847242
Howler monkey (Alouatta spp.),Patas monkey (Erythrocebus patas),Mammalia,Mammalia,Primates,Primates,Atelidae,Cercopithecidae,Alouatta,Erythrocebus,Mammalia,same_order,42.9,42900000.0,TimeTree API pairwise summaryjson,68.0,40.0,44.2,Alouatta,Erythrocebus patas,6,6,36,0.11422867491751398,0.11472942697228342,1.6324572921847242
Howler monkey (Alouatta spp.),Plain-tailed wren (Pheugopedius euophrys),Mammalia,Aves,Primates,Passeriformes,Atelidae,Troglodytidae,Alouatta,Pheugopedius,Cross-class,cross_class,318.95,318950000.0,TimeTree API pairwise summaryjson,30.0,316.0,322.37,Pheugopedius euophrys,Alouatta,6,3,18,0.0974965382046206,0.09780723235242374,2.503722606486479
Howler monkey (Alouatta spp.),Poison dart frogs (Dendrobatidae; various genera),Mammalia,Amphibia,Primates,Anura,Atelidae,Dendrobatidae,Alouatta,,Cross-class,cross_class,351.686545,351686545.0,TimeTree API pairwise summaryjson,32.0,348.4,355.7,Dendrobatidae,Alouatta,6,2,12,-0.5271940992924927,-0.5862512311508808,2.546155753178947
Howler monkey (Alouatta spp.),Putty-nosed monkey (Cercopithecus nictitans),Mammalia,Mammalia,Primates,Primates,Atelidae,Cercopithecidae,Alouatta,Cercopithecus,Mammalia,same_order,42.9,42900000.0,TimeTree API pairwise summaryjson,68.0,40.0,44.2,Alouatta,Cercopithecus nictitans,6,7,42,0.16913241390542683,0.17077339341793898,1.6324572921847242
Howler monkey (Alouatta spp.),Red colobus (Piliocolobus spp.),Mammalia,Mammalia,Primates,Primates,Atelidae,Cercopithecidae,Alouatta,Piliocolobus,Mammalia,same_order,42.9,42900000.0,TimeTree API pairwise summaryjson,68.0,40.0,44.2,Piliocolobus,Alouatta,6,5,30,0.20916205549872594,0.21229490500208315,1.6324572921847242
Howler monkey (Alouatta spp.),Red-tailed monkey (Cercopithecus ascanius),Mammalia,Mammalia,Primates,Primates,Atelidae,Cercopithecidae,Alouatta,Cercopithecus,Mammalia,same_order,42.9,42900000.0,TimeTree API pairwise summaryjson,68.0,40.0,44.2,Alouatta,Cercopithecus ascanius,6,7,42,0.29205419484678957,0.3008105427842686,1.6324572921847242
Howler monkey (Alouatta spp.),Rhesus macaque (Macaca mulatta),Mammalia,Mammalia,Primates,Primates,Atelidae,Cercopithecidae,Alouatta,Macaca,Mammalia,same_order,42.9,42900000.0,TimeTree API pairwise summaryjson,68.0,40.0,44.2,Macaca mulatta,Alouatta,6,8,48,0.08563869155436221,0.08584897530409587,1.6324572921847242
Howler monkey (Alouatta spp.),Ring-tailed lemur (Lemur catta),Mammalia,Mammalia,Primates,Primates,Atelidae,Lemuridae,Alouatta,Lemur,Mammalia,same_order,73.75492,73754920.0,TimeTree API pairwise summaryjson,50.0,71.4,77.5,Lemur catta,Alouatta,6,6,36,0.3554551437774311,0.37167407896906834,1.867790996278425
Howler monkey (Alouatta spp.),Siamang (Symphalangus syndactylus),Mammalia,Mammalia,Primates,Primates,Atelidae,Hylobatidae,Alouatta,Symphalangus,Mammalia,same_order,42.9,42900000.0,TimeTree API pairwise summaryjson,68.0,40.0,44.2,Symphalangus syndactylus,Alouatta,6,4,24,-0.020465534258089203,-0.02046839222478212,1.6324572921847242
Howler monkey (Alouatta spp.),Spotted hyena (Crocuta crocuta),Mammalia,Mammalia,Primates,Carnivora,Atelidae,Hyaenidae,Alouatta,Crocuta,Mammalia,same_class,94.0,94000000.0,TimeTree API pairwise summaryjson,63.0,91.5,97.4,Crocuta crocuta,Alouatta,6,6,36,0.2639167109049058,0.2703137012033394,1.9731278535996986
Howler monkey (Alouatta spp.),Talapoin monkey (Miopithecus talapoin),Mammalia,Mammalia,Primates,Primates,Atelidae,Cercopithecidae,Alouatta,Miopithecus,Mammalia,same_order,42.9,42900000.0,TimeTree API pairwise summaryjson,68.0,40.0,44.2,Alouatta,Miopithecus talapoin,6,7,42,0.07684091943105989,0.07699269391414912,1.6324572921847242
Howler monkey (Alouatta spp.),Tufted capuchin (Sapajus apella),Mammalia,Mammalia,Primates,Primates,Atelidae,Cebidae,Alouatta,Sapajus,Mammalia,same_order,19.6,19600000.0,TimeTree API pairwise summaryjson,23.0,18.1,21.80027,Sapajus apella,Alouatta,6,8,48,0.04444482538469015,0.04447412470246413,1.2922560713564761
Howler monkey (Alouatta spp.),Túngara frog (Engystomops pustulosus),Mammalia,Amphibia,Primates,Anura,Atelidae,Leptodactylidae,Alouatta,Engystomops,Cross-class,cross_class,351.686545,351686545.0,TimeTree API pairwise summaryjson,32.0,348.4,355.7,Engystomops pustulosus,Alouatta,6,3,18,0.5234329431995982,0.5810565707452383,2.546155753178947
Howler monkey (Alouatta spp.),Vervet monkey (Chlorocebus pygerythrus),Mammalia,Mammalia,Primates,Primates,Atelidae,Cercopithecidae,Alouatta,Chlorocebus,Mammalia,same_order,42.9,42900000.0,TimeTree API pairwise summaryjson,68.0,40.0,44.2,Chlorocebus pygerythrus,Alouatta,6,8,48,0.07223317079114044,0.07235919422944992,1.6324572921847242
Howler monkey (Alouatta spp.),Western Gorilla (Gorilla gorilla),Mammalia,Mammalia,Primates,Primates,Atelidae,Hominidae,Alouatta,Gorilla,Mammalia,same_order,42.9,42900000.0,TimeTree API pairwise summaryjson,68.0,40.0,44.2,Gorilla gorilla,Alouatta,6,9,54,0.593705993926936,0.6833701732264893,1.6324572921847242
Howler monkey (Alouatta spp.),White-browed sparrow-weaver (Plocepasser mahali),Mammalia,Aves,Primates,Passeriformes,Atelidae,Ploceidae,Alouatta,Plocepasser,Cross-class,cross_class,318.95,318950000.0,TimeTree API pairwise summaryjson,30.0,316.0,322.37,Plocepasser mahali,Alouatta,6,4,24,0.36089066640305784,0.37790956265519154,2.503722606486479
Howler monkey (Alouatta spp.),Yellow baboon (Papio cynocephalus),Mammalia,Mammalia,Primates,Primates,Atelidae,Cercopithecidae,Alouatta,Papio,Mammalia,same_order,42.9,42900000.0,TimeTree API pairwise summaryjson,68.0,40.0,44.2,Papio cynocephalus,Alouatta,6,7,42,-0.0725238780074316,-0.0726514323814697,1.6324572921847242
Howler monkey (Alouatta spp.),Zebra finch (Taeniopygia guttata),Mammalia,Aves,Primates,Passeriformes,Atelidae,Estrildidae,Alouatta,Taeniopygia,Cross-class,cross_class,318.95,318950000.0,TimeTree API pairwise summaryjson,30.0,316.0,322.37,Alouatta,Taeniopygia guttata,6,7,42,-0.24386707370870953,-0.24888161225338576,2.503722606486479
Indri (Indri indri),Japanese macaque (Macaca fuscata),Mammalia,Mammalia,Primates,Primates,Indriidae,Cercopithecidae,Indri,Macaca,Mammalia,same_order,73.75492,73754920.0,TimeTree API pairwise summaryjson,50.0,71.4,77.5,Indri indri,Macaca fuscata,6,8,48,0.5500191386006857,0.6184087528425962,1.867790996278425
Indri (Indri indri),Japanese tit (Parus minor),Mammalia,Aves,Primates,Passeriformes,Indriidae,Paridae,Indri,Parus,Cross-class,cross_class,318.95,318950000.0,TimeTree API pairwise summaryjson,30.0,316.0,322.37,Parus minor,Indri indri,6,4,24,0.3174375050499629,0.3287948771169363,2.503722606486479
Indri (Indri indri),Langurs (Semnopithecus spp. / Trachypithecus spp.),Mammalia,Mammalia,Primates,Primates,Indriidae,Cercopithecidae,Indri,,Mammalia,same_order,73.75492,73754920.0,TimeTree API pairwise summaryjson,50.0,71.4,77.5,Semnopithecus,Indri indri,6,5,30,0.5748563386662628,0.6547460975402021,1.867790996278425
Indri (Indri indri),L’Hoest’s monkey (Allochrocebus lhoesti),Mammalia,Mammalia,Primates,Primates,Indriidae,Cercopithecidae,Indri,Allochrocebus,Mammalia,same_order,73.75492,73754920.0,TimeTree API pairwise summaryjson,50.0,71.4,77.5,Indri indri,Allochrocebus lhoesti,6,7,42,0.6272175797504124,0.7368159516003339,1.867790996278425
Indri (Indri indri),Mandrill (Mandrillus sphinx),Mammalia,Mammalia,Primates,Primates,Indriidae,Cercopithecidae,Indri,Mandrillus,Mammalia,same_order,73.75492,73754920.0,TimeTree API pairwise summaryjson,50.0,71.4,77.5,Mandrillus sphinx,Indri indri,6,7,42,0.524295913055246,0.5822459456176136,1.867790996278425
Indri (Indri indri),Meerkat (Suricata suricatta),Mammalia,Mammalia,Primates,Carnivora,Indriidae,Herpestidae,Indri,Suricata,Mammalia,same_class,94.0,94000000.0,TimeTree API pairwise summaryjson,63.0,91.5,97.4,Suricata suricatta,Indri indri,6,7,42,0.2634202560336868,0.26978015351192375,1.9731278535996986
Indri (Indri indri),Mona monkey (Cercopithecus mona),Mammalia,Mammalia,Primates,Primates,Indriidae,Cercopithecidae,Indri,Cercopithecus,Mammalia,same_order,73.75492,73754920.0,TimeTree API pairwise summaryjson,50.0,71.4,77.5,Indri indri,Cercopithecus mona,6,6,36,0.6984584185321967,0.8642841920194965,1.867790996278425
Indri (Indri indri),Mouse lemurs (Microcebus spp.),Mammalia,Mammalia,Primates,Primates,Indriidae,Cheirogaleidae,Indri,Microcebus,Mammalia,same_order,35.94,35940000.0,TimeTree API pairwise summaryjson,19.0,32.37793,37.44,Indri indri,Microcebus,6,6,36,0.6512970496601012,0.777547967087704,1.555578072772955
Indri (Indri indri),Olive baboon (Papio anubis),Mammalia,Mammalia,Primates,Primates,Indriidae,Cercopithecidae,Indri,Papio,Mammalia,same_order,73.75492,73754920.0,TimeTree API pairwise summaryjson,50.0,71.4,77.5,Indri indri,Papio anubis,6,14,84,0.520458254322032,0.5769680500626428,1.867790996278425
Indri (Indri indri),Patas monkey (Erythrocebus patas),Mammalia,Mammalia,Primates,Primates,Indriidae,Cercopithecidae,Indri,Erythrocebus,Mammalia,same_order,73.75492,73754920.0,TimeTree API pairwise summaryjson,50.0,71.4,77.5,Indri indri,Erythrocebus patas,6,6,36,0.6533344900101957,0.7810945318798448,1.867790996278425
Indri (Indri indri),Plain-tailed wren (Pheugopedius euophrys),Mammalia,Aves,Primates,Passeriformes,Indriidae,Troglodytidae,Indri,Pheugopedius,Cross-class,cross_class,318.95,318950000.0,TimeTree API pairwise summaryjson,30.0,316.0,322.37,Pheugopedius euophrys,Indri indri,6,3,18,0.21816232987685327,0.2217257895580613,2.503722606486479
Indri (Indri indri),Poison dart frogs (Dendrobatidae; various genera),Mammalia,Amphibia,Primates,Anura,Indriidae,Dendrobatidae,Indri,,Cross-class,cross_class,351.686545,351686545.0,TimeTree API pairwise summaryjson,32.0,348.4,355.7,Dendrobatidae,Indri indri,6,2,12,0.1508367042625935,0.15199650950071208,2.546155753178947
Indri (Indri indri),Putty-nosed monkey (Cercopithecus nictitans),Mammalia,Mammalia,Primates,Primates,Indriidae,Cercopithecidae,Indri,Cercopithecus,Mammalia,same_order,73.75492,73754920.0,TimeTree API pairwise summaryjson,50.0,71.4,77.5,Indri indri,Cercopithecus nictitans,6,7,42,0.4013073051229483,0.42520621652587304,1.867790996278425
Indri (Indri indri),Red colobus (Piliocolobus spp.),Mammalia,Mammalia,Primates,Primates,Indriidae,Cercopithecidae,Indri,Piliocolobus,Mammalia,same_order,73.75492,73754920.0,TimeTree API pairwise summaryjson,50.0,71.4,77.5,Piliocolobus,Indri indri,6,5,30,0.5103027762782201,0.563139067226494,1.867790996278425
Indri (Indri indri),Red-tailed monkey (Cercopithecus ascanius),Mammalia,Mammalia,Primates,Primates,Indriidae,Cercopithecidae,Indri,Cercopithecus,Mammalia,same_order,73.75492,73754920.0,TimeTree API pairwise summaryjson,50.0,71.4,77.5,Indri indri,Cercopithecus ascanius,6,7,42,0.6292691700623145,0.7402052789098896,1.867790996278425
Indri (Indri indri),Rhesus macaque (Macaca mulatta),Mammalia,Mammalia,Primates,Primates,Indriidae,Cercopithecidae,Indri,Macaca,Mammalia,same_order,73.75492,73754920.0,TimeTree API pairwise summaryjson,50.0,71.4,77.5,Indri indri,Macaca mulatta,6,8,48,0.5648544051401944,0.6399336954356122,1.867790996278425
Indri (Indri indri),Ring-tailed lemur (Lemur catta),Mammalia,Mammalia,Primates,Primates,Indriidae,Lemuridae,Indri,Lemur,Mammalia,same_order,36.0,36000000.0,TimeTree API pairwise summaryjson,21.0,33.0,39.33,Indri indri,Lemur catta,6,6,36,0.7191668961361071,0.9059172666491072,1.5563025007672873
Indri (Indri indri),Siamang (Symphalangus syndactylus),Mammalia,Mammalia,Primates,Primates,Indriidae,Hylobatidae,Indri,Symphalangus,Mammalia,same_order,73.75492,73754920.0,TimeTree API pairwise summaryjson,50.0,71.4,77.5,Symphalangus syndactylus,Indri indri,6,4,24,0.16657060997776646,0.1681373187714773,1.867790996278425
Indri (Indri indri),Spotted hyena (Crocuta crocuta),Mammalia,Mammalia,Primates,Carnivora,Indriidae,Hyaenidae,Indri,Crocuta,Mammalia,same_class,94.0,94000000.0,TimeTree API pairwise summaryjson,63.0,91.5,97.4,Crocuta crocuta,Indri indri,6,6,36,0.3633719635808372,0.3807653701809385,1.9731278535996986
Indri (Indri indri),Talapoin monkey (Miopithecus talapoin),Mammalia,Mammalia,Primates,Primates,Indriidae,Cercopithecidae,Indri,Miopithecus,Mammalia,same_order,73.75492,73754920.0,TimeTree API pairwise summaryjson,50.0,71.4,77.5,Indri indri,Miopithecus talapoin,6,7,42,0.4957909337213955,0.5437097012387823,1.867790996278425
Indri (Indri indri),Tufted capuchin (Sapajus apella),Mammalia,Mammalia,Primates,Primates,Indriidae,Cebidae,Indri,Sapajus,Mammalia,same_order,73.75492,73754920.0,TimeTree API pairwise summaryjson,50.0,71.4,77.5,Indri indri,Sapajus apella,6,8,48,0.601808886268074,0.6959783741310588,1.867790996278425
Indri (Indri indri),Túngara frog (Engystomops pustulosus),Mammalia,Amphibia,Primates,Anura,Indriidae,Leptodactylidae,Indri,Engystomops,Cross-class,cross_class,351.686545,351686545.0,TimeTree API pairwise summaryjson,32.0,348.4,355.7,Engystomops pustulosus,Indri indri,6,3,18,0.14404075403388683,0.145049515152514,2.546155753178947
Indri (Indri indri),Vervet monkey (Chlorocebus pygerythrus),Mammalia,Mammalia,Primates,Primates,Indriidae,Cercopithecidae,Indri,Chlorocebus,Mammalia,same_order,73.75492,73754920.0,TimeTree API pairwise summaryjson,50.0,71.4,77.5,Indri indri,Chlorocebus pygerythrus,6,8,48,0.6236886416293212,0.7310194488562436,1.867790996278425
Indri (Indri indri),Western Gorilla (Gorilla gorilla),Mammalia,Mammalia,Primates,Primates,Indriidae,Hominidae,Indri,Gorilla,Mammalia,same_order,73.75492,73754920.0,TimeTree API pairwise summaryjson,50.0,71.4,77.5,Gorilla gorilla,Indri indri,6,9,54,0.29922926496580243,0.30867285757321034,1.867790996278425
Indri (Indri indri),White-browed sparrow-weaver (Plocepasser mahali),Mammalia,Aves,Primates,Passeriformes,Indriidae,Ploceidae,Indri,Plocepasser,Cross-class,cross_class,318.95,318950000.0,TimeTree API pairwise summaryjson,30.0,316.0,322.37,Plocepasser mahali,Indri indri,6,4,24,0.21091172360099675,0.21412532347443194,2.503722606486479
Indri (Indri indri),Yellow baboon (Papio cynocephalus),Mammalia,Mammalia,Primates,Primates,Indriidae,Cercopithecidae,Indri,Papio,Mammalia,same_order,73.75492,73754920.0,TimeTree API pairwise summaryjson,50.0,71.4,77.5,Indri indri,Papio cynocephalus,6,7,42,0.5224178665018252,0.579659449602612,1.867790996278425
Indri (Indri indri),Zebra finch (Taeniopygia guttata),Mammalia,Aves,Primates,Passeriformes,Indriidae,Estrildidae,Indri,Taeniopygia,Cross-class,cross_class,318.95,318950000.0,TimeTree API pairwise summaryjson,30.0,316.0,322.37,Indri indri,Taeniopygia guttata,6,7,42,-0.00748819411156639,-0.007488334078239006,2.503722606486479
Japanese macaque (Macaca fuscata),Japanese tit (Parus minor),Mammalia,Aves,Primates,Passeriformes,Cercopithecidae,Paridae,Macaca,Parus,Cross-class,cross_class,318.95,318950000.0,TimeTree API pairwise summaryjson,30.0,316.0,322.37,Parus minor,Macaca fuscata,8,4,32,0.08808351903614581,0.08831239014968702,2.503722606486479
Japanese macaque (Macaca fuscata),Langurs (Semnopithecus spp. / Trachypithecus spp.),Mammalia,Mammalia,Primates,Primates,Cercopithecidae,Cercopithecidae,Macaca,,Mammalia,same_family,17.755,17755000.0,TimeTree API pairwise summaryjson,29.0,15.5,19.8,Semnopithecus,Macaca fuscata,8,5,40,0.4884014916830062,0.5339589223492677,1.2493206766376344
Japanese macaque (Macaca fuscata),L’Hoest’s monkey (Allochrocebus lhoesti),Mammalia,Mammalia,Primates,Primates,Cercopithecidae,Cercopithecidae,Macaca,Allochrocebus,Mammalia,same_family,12.32716,12327160.0,TimeTree API pairwise summaryjson,28.0,11.5,13.0889,Macaca fuscata,Allochrocebus lhoesti,8,7,56,0.615454387809246,0.7176545707852072,1.0908630329301952
Japanese macaque (Macaca fuscata),Mandrill (Mandrillus sphinx),Mammalia,Mammalia,Primates,Primates,Cercopithecidae,Cercopithecidae,Macaca,Mandrillus,Mammalia,same_family,10.454,10454000.0,TimeTree API pairwise summaryjson,42.0,8.78921,11.05064,Mandrillus sphinx,Macaca fuscata,8,7,56,0.4237446870822386,0.45224748451773183,1.0192824957617317
Japanese macaque (Macaca fuscata),Meerkat (Suricata suricatta),Mammalia,Mammalia,Primates,Carnivora,Cercopithecidae,Herpestidae,Macaca,Suricata,Mammalia,same_class,94.0,94000000.0,TimeTree API pairwise summaryjson,63.0,91.5,97.4,Suricata suricatta,Macaca fuscata,8,7,56,-0.05656111306921283,-0.05662154511837384,1.9731278535996986
Japanese macaque (Macaca fuscata),Mona monkey (Cercopithecus mona),Mammalia,Mammalia,Primates,Primates,Cercopithecidae,Cercopithecidae,Macaca,Cercopithecus,Mammalia,same_family,12.32716,12327160.0,TimeTree API pairwise summaryjson,28.0,11.5,13.0889,Macaca fuscata,Cercopithecus mona,8,6,48,0.5233179685787714,0.5808982205399782,1.0908630329301952
Japanese macaque (Macaca fuscata),Mouse lemurs (Microcebus spp.),Mammalia,Mammalia,Primates,Primates,Cercopithecidae,Cheirogaleidae,Macaca,Microcebus,Mammalia,same_order,73.75492,73754920.0,TimeTree API pairwise summaryjson,50.0,71.4,77.5,Macaca fuscata,Microcebus,8,6,48,0.29166931246000627,0.30038982201379905,1.867790996278425
Japanese macaque (Macaca fuscata),Olive baboon (Papio anubis),Mammalia,Mammalia,Primates,Primates,Cercopithecidae,Cercopithecidae,Macaca,Papio,Mammalia,same_family,10.454,10454000.0,TimeTree API pairwise summaryjson,42.0,8.78921,11.05064,Macaca fuscata,Papio anubis,8,14,112,0.48550889108842604,0.530167203018365,1.0192824957617317
Japanese macaque (Macaca fuscata),Patas monkey (Erythrocebus patas),Mammalia,Mammalia,Primates,Primates,Cercopithecidae,Cercopithecidae,Macaca,Erythrocebus,Mammalia,same_family,12.32716,12327160.0,TimeTree API pairwise summaryjson,28.0,11.5,13.0889,Macaca fuscata,Erythrocebus patas,8,6,48,0.46361689675402673,0.5019086635535558,1.0908630329301952
Japanese macaque (Macaca fuscata),Plain-tailed wren (Pheugopedius euophrys),Mammalia,Aves,Primates,Passeriformes,Cercopithecidae,Troglodytidae,Macaca,Pheugopedius,Cross-class,cross_class,318.95,318950000.0,TimeTree API pairwise summaryjson,30.0,316.0,322.37,Pheugopedius euophrys,Macaca fuscata,8,3,24,0.2645280867387385,0.27097096277905885,2.503722606486479
Japanese macaque (Macaca fuscata),Poison dart frogs (Dendrobatidae; various genera),Mammalia,Amphibia,Primates,Anura,Cercopithecidae,Dendrobatidae,Macaca,,Cross-class,cross_class,351.686545,351686545.0,TimeTree API pairwise summaryjson,32.0,348.4,355.7,Dendrobatidae,Macaca fuscata,8,2,16,-0.1899766386654171,-0.19231293306744285,2.546155753178947
Japanese macaque (Macaca fuscata),Putty-nosed monkey (Cercopithecus nictitans),Mammalia,Mammalia,Primates,Primates,Cercopithecidae,Cercopithecidae,Macaca,Cercopithecus,Mammalia,same_family,12.32716,12327160.0,TimeTree API pairwise summaryjson,28.0,11.5,13.0889,Macaca fuscata,Cercopithecus nictitans,8,7,56,0.3244375608947979,0.3365987894608111,1.0908630329301952
Japanese macaque (Macaca fuscata),Red colobus (Piliocolobus spp.),Mammalia,Mammalia,Primates,Primates,Cercopithecidae,Cercopithecidae,Macaca,Piliocolobus,Mammalia,same_family,17.755,17755000.0,TimeTree API pairwise summaryjson,29.0,15.5,19.8,Piliocolobus,Macaca fuscata,8,5,40,0.48765338890667864,0.5329769399545355,1.2493206766376344
Japanese macaque (Macaca fuscata),Red-tailed monkey (Cercopithecus ascanius),Mammalia,Mammalia,Primates,Primates,Cercopithecidae,Cercopithecidae,Macaca,Cercopithecus,Mammalia,same_family,12.32716,12327160.0,TimeTree API pairwise summaryjson,28.0,11.5,13.0889,Macaca fuscata,Cercopithecus ascanius,8,7,56,0.4814937982243187,0.5249270961329932,1.0908630329301952
Japanese macaque (Macaca fuscata),Rhesus macaque (Macaca mulatta),Mammalia,Mammalia,Primates,Primates,Cercopithecidae,Cercopithecidae,Macaca,Macaca,Mammalia,same_genus,3.718905,3718905.0,TimeTree API pairwise summaryjson,4.0,1.53,9.83621,Macaca mulatta,Macaca fuscata,8,8,64,0.6182045409970907,0.7220937440027472,0.5704150843813585
Japanese macaque (Macaca fuscata),Ring-tailed lemur (Lemur catta),Mammalia,Mammalia,Primates,Primates,Cercopithecidae,Lemuridae,Macaca,Lemur,Mammalia,same_order,73.75492,73754920.0,TimeTree API pairwise summaryjson,50.0,71.4,77.5,Macaca fuscata,Lemur catta,8,6,48,0.32221586931385016,0.3341177255532429,1.867790996278425
Japanese macaque (Macaca fuscata),Siamang (Symphalangus syndactylus),Mammalia,Mammalia,Primates,Primates,Cercopithecidae,Hylobatidae,Macaca,Symphalangus,Mammalia,same_order,28.82,28820000.0,TimeTree API pairwise summaryjson,83.0,26.8,30.6,Symphalangus syndactylus,Macaca fuscata,8,4,32,0.1677602319723872,0.16936113971978878,1.4596939764779706
Japanese macaque (Macaca fuscata),Spotted hyena (Crocuta crocuta),Mammalia,Mammalia,Primates,Carnivora,Cercopithecidae,Hyaenidae,Macaca,Crocuta,Mammalia,same_class,94.0,94000000.0,TimeTree API pairwise summaryjson,63.0,91.5,97.4,Crocuta crocuta,Macaca fuscata,8,6,48,0.09957756559000885,0.09990866448758198,1.9731278535996986
Japanese macaque (Macaca fuscata),Talapoin monkey (Miopithecus talapoin),Mammalia,Mammalia,Primates,Primates,Cercopithecidae,Cercopithecidae,Macaca,Miopithecus,Mammalia,same_family,12.32716,12327160.0,TimeTree API pairwise summaryjson,28.0,11.5,13.0889,Macaca fuscata,Miopithecus talapoin,8,7,56,0.25436117566212607,0.26007018265419257,1.0908630329301952
Japanese macaque (Macaca fuscata),Tufted capuchin (Sapajus apella),Mammalia,Mammalia,Primates,Primates,Cercopithecidae,Cebidae,Macaca,Sapajus,Mammalia,same_order,42.9,42900000.0,TimeTree API pairwise summaryjson,68.0,40.0,44.2,Macaca fuscata,Sapajus apella,8,8,64,0.41113539190208187,0.4369768060000282,1.6324572921847242
Japanese macaque (Macaca fuscata),Túngara frog (Engystomops pustulosus),Mammalia,Amphibia,Primates,Anura,Cercopithecidae,Leptodactylidae,Macaca,Engystomops,Cross-class,cross_class,351.686545,351686545.0,TimeTree API pairwise summaryjson,32.0,348.4,355.7,Engystomops pustulosus,Macaca fuscata,8,3,24,0.1591419327616168,0.16050620908576388,2.546155753178947
Japanese macaque (Macaca fuscata),Vervet monkey (Chlorocebus pygerythrus),Mammalia,Mammalia,Primates,Primates,Cercopithecidae,Cercopithecidae,Macaca,Chlorocebus,Mammalia,same_family,12.32716,12327160.0,TimeTree API pairwise summaryjson,28.0,11.5,13.0889,Macaca fuscata,Chlorocebus pygerythrus,8,8,64,0.2761879839401933,0.2835505317726973,1.0908630329301952
Japanese macaque (Macaca fuscata),Western Gorilla (Gorilla gorilla),Mammalia,Mammalia,Primates,Primates,Cercopithecidae,Hominidae,Macaca,Gorilla,Mammalia,same_order,28.82,28820000.0,TimeTree API pairwise summaryjson,83.0,26.8,30.6,Gorilla gorilla,Macaca fuscata,8,9,72,0.16642374758622097,0.16798626908434505,1.4596939764779706
Japanese macaque (Macaca fuscata),White-browed sparrow-weaver (Plocepasser mahali),Mammalia,Aves,Primates,Passeriformes,Cercopithecidae,Ploceidae,Macaca,Plocepasser,Cross-class,cross_class,318.95,318950000.0,TimeTree API pairwise summaryjson,30.0,316.0,322.37,Plocepasser mahali,Macaca fuscata,8,4,32,0.21482991384066047,0.21822949639367414,2.503722606486479
Japanese macaque (Macaca fuscata),Yellow baboon (Papio cynocephalus),Mammalia,Mammalia,Primates,Primates,Cercopithecidae,Cercopithecidae,Macaca,Papio,Mammalia,same_family,10.454,10454000.0,TimeTree API pairwise summaryjson,42.0,8.78921,11.05064,Macaca fuscata,Papio cynocephalus,8,7,56,0.5076365198111237,0.559540630153315,1.0192824957617317
Japanese macaque (Macaca fuscata),Zebra finch (Taeniopygia guttata),Mammalia,Aves,Primates,Passeriformes,Cercopithecidae,Estrildidae,Macaca,Taeniopygia,Cross-class,cross_class,318.95,318950000.0,TimeTree API pairwise summaryjson,30.0,316.0,322.37,Macaca fuscata,Taeniopygia guttata,8,7,56,-0.29924204527747006,-0.308686894806503,2.503722606486479
Japanese tit (Parus minor),Langurs (Semnopithecus spp. / Trachypithecus spp.),Aves,Mammalia,Passeriformes,Primates,Paridae,Cercopithecidae,Parus,,Cross-class,cross_class,318.95,318950000.0,TimeTree API pairwise summaryjson,30.0,316.0,322.37,Parus minor,Semnopithecus,4,5,20,0.1609952940929483,0.16240830648420093,2.503722606486479
Japanese tit (Parus minor),L’Hoest’s monkey (Allochrocebus lhoesti),Aves,Mammalia,Passeriformes,Primates,Paridae,Cercopithecidae,Parus,Allochrocebus,Cross-class,cross_class,318.95,318950000.0,TimeTree API pairwise summaryjson,30.0,316.0,322.37,Parus minor,Allochrocebus lhoesti,4,7,28,0.0929759007897507,0.09324520962286141,2.503722606486479
Japanese tit (Parus minor),Mandrill (Mandrillus sphinx),Aves,Mammalia,Passeriformes,Primates,Paridae,Cercopithecidae,Parus,Mandrillus,Cross-class,cross_class,318.95,318950000.0,TimeTree API pairwise summaryjson,30.0,316.0,322.37,Parus minor,Mandrillus sphinx,4,7,28,0.0258095462046825,0.025815279356968174,2.503722606486479
Japanese tit (Parus minor),Meerkat (Suricata suricatta),Aves,Mammalia,Passeriformes,Carnivora,Paridae,Herpestidae,Parus,Suricata,Cross-class,cross_class,318.95,318950000.0,TimeTree API pairwise summaryjson,30.0,316.0,322.37,Suricata suricatta,Parus minor,4,7,28,-0.2122541320371781,-0.21553064464533936,2.503722606486479
Japanese tit (Parus minor),Mona monkey (Cercopithecus mona),Aves,Mammalia,Passeriformes,Primates,Paridae,Cercopithecidae,Parus,Cercopithecus,Cross-class,cross_class,318.95,318950000.0,TimeTree API pairwise summaryjson,30.0,316.0,322.37,Parus minor,Cercopithecus mona,4,6,24,0.09453213273526856,0.0948152421933587,2.503722606486479
Japanese tit (Parus minor),Mouse lemurs (Microcebus spp.),Aves,Mammalia,Passeriformes,Primates,Paridae,Cheirogaleidae,Parus,Microcebus,Cross-class,cross_class,318.95,318950000.0,TimeTree API pairwise summaryjson,30.0,316.0,322.37,Parus minor,Microcebus,4,6,24,0.07368934796873405,0.073823164892724,2.503722606486479
Japanese tit (Parus minor),Olive baboon (Papio anubis),Aves,Mammalia,Passeriformes,Primates,Paridae,Cercopithecidae,Parus,Papio,Cross-class,cross_class,318.95,318950000.0,TimeTree API pairwise summaryjson,30.0,316.0,322.37,Parus minor,Papio anubis,4,14,56,0.021581422404504887,0.02158477391303914,2.503722606486479
Japanese tit (Parus minor),Patas monkey (Erythrocebus patas),Aves,Mammalia,Passeriformes,Primates,Paridae,Cercopithecidae,Parus,Erythrocebus,Cross-class,cross_class,318.95,318950000.0,TimeTree API pairwise summaryjson,30.0,316.0,322.37,Parus minor,Erythrocebus patas,4,6,24,-0.04659263518289334,-0.04662639474117501,2.503722606486479
Japanese tit (Parus minor),Plain-tailed wren (Pheugopedius euophrys),Aves,Aves,Passeriformes,Passeriformes,Paridae,Troglodytidae,Parus,Pheugopedius,Aves,same_order,29.793515,29793515.0,TimeTree API pairwise summaryjson,8.0,21.544868,36.99,Parus minor,Pheugopedius euophrys,4,3,12,0.8395594030720113,1.2196788028068377,1.474121743733689
Japanese tit (Parus minor),Poison dart frogs (Dendrobatidae; various genera),Aves,Amphibia,Passeriformes,Anura,Paridae,Dendrobatidae,Parus,,Cross-class,cross_class,351.686545,351686545.0,TimeTree API pairwise summaryjson,32.0,348.4,355.7,Dendrobatidae,Parus minor,4,2,8,-0.4466980197981321,-0.4805675410358407,2.546155753178947
Japanese tit (Parus minor),Putty-nosed monkey (Cercopithecus nictitans),Aves,Mammalia,Passeriformes,Primates,Paridae,Cercopithecidae,Parus,Cercopithecus,Cross-class,cross_class,318.95,318950000.0,TimeTree API pairwise summaryjson,30.0,316.0,322.37,Parus minor,Cercopithecus nictitans,4,7,28,0.013051233150255411,0.013051974251901492,2.503722606486479
Japanese tit (Parus minor),Red colobus (Piliocolobus spp.),Aves,Mammalia,Passeriformes,Primates,Paridae,Cercopithecidae,Parus,Piliocolobus,Cross-class,cross_class,318.95,318950000.0,TimeTree API pairwise summaryjson,30.0,316.0,322.37,Parus minor,Piliocolobus,4,5,20,0.04956834811595861,0.049609004895865734,2.503722606486479
Japanese tit (Parus minor),Red-tailed monkey (Cercopithecus ascanius),Aves,Mammalia,Passeriformes,Primates,Paridae,Cercopithecidae,Parus,Cercopithecus,Cross-class,cross_class,318.95,318950000.0,TimeTree API pairwise summaryjson,30.0,316.0,322.37,Parus minor,Cercopithecus ascanius,4,7,28,0.2716595572693857,0.2786547422104149,2.503722606486479
Japanese tit (Parus minor),Rhesus macaque (Macaca mulatta),Aves,Mammalia,Passeriformes,Primates,Paridae,Cercopithecidae,Parus,Macaca,Cross-class,cross_class,318.95,318950000.0,TimeTree API pairwise summaryjson,30.0,316.0,322.37,Parus minor,Macaca mulatta,4,8,32,0.026946268632312764,0.026952793382858876,2.503722606486479
Japanese tit (Parus minor),Ring-tailed lemur (Lemur catta),Aves,Mammalia,Passeriformes,Primates,Paridae,Lemuridae,Parus,Lemur,Cross-class,cross_class,318.95,318950000.0,TimeTree API pairwise summaryjson,30.0,316.0,322.37,Parus minor,Lemur catta,4,6,24,0.2556614734557244,0.2614609215258127,2.503722606486479
Japanese tit (Parus minor),Siamang (Symphalangus syndactylus),Aves,Mammalia,Passeriformes,Primates,Paridae,Hylobatidae,Parus,Symphalangus,Cross-class,cross_class,318.95,318950000.0,TimeTree API pairwise summaryjson,30.0,316.0,322.37,Parus minor,Symphalangus syndactylus,4,4,16,0.6392691210992217,0.7569367855538744,2.503722606486479
Japanese tit (Parus minor),Spotted hyena (Crocuta crocuta),Aves,Mammalia,Passeriformes,Carnivora,Paridae,Hyaenidae,Parus,Crocuta,Cross-class,cross_class,318.95,318950000.0,TimeTree API pairwise summaryjson,30.0,316.0,322.37,Crocuta crocuta,Parus minor,4,6,24,0.1381917408762731,0.13908164056529412,2.503722606486479
Japanese tit (Parus minor),Talapoin monkey (Miopithecus talapoin),Aves,Mammalia,Passeriformes,Primates,Paridae,Cercopithecidae,Parus,Miopithecus,Cross-class,cross_class,318.95,318950000.0,TimeTree API pairwise summaryjson,30.0,316.0,322.37,Parus minor,Miopithecus talapoin,4,7,28,0.08081080226991844,0.08098740332277712,2.503722606486479
Japanese tit (Parus minor),Tufted capuchin (Sapajus apella),Aves,Mammalia,Passeriformes,Primates,Paridae,Cebidae,Parus,Sapajus,Cross-class,cross_class,318.95,318950000.0,TimeTree API pairwise summaryjson,30.0,316.0,322.37,Parus minor,Sapajus apella,4,8,32,0.19558627904001963,0.19813911949689192,2.503722606486479
Japanese tit (Parus minor),Túngara frog (Engystomops pustulosus),Aves,Amphibia,Passeriformes,Anura,Paridae,Leptodactylidae,Parus,Engystomops,Cross-class,cross_class,351.686545,351686545.0,TimeTree API pairwise summaryjson,32.0,348.4,355.7,Engystomops pustulosus,Parus minor,4,3,12,-0.10260325237621853,-0.10296559328539984,2.546155753178947
Japanese tit (Parus minor),Vervet monkey (Chlorocebus pygerythrus),Aves,Mammalia,Passeriformes,Primates,Paridae,Cercopithecidae,Parus,Chlorocebus,Cross-class,cross_class,318.95,318950000.0,TimeTree API pairwise summaryjson,30.0,316.0,322.37,Parus minor,Chlorocebus pygerythrus,4,8,32,-0.08537273296203851,-0.08558105790527223,2.503722606486479
Japanese tit (Parus minor),Western Gorilla (Gorilla gorilla),Aves,Mammalia,Passeriformes,Primates,Paridae,Hominidae,Parus,Gorilla,Cross-class,cross_class,318.95,318950000.0,TimeTree API pairwise summaryjson,30.0,316.0,322.37,Parus minor,Gorilla gorilla,4,9,36,0.12549346465354538,0.12615854302263382,2.503722606486479
Japanese tit (Parus minor),White-browed sparrow-weaver (Plocepasser mahali),Aves,Aves,Passeriformes,Passeriformes,Paridae,Ploceidae,Parus,Plocepasser,Aves,same_order,29.793515,29793515.0,TimeTree API pairwise summaryjson,8.0,21.544868,36.99,Parus minor,Plocepasser mahali,4,4,16,0.4218605073338018,0.449953166547471,1.474121743733689
Japanese tit (Parus minor),Yellow baboon (Papio cynocephalus),Aves,Mammalia,Passeriformes,Primates,Paridae,Cercopithecidae,Parus,Papio,Cross-class,cross_class,318.95,318950000.0,TimeTree API pairwise summaryjson,30.0,316.0,322.37,Parus minor,Papio cynocephalus,4,7,28,-0.028029905846442726,-0.02803725011344858,2.503722606486479
Japanese tit (Parus minor),Zebra finch (Taeniopygia guttata),Aves,Aves,Passeriformes,Passeriformes,Paridae,Estrildidae,Parus,Taeniopygia,Aves,same_order,29.793515,29793515.0,TimeTree API pairwise summaryjson,8.0,21.544868,36.99,Parus minor,Taeniopygia guttata,4,7,28,0.4799337203065402,0.5228981588883533,1.474121743733689
Langurs (Semnopithecus spp. / Trachypithecus spp.),L’Hoest’s monkey (Allochrocebus lhoesti),Mammalia,Mammalia,Primates,Primates,Cercopithecidae,Cercopithecidae,,Allochrocebus,Mammalia,same_family,17.755,17755000.0,TimeTree API pairwise summaryjson,29.0,15.5,19.8,Semnopithecus,Allochrocebus lhoesti,5,7,35,0.5607893574601086,0.6339839245457477,1.2493206766376344
Langurs (Semnopithecus spp. / Trachypithecus spp.),Mandrill (Mandrillus sphinx),Mammalia,Mammalia,Primates,Primates,Cercopithecidae,Cercopithecidae,,Mandrillus,Mammalia,same_family,17.755,17755000.0,TimeTree API pairwise summaryjson,29.0,15.5,19.8,Mandrillus sphinx,Semnopithecus,5,7,35,0.7098004343448444,0.8867815469421539,1.2493206766376344
Langurs (Semnopithecus spp. / Trachypithecus spp.),Meerkat (Suricata suricatta),Mammalia,Mammalia,Primates,Carnivora,Cercopithecidae,Herpestidae,,Suricata,Mammalia,same_class,94.0,94000000.0,TimeTree API pairwise summaryjson,63.0,91.5,97.4,Suricata suricatta,Semnopithecus,5,7,35,-0.08588615016641725,-0.08609826750970448,1.9731278535996986
Langurs (Semnopithecus spp. / Trachypithecus spp.),Mona monkey (Cercopithecus mona),Mammalia,Mammalia,Primates,Primates,Cercopithecidae,Cercopithecidae,,Cercopithecus,Mammalia,same_family,17.755,17755000.0,TimeTree API pairwise summaryjson,29.0,15.5,19.8,Semnopithecus,Cercopithecus mona,5,6,30,0.7481315798292179,0.9686980094580242,1.2493206766376344
Langurs (Semnopithecus spp. / Trachypithecus spp.),Mouse lemurs (Microcebus spp.),Mammalia,Mammalia,Primates,Primates,Cercopithecidae,Cheirogaleidae,,Microcebus,Mammalia,same_order,73.75492,73754920.0,TimeTree API pairwise summaryjson,50.0,71.4,77.5,Semnopithecus,Microcebus,5,6,30,0.4198144134436006,0.44746670905789837,1.867790996278425
Langurs (Semnopithecus spp. / Trachypithecus spp.),Olive baboon (Papio anubis),Mammalia,Mammalia,Primates,Primates,Cercopithecidae,Cercopithecidae,,Papio,Mammalia,same_family,17.755,17755000.0,TimeTree API pairwise summaryjson,29.0,15.5,19.8,Semnopithecus,Papio anubis,5,14,70,0.556830692871632,0.6282277732155468,1.2493206766376344
Langurs (Semnopithecus spp. / Trachypithecus spp.),Patas monkey (Erythrocebus patas),Mammalia,Mammalia,Primates,Primates,Cercopithecidae,Cercopithecidae,,Erythrocebus,Mammalia,same_family,17.755,17755000.0,TimeTree API pairwise summaryjson,29.0,15.5,19.8,Semnopithecus,Erythrocebus patas,5,6,30,0.6846273640743911,0.8377723792766011,1.2493206766376344
Langurs (Semnopithecus spp. / Trachypithecus spp.),Plain-tailed wren (Pheugopedius euophrys),Mammalia,Aves,Primates,Passeriformes,Cercopithecidae,Troglodytidae,,Pheugopedius,Cross-class,cross_class,318.95,318950000.0,TimeTree API pairwise summaryjson,30.0,316.0,322.37,Pheugopedius euophrys,Semnopithecus,5,3,15,0.7210912108588027,0.9099144929163513,2.503722606486479
Langurs (Semnopithecus spp. / Trachypithecus spp.),Poison dart frogs (Dendrobatidae; various genera),Mammalia,Amphibia,Primates,Anura,Cercopithecidae,Dendrobatidae,,,Cross-class,cross_class,351.686545,351686545.0,TimeTree API pairwise summaryjson,32.0,348.4,355.7,Dendrobatidae,Semnopithecus,5,2,10,0.20709087237272855,0.2101299420747361,2.546155753178947
Langurs (Semnopithecus spp. / Trachypithecus spp.),Putty-nosed monkey (Cercopithecus nictitans),Mammalia,Mammalia,Primates,Primates,Cercopithecidae,Cercopithecidae,,Cercopithecus,Mammalia,same_family,17.755,17755000.0,TimeTree API pairwise summaryjson,29.0,15.5,19.8,Semnopithecus,Cercopithecus nictitans,5,7,35,0.37793082900417807,0.39764347985501763,1.2493206766376344
Langurs (Semnopithecus spp. / Trachypithecus spp.),Red colobus (Piliocolobus spp.),Mammalia,Mammalia,Primates,Primates,Cercopithecidae,Cercopithecidae,,Piliocolobus,Mammalia,same_family,12.78655,12786550.0,TimeTree API pairwise summaryjson,20.0,10.323,14.12,Piliocolobus,Semnopithecus,5,5,25,0.7481220266545604,0.9686763128005921,1.1067533812199928
Langurs (Semnopithecus spp. / Trachypithecus spp.),Red-tailed monkey (Cercopithecus ascanius),Mammalia,Mammalia,Primates,Primates,Cercopithecidae,Cercopithecidae,,Cercopithecus,Mammalia,same_family,17.755,17755000.0,TimeTree API pairwise summaryjson,29.0,15.5,19.8,Semnopithecus,Cercopithecus ascanius,5,7,35,0.510607159590679,0.5635507099285345,1.2493206766376344
Langurs (Semnopithecus spp. / Trachypithecus spp.),Rhesus macaque (Macaca mulatta),Mammalia,Mammalia,Primates,Primates,Cercopithecidae,Cercopithecidae,,Macaca,Mammalia,same_family,17.755,17755000.0,TimeTree API pairwise summaryjson,29.0,15.5,19.8,Semnopithecus,Macaca mulatta,5,8,40,0.49898057215796365,0.547947829511366,1.2493206766376344
Langurs (Semnopithecus spp. / Trachypithecus spp.),Ring-tailed lemur (Lemur catta),Mammalia,Mammalia,Primates,Primates,Cercopithecidae,Lemuridae,,Lemur,Mammalia,same_order,73.75492,73754920.0,TimeTree API pairwise summaryjson,50.0,71.4,77.5,Semnopithecus,Lemur catta,5,6,30,0.6476059484830036,0.7711642794731315,1.867790996278425
Langurs (Semnopithecus spp. / Trachypithecus spp.),Siamang (Symphalangus syndactylus),Mammalia,Mammalia,Primates,Primates,Cercopithecidae,Hylobatidae,,Symphalangus,Mammalia,same_order,28.82,28820000.0,TimeTree API pairwise summaryjson,83.0,26.8,30.6,Semnopithecus,Symphalangus syndactylus,5,4,20,0.3930495663737546,0.4154017129166712,1.4596939764779706
Langurs (Semnopithecus spp. / Trachypithecus spp.),Spotted hyena (Crocuta crocuta),Mammalia,Mammalia,Primates,Carnivora,Cercopithecidae,Hyaenidae,,Crocuta,Mammalia,same_class,94.0,94000000.0,TimeTree API pairwise summaryjson,63.0,91.5,97.4,Crocuta crocuta,Semnopithecus,5,6,30,0.19043061998233166,0.19278395474293136,1.9731278535996986
Langurs (Semnopithecus spp. / Trachypithecus spp.),Talapoin monkey (Miopithecus talapoin),Mammalia,Mammalia,Primates,Primates,Cercopithecidae,Cercopithecidae,,Miopithecus,Mammalia,same_family,17.755,17755000.0,TimeTree API pairwise summaryjson,29.0,15.5,19.8,Semnopithecus,Miopithecus talapoin,5,7,35,0.5528318851522688,0.6224504729264309,1.2493206766376344
Langurs (Semnopithecus spp. / Trachypithecus spp.),Tufted capuchin (Sapajus apella),Mammalia,Mammalia,Primates,Primates,Cercopithecidae,Cebidae,,Sapajus,Mammalia,same_order,42.9,42900000.0,TimeTree API pairwise summaryjson,68.0,40.0,44.2,Semnopithecus,Sapajus apella,5,8,40,0.5204453733893051,0.576950383892924,1.6324572921847242
Langurs (Semnopithecus spp. / Trachypithecus spp.),Túngara frog (Engystomops pustulosus),Mammalia,Amphibia,Primates,Anura,Cercopithecidae,Leptodactylidae,,Engystomops,Cross-class,cross_class,351.686545,351686545.0,TimeTree API pairwise summaryjson,32.0,348.4,355.7,Engystomops pustulosus,Semnopithecus,5,3,15,0.009470820119040917,0.009471103300544346,2.546155753178947
Langurs (Semnopithecus spp. / Trachypithecus spp.),Vervet monkey (Chlorocebus pygerythrus),Mammalia,Mammalia,Primates,Primates,Cercopithecidae,Cercopithecidae,,Chlorocebus,Mammalia,same_family,17.755,17755000.0,TimeTree API pairwise summaryjson,29.0,15.5,19.8,Semnopithecus,Chlorocebus pygerythrus,5,8,40,0.43544513268475193,0.46659635095603635,1.2493206766376344
Langurs (Semnopithecus spp. / Trachypithecus spp.),Western Gorilla (Gorilla gorilla),Mammalia,Mammalia,Primates,Primates,Cercopithecidae,Hominidae,,Gorilla,Mammalia,same_order,28.82,28820000.0,TimeTree API pairwise summaryjson,83.0,26.8,30.6,Semnopithecus,Gorilla gorilla,5,9,45,0.42885257080131856,0.4584898160230325,1.4596939764779706
Langurs (Semnopithecus spp. / Trachypithecus spp.),White-browed sparrow-weaver (Plocepasser mahali),Mammalia,Aves,Primates,Passeriformes,Cercopithecidae,Ploceidae,,Plocepasser,Cross-class,cross_class,318.95,318950000.0,TimeTree API pairwise summaryjson,30.0,316.0,322.37,Plocepasser mahali,Semnopithecus,5,4,20,0.5408640398039407,0.6053761135503986,2.503722606486479
Langurs (Semnopithecus spp. / Trachypithecus spp.),Yellow baboon (Papio cynocephalus),Mammalia,Mammalia,Primates,Primates,Cercopithecidae,Cercopithecidae,,Papio,Mammalia,same_family,17.755,17755000.0,TimeTree API pairwise summaryjson,29.0,15.5,19.8,Semnopithecus,Papio cynocephalus,5,7,35,0.4964545443125303,0.5445899823314427,1.2493206766376344
Langurs (Semnopithecus spp. / Trachypithecus spp.),Zebra finch (Taeniopygia guttata),Mammalia,Aves,Primates,Passeriformes,Cercopithecidae,Estrildidae,,Taeniopygia,Cross-class,cross_class,318.95,318950000.0,TimeTree API pairwise summaryjson,30.0,316.0,322.37,Semnopithecus,Taeniopygia guttata,5,7,35,0.020308520208301196,0.020311312887647835,2.503722606486479
L’Hoest’s monkey (Allochrocebus lhoesti),Mandrill (Mandrillus sphinx),Mammalia,Mammalia,Primates,Primates,Cercopithecidae,Cercopithecidae,Allochrocebus,Mandrillus,Mammalia,same_family,12.32716,12327160.0,TimeTree API pairwise summaryjson,28.0,11.5,13.0889,Mandrillus sphinx,Allochrocebus lhoesti,7,7,49,0.5880162739636334,0.6746285205924237,1.0908630329301952
L’Hoest’s monkey (Allochrocebus lhoesti),Meerkat (Suricata suricatta),Mammalia,Mammalia,Primates,Carnivora,Cercopithecidae,Herpestidae,Allochrocebus,Suricata,Mammalia,same_class,94.0,94000000.0,TimeTree API pairwise summaryjson,63.0,91.5,97.4,Suricata suricatta,Allochrocebus lhoesti,7,7,49,-0.020430603640767053,-0.020433446996034228,1.9731278535996986
L’Hoest’s monkey (Allochrocebus lhoesti),Mona monkey (Cercopithecus mona),Mammalia,Mammalia,Primates,Primates,Cercopithecidae,Cercopithecidae,Allochrocebus,Cercopithecus,Mammalia,same_family,8.61071,8610710.0,TimeTree API pairwise summaryjson,5.0,7.0046,11.448,Allochrocebus lhoesti,Cercopithecus mona,7,6,42,0.658508437170046,0.7901754865530094,0.9350389628786571
L’Hoest’s monkey (Allochrocebus lhoesti),Mouse lemurs (Microcebus spp.),Mammalia,Mammalia,Primates,Primates,Cercopithecidae,Cheirogaleidae,Allochrocebus,Microcebus,Mammalia,same_order,73.75492,73754920.0,TimeTree API pairwise summaryjson,50.0,71.4,77.5,Microcebus,Allochrocebus lhoesti,7,6,42,0.3776082315410835,0.39726718081963236,1.867790996278425
L’Hoest’s monkey (Allochrocebus lhoesti),Olive baboon (Papio anubis),Mammalia,Mammalia,Primates,Primates,Cercopithecidae,Cercopithecidae,Allochrocebus,Papio,Mammalia,same_family,12.32716,12327160.0,TimeTree API pairwise summaryjson,28.0,11.5,13.0889,Papio anubis,Allochrocebus lhoesti,7,14,98,0.6229426104510984,0.7297994019704459,1.0908630329301952
L’Hoest’s monkey (Allochrocebus lhoesti),Patas monkey (Erythrocebus patas),Mammalia,Mammalia,Primates,Primates,Cercopithecidae,Cercopithecidae,Allochrocebus,Erythrocebus,Mammalia,same_family,5.70485,5704850.0,TimeTree API pairwise summaryjson,8.0,5.0897,7.95359,Allochrocebus lhoesti,Erythrocebus patas,7,6,42,0.6067891652242222,0.7038236080556594,0.7562442298184386
L’Hoest’s monkey (Allochrocebus lhoesti),Plain-tailed wren (Pheugopedius euophrys),Mammalia,Aves,Primates,Passeriformes,Cercopithecidae,Troglodytidae,Allochrocebus,Pheugopedius,Cross-class,cross_class,318.95,318950000.0,TimeTree API pairwise summaryjson,30.0,316.0,322.37,Pheugopedius euophrys,Allochrocebus lhoesti,7,3,21,0.6159885704381005,0.7185149248392209,2.503722606486479
L’Hoest’s monkey (Allochrocebus lhoesti),Poison dart frogs (Dendrobatidae; various genera),Mammalia,Amphibia,Primates,Anura,Cercopithecidae,Dendrobatidae,Allochrocebus,,Cross-class,cross_class,351.686545,351686545.0,TimeTree API pairwise summaryjson,32.0,348.4,355.7,Dendrobatidae,Allochrocebus lhoesti,7,2,14,0.15981852036756308,0.16120045410907705,2.546155753178947
L’Hoest’s monkey (Allochrocebus lhoesti),Putty-nosed monkey (Cercopithecus nictitans),Mammalia,Mammalia,Primates,Primates,Cercopithecidae,Cercopithecidae,Allochrocebus,Cercopithecus,Mammalia,same_family,8.61071,8610710.0,TimeTree API pairwise summaryjson,5.0,7.0046,11.448,Cercopithecus nictitans,Allochrocebus lhoesti,7,7,49,0.4884959298338336,0.5340829516850287,0.9350389628786571
L’Hoest’s monkey (Allochrocebus lhoesti),Red colobus (Piliocolobus spp.),Mammalia,Mammalia,Primates,Primates,Cercopithecidae,Cercopithecidae,Allochrocebus,Piliocolobus,Mammalia,same_family,17.755,17755000.0,TimeTree API pairwise summaryjson,29.0,15.5,19.8,Piliocolobus,Allochrocebus lhoesti,7,5,35,0.5283839308906788,0.5879004800775764,1.2493206766376344
L’Hoest’s monkey (Allochrocebus lhoesti),Red-tailed monkey (Cercopithecus ascanius),Mammalia,Mammalia,Primates,Primates,Cercopithecidae,Cercopithecidae,Allochrocebus,Cercopithecus,Mammalia,same_family,8.61071,8610710.0,TimeTree API pairwise summaryjson,5.0,7.0046,11.448,Cercopithecus ascanius,Allochrocebus lhoesti,7,7,49,0.5781800324726089,0.65972448907112,0.9350389628786571
L’Hoest’s monkey (Allochrocebus lhoesti),Rhesus macaque (Macaca mulatta),Mammalia,Mammalia,Primates,Primates,Cercopithecidae,Cercopithecidae,Allochrocebus,Macaca,Mammalia,same_family,12.32716,12327160.0,TimeTree API pairwise summaryjson,28.0,11.5,13.0889,Macaca mulatta,Allochrocebus lhoesti,7,8,56,0.6103950476213192,0.7095507579707221,1.0908630329301952
L’Hoest’s monkey (Allochrocebus lhoesti),Ring-tailed lemur (Lemur catta),Mammalia,Mammalia,Primates,Primates,Cercopithecidae,Lemuridae,Allochrocebus,Lemur,Mammalia,same_order,73.75492,73754920.0,TimeTree API pairwise summaryjson,50.0,71.4,77.5,Lemur catta,Allochrocebus lhoesti,7,6,42,0.5430271209754315,0.608438692768657,1.867790996278425
L’Hoest’s monkey (Allochrocebus lhoesti),Siamang (Symphalangus syndactylus),Mammalia,Mammalia,Primates,Primates,Cercopithecidae,Hylobatidae,Allochrocebus,Symphalangus,Mammalia,same_order,28.82,28820000.0,TimeTree API pairwise summaryjson,83.0,26.8,30.6,Symphalangus syndactylus,Allochrocebus lhoesti,7,4,28,0.5121757742683526,0.5656748275052379,1.4596939764779706
L’Hoest’s monkey (Allochrocebus lhoesti),Spotted hyena (Crocuta crocuta),Mammalia,Mammalia,Primates,Carnivora,Cercopithecidae,Hyaenidae,Allochrocebus,Crocuta,Mammalia,same_class,94.0,94000000.0,TimeTree API pairwise summaryjson,63.0,91.5,97.4,Crocuta crocuta,Allochrocebus lhoesti,7,6,42,0.3818674041060427,0.40224403194382125,1.9731278535996986
L’Hoest’s monkey (Allochrocebus lhoesti),Talapoin monkey (Miopithecus talapoin),Mammalia,Mammalia,Primates,Primates,Cercopithecidae,Cercopithecidae,Allochrocebus,Miopithecus,Mammalia,same_family,8.859425,8859425.0,TimeTree API pairwise summaryjson,8.0,7.5516,12.946,Allochrocebus lhoesti,Miopithecus talapoin,7,7,49,0.5713089935195969,0.6494639549992213,0.947405535946798
L’Hoest’s monkey (Allochrocebus lhoesti),Tufted capuchin (Sapajus apella),Mammalia,Mammalia,Primates,Primates,Cercopithecidae,Cebidae,Allochrocebus,Sapajus,Mammalia,same_order,42.9,42900000.0,TimeTree API pairwise summaryjson,68.0,40.0,44.2,Sapajus apella,Allochrocebus lhoesti,7,8,56,0.5042020559708723,0.5549246841968399,1.6324572921847242
L’Hoest’s monkey (Allochrocebus lhoesti),Túngara frog (Engystomops pustulosus),Mammalia,Amphibia,Primates,Anura,Cercopithecidae,Leptodactylidae,Allochrocebus,Engystomops,Cross-class,cross_class,351.686545,351686545.0,TimeTree API pairwise summaryjson,32.0,348.4,355.7,Engystomops pustulosus,Allochrocebus lhoesti,7,3,21,0.13907718256743606,0.13998443356269527,2.546155753178947
L’Hoest’s monkey (Allochrocebus lhoesti),Vervet monkey (Chlorocebus pygerythrus),Mammalia,Mammalia,Primates,Primates,Cercopithecidae,Cercopithecidae,Allochrocebus,Chlorocebus,Mammalia,same_family,5.5541,5554100.0,TimeTree API pairwise summaryjson,7.0,4.8,9.02845,Chlorocebus pygerythrus,Allochrocebus lhoesti,7,8,56,0.25901491790363457,0.265052195007207,0.744613694833976
L’Hoest’s monkey (Allochrocebus lhoesti),Western Gorilla (Gorilla gorilla),Mammalia,Mammalia,Primates,Primates,Cercopithecidae,Hominidae,Allochrocebus,Gorilla,Mammalia,same_order,28.82,28820000.0,TimeTree API pairwise summaryjson,83.0,26.8,30.6,Gorilla gorilla,Allochrocebus lhoesti,7,9,63,0.4082001206652458,0.43344956085091496,1.4596939764779706
L’Hoest’s monkey (Allochrocebus lhoesti),White-browed sparrow-weaver (Plocepasser mahali),Mammalia,Aves,Primates,Passeriformes,Cercopithecidae,Ploceidae,Allochrocebus,Plocepasser,Cross-class,cross_class,318.95,318950000.0,TimeTree API pairwise summaryjson,30.0,316.0,322.37,Plocepasser mahali,Allochrocebus lhoesti,7,4,28,0.29050528113609275,0.299118029178701,2.503722606486479
L’Hoest’s monkey (Allochrocebus lhoesti),Yellow baboon (Papio cynocephalus),Mammalia,Mammalia,Primates,Primates,Cercopithecidae,Cercopithecidae,Allochrocebus,Papio,Mammalia,same_family,12.32716,12327160.0,TimeTree API pairwise summaryjson,28.0,11.5,13.0889,Papio cynocephalus,Allochrocebus lhoesti,7,7,49,0.6159606253407043,0.7184698938854551,1.0908630329301952
L’Hoest’s monkey (Allochrocebus lhoesti),Zebra finch (Taeniopygia guttata),Mammalia,Aves,Primates,Passeriformes,Cercopithecidae,Estrildidae,Allochrocebus,Taeniopygia,Cross-class,cross_class,318.95,318950000.0,TimeTree API pairwise summaryjson,30.0,316.0,322.37,Allochrocebus lhoesti,Taeniopygia guttata,7,7,49,0.1778897924533332,0.17980267326555005,2.503722606486479
Mandrill (Mandrillus sphinx),Meerkat (Suricata suricatta),Mammalia,Mammalia,Primates,Carnivora,Cercopithecidae,Herpestidae,Mandrillus,Suricata,Mammalia,same_class,94.0,94000000.0,TimeTree API pairwise summaryjson,63.0,91.5,97.4,Suricata suricatta,Mandrillus sphinx,7,7,49,-0.10902472269218286,-0.10945979996227748,1.9731278535996986
Mandrill (Mandrillus sphinx),Mona monkey (Cercopithecus mona),Mammalia,Mammalia,Primates,Primates,Cercopithecidae,Cercopithecidae,Mandrillus,Cercopithecus,Mammalia,same_family,12.32716,12327160.0,TimeTree API pairwise summaryjson,28.0,11.5,13.0889,Mandrillus sphinx,Cercopithecus mona,7,6,42,0.634490168086285,0.748896516087502,1.0908630329301952
Mandrill (Mandrillus sphinx),Mouse lemurs (Microcebus spp.),Mammalia,Mammalia,Primates,Primates,Cercopithecidae,Cheirogaleidae,Mandrillus,Microcebus,Mammalia,same_order,73.75492,73754920.0,TimeTree API pairwise summaryjson,50.0,71.4,77.5,Mandrillus sphinx,Microcebus,7,6,42,0.4762157504894005,0.5180786524689515,1.867790996278425
Mandrill (Mandrillus sphinx),Olive baboon (Papio anubis),Mammalia,Mammalia,Primates,Primates,Cercopithecidae,Cercopithecidae,Mandrillus,Papio,Mammalia,same_family,7.5,7500000.0,TimeTree API pairwise summaryjson,11.0,6.1,11.737,Mandrillus sphinx,Papio anubis,7,14,98,0.6274017043331627,0.7371195457708623,0.8750612633917001
Mandrill (Mandrillus sphinx),Patas monkey (Erythrocebus patas),Mammalia,Mammalia,Primates,Primates,Cercopithecidae,Cercopithecidae,Mandrillus,Erythrocebus,Mammalia,same_family,12.32716,12327160.0,TimeTree API pairwise summaryjson,28.0,11.5,13.0889,Mandrillus sphinx,Erythrocebus patas,7,6,42,0.6923557743346627,0.852466391370102,1.0908630329301952
Mandrill (Mandrillus sphinx),Plain-tailed wren (Pheugopedius euophrys),Mammalia,Aves,Primates,Passeriformes,Cercopithecidae,Troglodytidae,Mandrillus,Pheugopedius,Cross-class,cross_class,318.95,318950000.0,TimeTree API pairwise summaryjson,30.0,316.0,322.37,Pheugopedius euophrys,Mandrillus sphinx,7,3,21,0.5494585314147659,0.6176053456824471,2.503722606486479
Mandrill (Mandrillus sphinx),Poison dart frogs (Dendrobatidae; various genera),Mammalia,Amphibia,Primates,Anura,Cercopithecidae,Dendrobatidae,Mandrillus,,Cross-class,cross_class,351.686545,351686545.0,TimeTree API pairwise summaryjson,32.0,348.4,355.7,Dendrobatidae,Mandrillus sphinx,7,2,14,0.08109102093294908,0.08126947038730452,2.546155753178947
Mandrill (Mandrillus sphinx),Putty-nosed monkey (Cercopithecus nictitans),Mammalia,Mammalia,Primates,Primates,Cercopithecidae,Cercopithecidae,Mandrillus,Cercopithecus,Mammalia,same_family,12.32716,12327160.0,TimeTree API pairwise summaryjson,28.0,11.5,13.0889,Mandrillus sphinx,Cercopithecus nictitans,7,7,49,0.3912561741797672,0.4132824042446826,1.0908630329301952
Mandrill (Mandrillus sphinx),Red colobus (Piliocolobus spp.),Mammalia,Mammalia,Primates,Primates,Cercopithecidae,Cercopithecidae,Mandrillus,Piliocolobus,Mammalia,same_family,17.755,17755000.0,TimeTree API pairwise summaryjson,29.0,15.5,19.8,Mandrillus sphinx,Piliocolobus,7,5,35,0.5614407742503629,0.6349346900672219,1.2493206766376344
Mandrill (Mandrillus sphinx),Red-tailed monkey (Cercopithecus ascanius),Mammalia,Mammalia,Primates,Primates,Cercopithecidae,Cercopithecidae,Mandrillus,Cercopithecus,Mammalia,same_family,12.32716,12327160.0,TimeTree API pairwise summaryjson,28.0,11.5,13.0889,Mandrillus sphinx,Cercopithecus ascanius,7,7,49,0.48607733502643696,0.5309112347257843,1.0908630329301952
Mandrill (Mandrillus sphinx),Rhesus macaque (Macaca mulatta),Mammalia,Mammalia,Primates,Primates,Cercopithecidae,Cercopithecidae,Mandrillus,Macaca,Mammalia,same_family,10.454,10454000.0,TimeTree API pairwise summaryjson,42.0,8.78921,11.05064,Mandrillus sphinx,Macaca mulatta,7,8,56,0.45621560780522136,0.49252173483062794,1.0192824957617317
Mandrill (Mandrillus sphinx),Ring-tailed lemur (Lemur catta),Mammalia,Mammalia,Primates,Primates,Cercopithecidae,Lemuridae,Mandrillus,Lemur,Mammalia,same_order,73.75492,73754920.0,TimeTree API pairwise summaryjson,50.0,71.4,77.5,Mandrillus sphinx,Lemur catta,7,6,42,0.4865179036557009,0.5314882618520383,1.867790996278425
Mandrill (Mandrillus sphinx),Siamang (Symphalangus syndactylus),Mammalia,Mammalia,Primates,Primates,Cercopithecidae,Hylobatidae,Mandrillus,Symphalangus,Mammalia,same_order,28.82,28820000.0,TimeTree API pairwise summaryjson,83.0,26.8,30.6,Mandrillus sphinx,Symphalangus syndactylus,7,4,28,0.10314520304161011,0.10351334083555419,1.4596939764779706
Mandrill (Mandrillus sphinx),Spotted hyena (Crocuta crocuta),Mammalia,Mammalia,Primates,Carnivora,Cercopithecidae,Hyaenidae,Mandrillus,Crocuta,Mammalia,same_class,94.0,94000000.0,TimeTree API pairwise summaryjson,63.0,91.5,97.4,Crocuta crocuta,Mandrillus sphinx,7,6,42,0.394604587504399,0.4172421926706594,1.9731278535996986
Mandrill (Mandrillus sphinx),Talapoin monkey (Miopithecus talapoin),Mammalia,Mammalia,Primates,Primates,Cercopithecidae,Cercopithecidae,Mandrillus,Miopithecus,Mammalia,same_family,12.32716,12327160.0,TimeTree API pairwise summaryjson,28.0,11.5,13.0889,Mandrillus sphinx,Miopithecus talapoin,7,7,49,0.45064875187476156,0.48551405864617886,1.0908630329301952
Mandrill (Mandrillus sphinx),Tufted capuchin (Sapajus apella),Mammalia,Mammalia,Primates,Primates,Cercopithecidae,Cebidae,Mandrillus,Sapajus,Mammalia,same_order,42.9,42900000.0,TimeTree API pairwise summaryjson,68.0,40.0,44.2,Mandrillus sphinx,Sapajus apella,7,8,56,0.4855392451555663,0.5302069196249962,1.6324572921847242
Mandrill (Mandrillus sphinx),Túngara frog (Engystomops pustulosus),Mammalia,Amphibia,Primates,Anura,Cercopithecidae,Leptodactylidae,Mandrillus,Engystomops,Cross-class,cross_class,351.686545,351686545.0,TimeTree API pairwise summaryjson,32.0,348.4,355.7,Engystomops pustulosus,Mandrillus sphinx,7,3,21,0.04668748500666499,0.046721451341184814,2.546155753178947
Mandrill (Mandrillus sphinx),Vervet monkey (Chlorocebus pygerythrus),Mammalia,Mammalia,Primates,Primates,Cercopithecidae,Cercopithecidae,Mandrillus,Chlorocebus,Mammalia,same_family,12.32716,12327160.0,TimeTree API pairwise summaryjson,28.0,11.5,13.0889,Mandrillus sphinx,Chlorocebus pygerythrus,7,8,56,0.389132969629193,0.41077787969692175,1.0908630329301952
Mandrill (Mandrillus sphinx),Western Gorilla (Gorilla gorilla),Mammalia,Mammalia,Primates,Primates,Cercopithecidae,Hominidae,Mandrillus,Gorilla,Mammalia,same_order,28.82,28820000.0,TimeTree API pairwise summaryjson,83.0,26.8,30.6,Mandrillus sphinx,Gorilla gorilla,7,9,63,0.4258277105990652,0.45478913329277765,1.4596939764779706
Mandrill (Mandrillus sphinx),White-browed sparrow-weaver (Plocepasser mahali),Mammalia,Aves,Primates,Passeriformes,Cercopithecidae,Ploceidae,Mandrillus,Plocepasser,Cross-class,cross_class,318.95,318950000.0,TimeTree API pairwise summaryjson,30.0,316.0,322.37,Plocepasser mahali,Mandrillus sphinx,7,4,28,0.3224440474311638,0.3343723592478104,2.503722606486479
Mandrill (Mandrillus sphinx),Yellow baboon (Papio cynocephalus),Mammalia,Mammalia,Primates,Primates,Cercopithecidae,Cercopithecidae,Mandrillus,Papio,Mammalia,same_family,7.5,7500000.0,TimeTree API pairwise summaryjson,11.0,6.1,11.737,Mandrillus sphinx,Papio cynocephalus,7,7,49,0.4408729739226256,0.47331387768635813,0.8750612633917001
Mandrill (Mandrillus sphinx),Zebra finch (Taeniopygia guttata),Mammalia,Aves,Primates,Passeriformes,Cercopithecidae,Estrildidae,Mandrillus,Taeniopygia,Cross-class,cross_class,318.95,318950000.0,TimeTree API pairwise summaryjson,30.0,316.0,322.37,Mandrillus sphinx,Taeniopygia guttata,7,7,49,-0.19632675419696302,-0.19890916358397,2.503722606486479
Meerkat (Suricata suricatta),Mona monkey (Cercopithecus mona),Mammalia,Mammalia,Carnivora,Primates,Herpestidae,Cercopithecidae,Suricata,Cercopithecus,Mammalia,same_class,94.0,94000000.0,TimeTree API pairwise summaryjson,63.0,91.5,97.4,Suricata suricatta,Cercopithecus mona,7,6,42,-0.04646497601731628,-0.046498458602670274,1.9731278535996986
Meerkat (Suricata suricatta),Mouse lemurs (Microcebus spp.),Mammalia,Mammalia,Carnivora,Primates,Herpestidae,Cheirogaleidae,Suricata,Microcebus,Mammalia,same_class,94.0,94000000.0,TimeTree API pairwise summaryjson,63.0,91.5,97.4,Suricata suricatta,Microcebus,7,6,42,0.12327047868158345,0.12390062408097667,1.9731278535996986
Meerkat (Suricata suricatta),Olive baboon (Papio anubis),Mammalia,Mammalia,Carnivora,Primates,Herpestidae,Cercopithecidae,Suricata,Papio,Mammalia,same_class,94.0,94000000.0,TimeTree API pairwise summaryjson,63.0,91.5,97.4,Suricata suricatta,Papio anubis,7,14,98,0.07993821431558841,0.08010914168701808,1.9731278535996986
Meerkat (Suricata suricatta),Patas monkey (Erythrocebus patas),Mammalia,Mammalia,Carnivora,Primates,Herpestidae,Cercopithecidae,Suricata,Erythrocebus,Mammalia,same_class,94.0,94000000.0,TimeTree API pairwise summaryjson,63.0,91.5,97.4,Suricata suricatta,Erythrocebus patas,7,6,42,-0.0202343713188241,-0.02023713351549504,1.9731278535996986
Meerkat (Suricata suricatta),Plain-tailed wren (Pheugopedius euophrys),Mammalia,Aves,Carnivora,Passeriformes,Herpestidae,Troglodytidae,Suricata,Pheugopedius,Cross-class,cross_class,318.95,318950000.0,TimeTree API pairwise summaryjson,30.0,316.0,322.37,Suricata suricatta,Pheugopedius euophrys,7,3,21,0.13052797819593595,0.1312769419942678,2.503722606486479
Meerkat (Suricata suricatta),Poison dart frogs (Dendrobatidae; various genera),Mammalia,Amphibia,Carnivora,Anura,Herpestidae,Dendrobatidae,Suricata,,Cross-class,cross_class,351.686545,351686545.0,TimeTree API pairwise summaryjson,32.0,348.4,355.7,Suricata suricatta,Dendrobatidae,7,2,14,-0.28639449744731926,-0.29463416436066026,2.546155753178947
Meerkat (Suricata suricatta),Putty-nosed monkey (Cercopithecus nictitans),Mammalia,Mammalia,Carnivora,Primates,Herpestidae,Cercopithecidae,Suricata,Cercopithecus,Mammalia,same_class,94.0,94000000.0,TimeTree API pairwise summaryjson,63.0,91.5,97.4,Suricata suricatta,Cercopithecus nictitans,7,7,49,-0.09102678235693845,-0.09127945188774239,1.9731278535996986
Meerkat (Suricata suricatta),Red colobus (Piliocolobus spp.),Mammalia,Mammalia,Carnivora,Primates,Herpestidae,Cercopithecidae,Suricata,Piliocolobus,Mammalia,same_class,94.0,94000000.0,TimeTree API pairwise summaryjson,63.0,91.5,97.4,Suricata suricatta,Piliocolobus,7,5,35,0.100525199929531,0.10086588090522182,1.9731278535996986
Meerkat (Suricata suricatta),Red-tailed monkey (Cercopithecus ascanius),Mammalia,Mammalia,Carnivora,Primates,Herpestidae,Cercopithecidae,Suricata,Cercopithecus,Mammalia,same_class,94.0,94000000.0,TimeTree API pairwise summaryjson,63.0,91.5,97.4,Suricata suricatta,Cercopithecus ascanius,7,7,49,0.009734528110792652,0.009734835612937622,1.9731278535996986
Meerkat (Suricata suricatta),Rhesus macaque (Macaca mulatta),Mammalia,Mammalia,Carnivora,Primates,Herpestidae,Cercopithecidae,Suricata,Macaca,Mammalia,same_class,94.0,94000000.0,TimeTree API pairwise summaryjson,63.0,91.5,97.4,Suricata suricatta,Macaca mulatta,7,8,56,-0.06825062314588608,-0.0683568941445326,1.9731278535996986
Meerkat (Suricata suricatta),Ring-tailed lemur (Lemur catta),Mammalia,Mammalia,Carnivora,Primates,Herpestidae,Lemuridae,Suricata,Lemur,Mammalia,same_class,94.0,94000000.0,TimeTree API pairwise summaryjson,63.0,91.5,97.4,Suricata suricatta,Lemur catta,7,6,42,0.23478493036313508,0.2392475786734169,1.9731278535996986
Meerkat (Suricata suricatta),Siamang (Symphalangus syndactylus),Mammalia,Mammalia,Carnivora,Primates,Herpestidae,Hylobatidae,Suricata,Symphalangus,Mammalia,same_class,94.0,94000000.0,TimeTree API pairwise summaryjson,63.0,91.5,97.4,Suricata suricatta,Symphalangus syndactylus,7,4,28,0.056455086943674695,0.05651517934924464,1.9731278535996986
Meerkat (Suricata suricatta),Spotted hyena (Crocuta crocuta),Mammalia,Mammalia,Carnivora,Carnivora,Herpestidae,Hyaenidae,Suricata,Crocuta,Mammalia,same_order,32.3519,32351900.0,TimeTree API pairwise summaryjson,9.0,27.0,38.26,Suricata suricatta,Crocuta crocuta,7,6,42,-0.2565727540053702,-0.2624361748558802,1.5098997915050183
Meerkat (Suricata suricatta),Talapoin monkey (Miopithecus talapoin),Mammalia,Mammalia,Carnivora,Primates,Herpestidae,Cercopithecidae,Suricata,Miopithecus,Mammalia,same_class,94.0,94000000.0,TimeTree API pairwise summaryjson,63.0,91.5,97.4,Suricata suricatta,Miopithecus talapoin,7,7,49,0.024243441032013195,0.024248192356832968,1.9731278535996986
Meerkat (Suricata suricatta),Tufted capuchin (Sapajus apella),Mammalia,Mammalia,Carnivora,Primates,Herpestidae,Cebidae,Suricata,Sapajus,Mammalia,same_class,94.0,94000000.0,TimeTree API pairwise summaryjson,63.0,91.5,97.4,Suricata suricatta,Sapajus apella,7,8,56,0.12663708151565067,0.12732062840701805,1.9731278535996986
Meerkat (Suricata suricatta),Túngara frog (Engystomops pustulosus),Mammalia,Amphibia,Carnivora,Anura,Herpestidae,Leptodactylidae,Suricata,Engystomops,Cross-class,cross_class,351.686545,351686545.0,TimeTree API pairwise summaryjson,32.0,348.4,355.7,Suricata suricatta,Engystomops pustulosus,7,3,21,-0.013697101886431287,-0.013697958556700399,2.546155753178947
Meerkat (Suricata suricatta),Vervet monkey (Chlorocebus pygerythrus),Mammalia,Mammalia,Carnivora,Primates,Herpestidae,Cercopithecidae,Suricata,Chlorocebus,Mammalia,same_class,94.0,94000000.0,TimeTree API pairwise summaryjson,63.0,91.5,97.4,Suricata suricatta,Chlorocebus pygerythrus,7,8,56,0.15411061039067214,0.1553483430588586,1.9731278535996986
Meerkat (Suricata suricatta),Western Gorilla (Gorilla gorilla),Mammalia,Mammalia,Carnivora,Primates,Herpestidae,Hominidae,Suricata,Gorilla,Mammalia,same_class,94.0,94000000.0,TimeTree API pairwise summaryjson,63.0,91.5,97.4,Suricata suricatta,Gorilla gorilla,7,9,63,-0.02593660957745656,-0.025942427845166427,1.9731278535996986
Meerkat (Suricata suricatta),White-browed sparrow-weaver (Plocepasser mahali),Mammalia,Aves,Carnivora,Passeriformes,Herpestidae,Ploceidae,Suricata,Plocepasser,Cross-class,cross_class,318.95,318950000.0,TimeTree API pairwise summaryjson,30.0,316.0,322.37,Suricata suricatta,Plocepasser mahali,7,4,28,0.3952092080294596,0.41795852654585264,2.503722606486479
Meerkat (Suricata suricatta),Yellow baboon (Papio cynocephalus),Mammalia,Mammalia,Carnivora,Primates,Herpestidae,Cercopithecidae,Suricata,Papio,Mammalia,same_class,94.0,94000000.0,TimeTree API pairwise summaryjson,63.0,91.5,97.4,Suricata suricatta,Papio cynocephalus,7,7,49,-0.05818870159052802,-0.05825450952779996,1.9731278535996986
Meerkat (Suricata suricatta),Zebra finch (Taeniopygia guttata),Mammalia,Aves,Carnivora,Passeriformes,Herpestidae,Estrildidae,Suricata,Taeniopygia,Cross-class,cross_class,318.95,318950000.0,TimeTree API pairwise summaryjson,30.0,316.0,322.37,Suricata suricatta,Taeniopygia guttata,7,7,49,-0.0625689275456973,-0.06265076962618422,2.503722606486479
Mona monkey (Cercopithecus mona),Mouse lemurs (Microcebus spp.),Mammalia,Mammalia,Primates,Primates,Cercopithecidae,Cheirogaleidae,Cercopithecus,Microcebus,Mammalia,same_order,73.75492,73754920.0,TimeTree API pairwise summaryjson,50.0,71.4,77.5,Microcebus,Cercopithecus mona,6,6,36,0.4809024481666173,0.5241575582783492,1.867790996278425
Mona monkey (Cercopithecus mona),Olive baboon (Papio anubis),Mammalia,Mammalia,Primates,Primates,Cercopithecidae,Cercopithecidae,Cercopithecus,Papio,Mammalia,same_family,12.32716,12327160.0,TimeTree API pairwise summaryjson,28.0,11.5,13.0889,Papio anubis,Cercopithecus mona,6,14,84,0.5792293237783005,0.6613021320258389,1.0908630329301952
Mona monkey (Cercopithecus mona),Patas monkey (Erythrocebus patas),Mammalia,Mammalia,Primates,Primates,Cercopithecidae,Cercopithecidae,Cercopithecus,Erythrocebus,Mammalia,same_family,8.61071,8610710.0,TimeTree API pairwise summaryjson,5.0,7.0046,11.448,Erythrocebus patas,Cercopithecus mona,6,6,36,0.7186565173294355,0.904860944448954,0.9350389628786571
Mona monkey (Cercopithecus mona),Plain-tailed wren (Pheugopedius euophrys),Mammalia,Aves,Primates,Passeriformes,Cercopithecidae,Troglodytidae,Cercopithecus,Pheugopedius,Cross-class,cross_class,318.95,318950000.0,TimeTree API pairwise summaryjson,30.0,316.0,322.37,Pheugopedius euophrys,Cercopithecus mona,6,3,18,0.4902081095648876,0.5363342377828317,2.503722606486479
Mona monkey (Cercopithecus mona),Poison dart frogs (Dendrobatidae; various genera),Mammalia,Amphibia,Primates,Anura,Cercopithecidae,Dendrobatidae,Cercopithecus,,Cross-class,cross_class,351.686545,351686545.0,TimeTree API pairwise summaryjson,32.0,348.4,355.7,Dendrobatidae,Cercopithecus mona,6,2,12,-0.06345048786161583,-0.0635358439429799,2.546155753178947
Mona monkey (Cercopithecus mona),Putty-nosed monkey (Cercopithecus nictitans),Mammalia,Mammalia,Primates,Primates,Cercopithecidae,Cercopithecidae,Cercopithecus,Cercopithecus,Mammalia,same_genus,5.86525,5865250.0,TimeTree API pairwise summaryjson,4.0,5.2228,8.348,Cercopithecus nictitans,Cercopithecus mona,6,7,42,0.4878310780309756,0.5332100948867259,0.7682865281832659
Mona monkey (Cercopithecus mona),Red colobus (Piliocolobus spp.),Mammalia,Mammalia,Primates,Primates,Cercopithecidae,Cercopithecidae,Cercopithecus,Piliocolobus,Mammalia,same_family,17.755,17755000.0,TimeTree API pairwise summaryjson,29.0,15.5,19.8,Piliocolobus,Cercopithecus mona,6,5,30,0.5847651497341199,0.6696736201979463,1.2493206766376344
Mona monkey (Cercopithecus mona),Red-tailed monkey (Cercopithecus ascanius),Mammalia,Mammalia,Primates,Primates,Cercopithecidae,Cercopithecidae,Cercopithecus,Cercopithecus,Mammalia,same_genus,5.86525,5865250.0,TimeTree API pairwise summaryjson,4.0,5.2228,8.348,Cercopithecus ascanius,Cercopithecus mona,6,7,42,0.5743321920503998,0.6539636038850587,0.7682865281832659
Mona monkey (Cercopithecus mona),Rhesus macaque (Macaca mulatta),Mammalia,Mammalia,Primates,Primates,Cercopithecidae,Cercopithecidae,Cercopithecus,Macaca,Mammalia,same_family,12.32716,12327160.0,TimeTree API pairwise summaryjson,28.0,11.5,13.0889,Macaca mulatta,Cercopithecus mona,6,8,48,0.5213897201759802,0.5782464157655336,1.0908630329301952
Mona monkey (Cercopithecus mona),Ring-tailed lemur (Lemur catta),Mammalia,Mammalia,Primates,Primates,Cercopithecidae,Lemuridae,Cercopithecus,Lemur,Mammalia,same_order,73.75492,73754920.0,TimeTree API pairwise summaryjson,50.0,71.4,77.5,Lemur catta,Cercopithecus mona,6,6,36,0.6109213660519135,0.7103900521628854,1.867790996278425
Mona monkey (Cercopithecus mona),Siamang (Symphalangus syndactylus),Mammalia,Mammalia,Primates,Primates,Cercopithecidae,Hylobatidae,Cercopithecus,Symphalangus,Mammalia,same_order,28.82,28820000.0,TimeTree API pairwise summaryjson,83.0,26.8,30.6,Symphalangus syndactylus,Cercopithecus mona,6,4,24,0.3805276857075162,0.40067653817341226,1.4596939764779706
Mona monkey (Cercopithecus mona),Spotted hyena (Crocuta crocuta),Mammalia,Mammalia,Primates,Carnivora,Cercopithecidae,Hyaenidae,Cercopithecus,Crocuta,Mammalia,same_class,94.0,94000000.0,TimeTree API pairwise summaryjson,63.0,91.5,97.4,Crocuta crocuta,Cercopithecus mona,6,6,36,-0.04768137402939781,-0.04771755814934888,1.9731278535996986
Mona monkey (Cercopithecus mona),Talapoin monkey (Miopithecus talapoin),Mammalia,Mammalia,Primates,Primates,Cercopithecidae,Cercopithecidae,Cercopithecus,Miopithecus,Mammalia,same_family,8.859425,8859425.0,TimeTree API pairwise summaryjson,8.0,7.5516,12.946,Miopithecus talapoin,Cercopithecus mona,6,7,42,0.5106484842054617,0.5636066099609783,0.947405535946798
Mona monkey (Cercopithecus mona),Tufted capuchin (Sapajus apella),Mammalia,Mammalia,Primates,Primates,Cercopithecidae,Cebidae,Cercopithecus,Sapajus,Mammalia,same_order,42.9,42900000.0,TimeTree API pairwise summaryjson,68.0,40.0,44.2,Sapajus apella,Cercopithecus mona,6,8,48,0.5330862635777254,0.5944468131760368,1.6324572921847242
Mona monkey (Cercopithecus mona),Túngara frog (Engystomops pustulosus),Mammalia,Amphibia,Primates,Anura,Cercopithecidae,Leptodactylidae,Cercopithecus,Engystomops,Cross-class,cross_class,351.686545,351686545.0,TimeTree API pairwise summaryjson,32.0,348.4,355.7,Engystomops pustulosus,Cercopithecus mona,6,3,18,0.03533518647435903,0.03534990371618451,2.546155753178947
Mona monkey (Cercopithecus mona),Vervet monkey (Chlorocebus pygerythrus),Mammalia,Mammalia,Primates,Primates,Cercopithecidae,Cercopithecidae,Cercopithecus,Chlorocebus,Mammalia,same_family,8.61071,8610710.0,TimeTree API pairwise summaryjson,5.0,7.0046,11.448,Chlorocebus pygerythrus,Cercopithecus mona,6,8,48,0.415123536482999,0.4417857298725395,0.9350389628786571
Mona monkey (Cercopithecus mona),Western Gorilla (Gorilla gorilla),Mammalia,Mammalia,Primates,Primates,Cercopithecidae,Hominidae,Cercopithecus,Gorilla,Mammalia,same_order,28.82,28820000.0,TimeTree API pairwise summaryjson,83.0,26.8,30.6,Gorilla gorilla,Cercopithecus mona,6,9,54,0.20545108031253195,0.20841727969036764,1.4596939764779706
Mona monkey (Cercopithecus mona),White-browed sparrow-weaver (Plocepasser mahali),Mammalia,Aves,Primates,Passeriformes,Cercopithecidae,Ploceidae,Cercopithecus,Plocepasser,Cross-class,cross_class,318.95,318950000.0,TimeTree API pairwise summaryjson,30.0,316.0,322.37,Plocepasser mahali,Cercopithecus mona,6,4,24,0.17673329206251687,0.17860863282976958,2.503722606486479
Mona monkey (Cercopithecus mona),Yellow baboon (Papio cynocephalus),Mammalia,Mammalia,Primates,Primates,Cercopithecidae,Cercopithecidae,Cercopithecus,Papio,Mammalia,same_family,12.32716,12327160.0,TimeTree API pairwise summaryjson,28.0,11.5,13.0889,Papio cynocephalus,Cercopithecus mona,6,7,42,0.5533887187763471,0.6232527471762275,1.0908630329301952
Mona monkey (Cercopithecus mona),Zebra finch (Taeniopygia guttata),Mammalia,Aves,Primates,Passeriformes,Cercopithecidae,Estrildidae,Cercopithecus,Taeniopygia,Cross-class,cross_class,318.95,318950000.0,TimeTree API pairwise summaryjson,30.0,316.0,322.37,Cercopithecus mona,Taeniopygia guttata,6,7,42,-0.16873570330451748,-0.17036502860351743,2.503722606486479
Mouse lemurs (Microcebus spp.),Olive baboon (Papio anubis),Mammalia,Mammalia,Primates,Primates,Cheirogaleidae,Cercopithecidae,Microcebus,Papio,Mammalia,same_order,73.75492,73754920.0,TimeTree API pairwise summaryjson,50.0,71.4,77.5,Papio anubis,Microcebus,6,14,84,0.42989520899583417,0.45976812617398866,1.867790996278425
Mouse lemurs (Microcebus spp.),Patas monkey (Erythrocebus patas),Mammalia,Mammalia,Primates,Primates,Cheirogaleidae,Cercopithecidae,Microcebus,Erythrocebus,Mammalia,same_order,73.75492,73754920.0,TimeTree API pairwise summaryjson,50.0,71.4,77.5,Microcebus,Erythrocebus patas,6,6,36,0.5137551052243186,0.5678181358638636,1.867790996278425
Mouse lemurs (Microcebus spp.),Plain-tailed wren (Pheugopedius euophrys),Mammalia,Aves,Primates,Passeriformes,Cheirogaleidae,Troglodytidae,Microcebus,Pheugopedius,Cross-class,cross_class,318.95,318950000.0,TimeTree API pairwise summaryjson,30.0,316.0,322.37,Pheugopedius euophrys,Microcebus,6,3,18,0.5857654691298921,0.6711951012213315,2.503722606486479
Mouse lemurs (Microcebus spp.),Poison dart frogs (Dendrobatidae; various genera),Mammalia,Amphibia,Primates,Anura,Cheirogaleidae,Dendrobatidae,Microcebus,,Cross-class,cross_class,351.686545,351686545.0,TimeTree API pairwise summaryjson,32.0,348.4,355.7,Dendrobatidae,Microcebus,6,2,12,-0.2650890892744929,-0.2715742715083488,2.546155753178947
Mouse lemurs (Microcebus spp.),Putty-nosed monkey (Cercopithecus nictitans),Mammalia,Mammalia,Primates,Primates,Cheirogaleidae,Cercopithecidae,Microcebus,Cercopithecus,Mammalia,same_order,73.75492,73754920.0,TimeTree API pairwise summaryjson,50.0,71.4,77.5,Microcebus,Cercopithecus nictitans,6,7,42,0.22510155803215137,0.22902352295704909,1.867790996278425
Mouse lemurs (Microcebus spp.),Red colobus (Piliocolobus spp.),Mammalia,Mammalia,Primates,Primates,Cheirogaleidae,Cercopithecidae,Microcebus,Piliocolobus,Mammalia,same_order,73.75492,73754920.0,TimeTree API pairwise summaryjson,50.0,71.4,77.5,Piliocolobus,Microcebus,6,5,30,0.4189308900740586,0.4463946364887412,1.867790996278425
Mouse lemurs (Microcebus spp.),Red-tailed monkey (Cercopithecus ascanius),Mammalia,Mammalia,Primates,Primates,Cheirogaleidae,Cercopithecidae,Microcebus,Cercopithecus,Mammalia,same_order,73.75492,73754920.0,TimeTree API pairwise summaryjson,50.0,71.4,77.5,Microcebus,Cercopithecus ascanius,6,7,42,0.36843035918368483,0.3866057123175067,1.867790996278425
Mouse lemurs (Microcebus spp.),Rhesus macaque (Macaca mulatta),Mammalia,Mammalia,Primates,Primates,Cheirogaleidae,Cercopithecidae,Microcebus,Macaca,Mammalia,same_order,73.75492,73754920.0,TimeTree API pairwise summaryjson,50.0,71.4,77.5,Macaca mulatta,Microcebus,6,8,48,0.28168922891046977,0.2895159463638253,1.867790996278425
Mouse lemurs (Microcebus spp.),Ring-tailed lemur (Lemur catta),Mammalia,Mammalia,Primates,Primates,Cheirogaleidae,Lemuridae,Microcebus,Lemur,Mammalia,same_order,36.0,36000000.0,TimeTree API pairwise summaryjson,21.0,33.0,39.33,Lemur catta,Microcebus,6,6,36,0.5482311951062476,0.6158489192324552,1.5563025007672873
Mouse lemurs (Microcebus spp.),Siamang (Symphalangus syndactylus),Mammalia,Mammalia,Primates,Primates,Cheirogaleidae,Hylobatidae,Microcebus,Symphalangus,Mammalia,same_order,73.75492,73754920.0,TimeTree API pairwise summaryjson,50.0,71.4,77.5,Symphalangus syndactylus,Microcebus,6,4,24,0.3943405088393426,0.41692944828993656,1.867790996278425
Mouse lemurs (Microcebus spp.),Spotted hyena (Crocuta crocuta),Mammalia,Mammalia,Primates,Carnivora,Cheirogaleidae,Hyaenidae,Microcebus,Crocuta,Mammalia,same_class,94.0,94000000.0,TimeTree API pairwise summaryjson,63.0,91.5,97.4,Crocuta crocuta,Microcebus,6,6,36,0.11450210596968062,0.1150064817482885,1.9731278535996986
Mouse lemurs (Microcebus spp.),Talapoin monkey (Miopithecus talapoin),Mammalia,Mammalia,Primates,Primates,Cheirogaleidae,Cercopithecidae,Microcebus,Miopithecus,Mammalia,same_order,73.75492,73754920.0,TimeTree API pairwise summaryjson,50.0,71.4,77.5,Microcebus,Miopithecus talapoin,6,7,42,0.3563771392175255,0.37272981071897987,1.867790996278425
Mouse lemurs (Microcebus spp.),Tufted capuchin (Sapajus apella),Mammalia,Mammalia,Primates,Primates,Cheirogaleidae,Cebidae,Microcebus,Sapajus,Mammalia,same_order,73.75492,73754920.0,TimeTree API pairwise summaryjson,50.0,71.4,77.5,Microcebus,Sapajus apella,6,8,48,0.45444321478910105,0.4902857693600354,1.867790996278425
Mouse lemurs (Microcebus spp.),Túngara frog (Engystomops pustulosus),Mammalia,Amphibia,Primates,Anura,Cheirogaleidae,Leptodactylidae,Microcebus,Engystomops,Cross-class,cross_class,351.686545,351686545.0,TimeTree API pairwise summaryjson,32.0,348.4,355.7,Engystomops pustulosus,Microcebus,6,3,18,0.21584652239145105,0.21929553798721105,2.546155753178947
Mouse lemurs (Microcebus spp.),Vervet monkey (Chlorocebus pygerythrus),Mammalia,Mammalia,Primates,Primates,Cheirogaleidae,Cercopithecidae,Microcebus,Chlorocebus,Mammalia,same_order,73.75492,73754920.0,TimeTree API pairwise summaryjson,50.0,71.4,77.5,Chlorocebus pygerythrus,Microcebus,6,8,48,0.29504115981463364,0.30407916943852675,1.867790996278425
Mouse lemurs (Microcebus spp.),Western Gorilla (Gorilla gorilla),Mammalia,Mammalia,Primates,Primates,Cheirogaleidae,Hominidae,Microcebus,Gorilla,Mammalia,same_order,73.75492,73754920.0,TimeTree API pairwise summaryjson,50.0,71.4,77.5,Gorilla gorilla,Microcebus,6,9,54,0.45551262107150925,0.49163433576726223,1.867790996278425
Mouse lemurs (Microcebus spp.),White-browed sparrow-weaver (Plocepasser mahali),Mammalia,Aves,Primates,Passeriformes,Cheirogaleidae,Ploceidae,Microcebus,Plocepasser,Cross-class,cross_class,318.95,318950000.0,TimeTree API pairwise summaryjson,30.0,316.0,322.37,Plocepasser mahali,Microcebus,6,4,24,0.46097223005171084,0.4985451566273335,2.503722606486479
Mouse lemurs (Microcebus spp.),Yellow baboon (Papio cynocephalus),Mammalia,Mammalia,Primates,Primates,Cheirogaleidae,Cercopithecidae,Microcebus,Papio,Mammalia,same_order,73.75492,73754920.0,TimeTree API pairwise summaryjson,50.0,71.4,77.5,Papio cynocephalus,Microcebus,6,7,42,0.3124366117078057,0.32324333550754064,1.867790996278425
Mouse lemurs (Microcebus spp.),Zebra finch (Taeniopygia guttata),Mammalia,Aves,Primates,Passeriformes,Cheirogaleidae,Estrildidae,Microcebus,Taeniopygia,Cross-class,cross_class,318.95,318950000.0,TimeTree API pairwise summaryjson,30.0,316.0,322.37,Microcebus,Taeniopygia guttata,6,7,42,-0.03428612616813798,-0.03429957053854747,2.503722606486479
Olive baboon (Papio anubis),Patas monkey (Erythrocebus patas),Mammalia,Mammalia,Primates,Primates,Cercopithecidae,Cercopithecidae,Papio,Erythrocebus,Mammalia,same_family,12.32716,12327160.0,TimeTree API pairwise summaryjson,28.0,11.5,13.0889,Papio anubis,Erythrocebus patas,14,6,84,0.5588126322136692,0.6311050108797298,1.0908630329301952
Olive baboon (Papio anubis),Plain-tailed wren (Pheugopedius euophrys),Mammalia,Aves,Primates,Passeriformes,Cercopithecidae,Troglodytidae,Papio,Pheugopedius,Cross-class,cross_class,318.95,318950000.0,TimeTree API pairwise summaryjson,30.0,316.0,322.37,Pheugopedius euophrys,Papio anubis,14,3,42,0.33285922311824606,0.34604031104986194,2.503722606486479
Olive baboon (Papio anubis),Poison dart frogs (Dendrobatidae; various genera),Mammalia,Amphibia,Primates,Anura,Cercopithecidae,Dendrobatidae,Papio,,Cross-class,cross_class,351.686545,351686545.0,TimeTree API pairwise summaryjson,32.0,348.4,355.7,Dendrobatidae,Papio anubis,14,2,28,-0.03808825901689603,-0.038106693474373086,2.546155753178947
Olive baboon (Papio anubis),Putty-nosed monkey (Cercopithecus nictitans),Mammalia,Mammalia,Primates,Primates,Cercopithecidae,Cercopithecidae,Papio,Cercopithecus,Mammalia,same_family,12.32716,12327160.0,TimeTree API pairwise summaryjson,28.0,11.5,13.0889,Papio anubis,Cercopithecus nictitans,14,7,98,0.3308983223132043,0.3438366951810981,1.0908630329301952
Olive baboon (Papio anubis),Red colobus (Piliocolobus spp.),Mammalia,Mammalia,Primates,Primates,Cercopithecidae,Cercopithecidae,Papio,Piliocolobus,Mammalia,same_family,17.755,17755000.0,TimeTree API pairwise summaryjson,29.0,15.5,19.8,Piliocolobus,Papio anubis,14,5,70,0.5472710552947745,0.6144772291970567,1.2493206766376344
Olive baboon (Papio anubis),Red-tailed monkey (Cercopithecus ascanius),Mammalia,Mammalia,Primates,Primates,Cercopithecidae,Cercopithecidae,Papio,Cercopithecus,Mammalia,same_family,12.32716,12327160.0,TimeTree API pairwise summaryjson,28.0,11.5,13.0889,Papio anubis,Cercopithecus ascanius,14,7,98,0.5095345168387729,0.5621008547413552,1.0908630329301952
Olive baboon (Papio anubis),Rhesus macaque (Macaca mulatta),Mammalia,Mammalia,Primates,Primates,Cercopithecidae,Cercopithecidae,Papio,Macaca,Mammalia,same_family,10.454,10454000.0,TimeTree API pairwise summaryjson,42.0,8.78921,11.05064,Macaca mulatta,Papio anubis,14,8,112,0.4984054575522444,0.5471823422022636,1.0192824957617317
Olive baboon (Papio anubis),Ring-tailed lemur (Lemur catta),Mammalia,Mammalia,Primates,Primates,Cercopithecidae,Lemuridae,Papio,Lemur,Mammalia,same_order,73.75492,73754920.0,TimeTree API pairwise summaryjson,50.0,71.4,77.5,Papio anubis,Lemur catta,14,6,84,0.46917373137830654,0.5090103221369655,1.867790996278425
Olive baboon (Papio anubis),Siamang (Symphalangus syndactylus),Mammalia,Mammalia,Primates,Primates,Cercopithecidae,Hylobatidae,Papio,Symphalangus,Mammalia,same_order,28.82,28820000.0,TimeTree API pairwise summaryjson,83.0,26.8,30.6,Symphalangus syndactylus,Papio anubis,14,4,56,0.0640587185339351,0.0641465569687856,1.4596939764779706
Olive baboon (Papio anubis),Spotted hyena (Crocuta crocuta),Mammalia,Mammalia,Primates,Carnivora,Cercopithecidae,Hyaenidae,Papio,Crocuta,Mammalia,same_class,94.0,94000000.0,TimeTree API pairwise summaryjson,63.0,91.5,97.4,Crocuta crocuta,Papio anubis,14,6,84,0.11998688121090469,0.1205677179699882,1.9731278535996986
Olive baboon (Papio anubis),Talapoin monkey (Miopithecus talapoin),Mammalia,Mammalia,Primates,Primates,Cercopithecidae,Cercopithecidae,Papio,Miopithecus,Mammalia,same_family,12.32716,12327160.0,TimeTree API pairwise summaryjson,28.0,11.5,13.0889,Papio anubis,Miopithecus talapoin,14,7,98,0.3712620721097887,0.3898861471110256,1.0908630329301952
Olive baboon (Papio anubis),Tufted capuchin (Sapajus apella),Mammalia,Mammalia,Primates,Primates,Cercopithecidae,Cebidae,Papio,Sapajus,Mammalia,same_order,42.9,42900000.0,TimeTree API pairwise summaryjson,68.0,40.0,44.2,Papio anubis,Sapajus apella,14,8,112,0.4212942114684266,0.4492644704290873,1.6324572921847242
Olive baboon (Papio anubis),Túngara frog (Engystomops pustulosus),Mammalia,Amphibia,Primates,Anura,Cercopithecidae,Leptodactylidae,Papio,Engystomops,Cross-class,cross_class,351.686545,351686545.0,TimeTree API pairwise summaryjson,32.0,348.4,355.7,Engystomops pustulosus,Papio anubis,14,3,42,0.13594145597701346,0.1367882684636229,2.546155753178947
Olive baboon (Papio anubis),Vervet monkey (Chlorocebus pygerythrus),Mammalia,Mammalia,Primates,Primates,Cercopithecidae,Cercopithecidae,Papio,Chlorocebus,Mammalia,same_family,12.32716,12327160.0,TimeTree API pairwise summaryjson,28.0,11.5,13.0889,Chlorocebus pygerythrus,Papio anubis,14,8,112,0.4068669263483238,0.43185084580124267,1.0908630329301952
Olive baboon (Papio anubis),Western Gorilla (Gorilla gorilla),Mammalia,Mammalia,Primates,Primates,Cercopithecidae,Hominidae,Papio,Gorilla,Mammalia,same_order,28.82,28820000.0,TimeTree API pairwise summaryjson,83.0,26.8,30.6,Gorilla gorilla,Papio anubis,14,9,126,0.2746426309576718,0.28187833631700004,1.4596939764779706
Olive baboon (Papio anubis),White-browed sparrow-weaver (Plocepasser mahali),Mammalia,Aves,Primates,Passeriformes,Cercopithecidae,Ploceidae,Papio,Plocepasser,Cross-class,cross_class,318.95,318950000.0,TimeTree API pairwise summaryjson,30.0,316.0,322.37,Plocepasser mahali,Papio anubis,14,4,56,0.16293030798146377,0.16439544764498848,2.503722606486479
Olive baboon (Papio anubis),Yellow baboon (Papio cynocephalus),Mammalia,Mammalia,Primates,Primates,Cercopithecidae,Cercopithecidae,Papio,Papio,Mammalia,same_genus,1.986615,1986615.0,TimeTree API pairwise summaryjson,4.0,0.39,7.5,Papio anubis,Papio cynocephalus,14,7,98,0.6310336807277735,0.743131944286209,0.29811371030244654
Olive baboon (Papio anubis),Zebra finch (Taeniopygia guttata),Mammalia,Aves,Primates,Passeriformes,Cercopithecidae,Estrildidae,Papio,Taeniopygia,Cross-class,cross_class,318.95,318950000.0,TimeTree API pairwise summaryjson,30.0,316.0,322.37,Papio anubis,Taeniopygia guttata,14,7,98,-0.2853144306622264,-0.29345798885665986,2.503722606486479
Patas monkey (Erythrocebus patas),Plain-tailed wren (Pheugopedius euophrys),Mammalia,Aves,Primates,Passeriformes,Cercopithecidae,Troglodytidae,Erythrocebus,Pheugopedius,Cross-class,cross_class,318.95,318950000.0,TimeTree API pairwise summaryjson,30.0,316.0,322.37,Pheugopedius euophrys,Erythrocebus patas,6,3,18,0.4858055082843805,0.5305553757799972,2.503722606486479
Patas monkey (Erythrocebus patas),Poison dart frogs (Dendrobatidae; various genera),Mammalia,Amphibia,Primates,Anura,Cercopithecidae,Dendrobatidae,Erythrocebus,,Cross-class,cross_class,351.686545,351686545.0,TimeTree API pairwise summaryjson,32.0,348.4,355.7,Dendrobatidae,Erythrocebus patas,6,2,12,-0.0991925129620105,-0.09951977059952918,2.546155753178947
Patas monkey (Erythrocebus patas),Putty-nosed monkey (Cercopithecus nictitans),Mammalia,Mammalia,Primates,Primates,Cercopithecidae,Cercopithecidae,Erythrocebus,Cercopithecus,Mammalia,same_family,8.61071,8610710.0,TimeTree API pairwise summaryjson,5.0,7.0046,11.448,Cercopithecus nictitans,Erythrocebus patas,6,7,42,0.44899340832199225,0.48343881049441906,0.9350389628786571
Patas monkey (Erythrocebus patas),Red colobus (Piliocolobus spp.),Mammalia,Mammalia,Primates,Primates,Cercopithecidae,Cercopithecidae,Erythrocebus,Piliocolobus,Mammalia,same_family,17.755,17755000.0,TimeTree API pairwise summaryjson,29.0,15.5,19.8,Piliocolobus,Erythrocebus patas,6,5,30,0.6043444581038817,0.6999632628940833,1.2493206766376344
Patas monkey (Erythrocebus patas),Red-tailed monkey (Cercopithecus ascanius),Mammalia,Mammalia,Primates,Primates,Cercopithecidae,Cercopithecidae,Erythrocebus,Cercopithecus,Mammalia,same_family,8.61071,8610710.0,TimeTree API pairwise summaryjson,5.0,7.0046,11.448,Cercopithecus ascanius,Erythrocebus patas,6,7,42,0.5174780147976366,0.5728892750619876,0.9350389628786571
Patas monkey (Erythrocebus patas),Rhesus macaque (Macaca mulatta),Mammalia,Mammalia,Primates,Primates,Cercopithecidae,Cercopithecidae,Erythrocebus,Macaca,Mammalia,same_family,12.32716,12327160.0,TimeTree API pairwise summaryjson,28.0,11.5,13.0889,Macaca mulatta,Erythrocebus patas,6,8,48,0.46862845186220436,0.5083113638628443,1.0908630329301952
Patas monkey (Erythrocebus patas),Ring-tailed lemur (Lemur catta),Mammalia,Mammalia,Primates,Primates,Cercopithecidae,Lemuridae,Erythrocebus,Lemur,Mammalia,same_order,73.75492,73754920.0,TimeTree API pairwise summaryjson,50.0,71.4,77.5,Lemur catta,Erythrocebus patas,6,6,36,0.5267617708637905,0.5856526822232011,1.867790996278425
Patas monkey (Erythrocebus patas),Siamang (Symphalangus syndactylus),Mammalia,Mammalia,Primates,Primates,Cercopithecidae,Hylobatidae,Erythrocebus,Symphalangus,Mammalia,same_order,28.82,28820000.0,TimeTree API pairwise summaryjson,83.0,26.8,30.6,Symphalangus syndactylus,Erythrocebus patas,6,4,24,0.14557205110101518,0.14661360988853678,1.4596939764779706
Patas monkey (Erythrocebus patas),Spotted hyena (Crocuta crocuta),Mammalia,Mammalia,Primates,Carnivora,Cercopithecidae,Hyaenidae,Erythrocebus,Crocuta,Mammalia,same_class,94.0,94000000.0,TimeTree API pairwise summaryjson,63.0,91.5,97.4,Crocuta crocuta,Erythrocebus patas,6,6,36,0.1496282477764827,0.15076014843208907,1.9731278535996986
Patas monkey (Erythrocebus patas),Talapoin monkey (Miopithecus talapoin),Mammalia,Mammalia,Primates,Primates,Cercopithecidae,Cercopithecidae,Erythrocebus,Miopithecus,Mammalia,same_family,8.859425,8859425.0,TimeTree API pairwise summaryjson,8.0,7.5516,12.946,Erythrocebus patas,Miopithecus talapoin,6,7,42,0.5526660332171266,0.6222116544406274,0.947405535946798
Patas monkey (Erythrocebus patas),Tufted capuchin (Sapajus apella),Mammalia,Mammalia,Primates,Primates,Cercopithecidae,Cebidae,Erythrocebus,Sapajus,Mammalia,same_order,42.9,42900000.0,TimeTree API pairwise summaryjson,68.0,40.0,44.2,Sapajus apella,Erythrocebus patas,6,8,48,0.5256439536429913,0.5841068361118819,1.6324572921847242
Patas monkey (Erythrocebus patas),Túngara frog (Engystomops pustulosus),Mammalia,Amphibia,Primates,Anura,Cercopithecidae,Leptodactylidae,Erythrocebus,Engystomops,Cross-class,cross_class,351.686545,351686545.0,TimeTree API pairwise summaryjson,32.0,348.4,355.7,Engystomops pustulosus,Erythrocebus patas,6,3,18,-0.11763788600492858,-0.1181850874823791,2.546155753178947
Patas monkey (Erythrocebus patas),Vervet monkey (Chlorocebus pygerythrus),Mammalia,Mammalia,Primates,Primates,Cercopithecidae,Cercopithecidae,Erythrocebus,Chlorocebus,Mammalia,same_family,5.5541,5554100.0,TimeTree API pairwise summaryjson,7.0,4.8,9.02845,Chlorocebus pygerythrus,Erythrocebus patas,6,8,48,0.38753648489697157,0.40889788361507684,0.744613694833976
Patas monkey (Erythrocebus patas),Western Gorilla (Gorilla gorilla),Mammalia,Mammalia,Primates,Primates,Cercopithecidae,Hominidae,Erythrocebus,Gorilla,Mammalia,same_order,28.82,28820000.0,TimeTree API pairwise summaryjson,83.0,26.8,30.6,Gorilla gorilla,Erythrocebus patas,6,9,54,0.12655560013392186,0.12723781988338057,1.4596939764779706
Patas monkey (Erythrocebus patas),White-browed sparrow-weaver (Plocepasser mahali),Mammalia,Aves,Primates,Passeriformes,Cercopithecidae,Ploceidae,Erythrocebus,Plocepasser,Cross-class,cross_class,318.95,318950000.0,TimeTree API pairwise summaryjson,30.0,316.0,322.37,Plocepasser mahali,Erythrocebus patas,6,4,24,0.36179553971268663,0.3789503275403074,2.503722606486479
Patas monkey (Erythrocebus patas),Yellow baboon (Papio cynocephalus),Mammalia,Mammalia,Primates,Primates,Cercopithecidae,Cercopithecidae,Erythrocebus,Papio,Mammalia,same_family,12.32716,12327160.0,TimeTree API pairwise summaryjson,28.0,11.5,13.0889,Papio cynocephalus,Erythrocebus patas,6,7,42,0.4779656092472258,0.5203441822089289,1.0908630329301952
Patas monkey (Erythrocebus patas),Zebra finch (Taeniopygia guttata),Mammalia,Aves,Primates,Passeriformes,Cercopithecidae,Estrildidae,Erythrocebus,Taeniopygia,Cross-class,cross_class,318.95,318950000.0,TimeTree API pairwise summaryjson,30.0,316.0,322.37,Erythrocebus patas,Taeniopygia guttata,6,7,42,-0.14370012889437822,-0.14470169048964268,2.503722606486479
Plain-tailed wren (Pheugopedius euophrys),Poison dart frogs (Dendrobatidae; various genera),Aves,Amphibia,Passeriformes,Anura,Troglodytidae,Dendrobatidae,Pheugopedius,,Cross-class,cross_class,351.686545,351686545.0,TimeTree API pairwise summaryjson,32.0,348.4,355.7,Dendrobatidae,Pheugopedius euophrys,3,2,6,0.4822464545732319,0.5259073713259935,2.546155753178947
Plain-tailed wren (Pheugopedius euophrys),Putty-nosed monkey (Cercopithecus nictitans),Aves,Mammalia,Passeriformes,Primates,Troglodytidae,Cercopithecidae,Pheugopedius,Cercopithecus,Cross-class,cross_class,318.95,318950000.0,TimeTree API pairwise summaryjson,30.0,316.0,322.37,Pheugopedius euophrys,Cercopithecus nictitans,3,7,21,0.443011691817092,0.4759717060831879,2.503722606486479
Plain-tailed wren (Pheugopedius euophrys),Red colobus (Piliocolobus spp.),Aves,Mammalia,Passeriformes,Primates,Troglodytidae,Cercopithecidae,Pheugopedius,Piliocolobus,Cross-class,cross_class,318.95,318950000.0,TimeTree API pairwise summaryjson,30.0,316.0,322.37,Pheugopedius euophrys,Piliocolobus,3,5,15,0.7358738157027022,0.9414196229967683,2.503722606486479
Plain-tailed wren (Pheugopedius euophrys),Red-tailed monkey (Cercopithecus ascanius),Aves,Mammalia,Passeriformes,Primates,Troglodytidae,Cercopithecidae,Pheugopedius,Cercopithecus,Cross-class,cross_class,318.95,318950000.0,TimeTree API pairwise summaryjson,30.0,316.0,322.37,Pheugopedius euophrys,Cercopithecus ascanius,3,7,21,0.46881827375190493,0.5085546321933004,2.503722606486479
Plain-tailed wren (Pheugopedius euophrys),Rhesus macaque (Macaca mulatta),Aves,Mammalia,Passeriformes,Primates,Troglodytidae,Cercopithecidae,Pheugopedius,Macaca,Cross-class,cross_class,318.95,318950000.0,TimeTree API pairwise summaryjson,30.0,316.0,322.37,Pheugopedius euophrys,Macaca mulatta,3,8,24,0.245028044757279,0.2501163656846629,2.503722606486479
Plain-tailed wren (Pheugopedius euophrys),Ring-tailed lemur (Lemur catta),Aves,Mammalia,Passeriformes,Primates,Troglodytidae,Lemuridae,Pheugopedius,Lemur,Cross-class,cross_class,318.95,318950000.0,TimeTree API pairwise summaryjson,30.0,316.0,322.37,Pheugopedius euophrys,Lemur catta,3,6,18,0.3291675107146603,0.34189431551479743,2.503722606486479
Plain-tailed wren (Pheugopedius euophrys),Siamang (Symphalangus syndactylus),Aves,Mammalia,Passeriformes,Primates,Troglodytidae,Hylobatidae,Pheugopedius,Symphalangus,Cross-class,cross_class,318.95,318950000.0,TimeTree API pairwise summaryjson,30.0,316.0,322.37,Pheugopedius euophrys,Symphalangus syndactylus,3,4,12,0.789162177600381,1.069206754167223,2.503722606486479
Plain-tailed wren (Pheugopedius euophrys),Spotted hyena (Crocuta crocuta),Aves,Mammalia,Passeriformes,Carnivora,Troglodytidae,Hyaenidae,Pheugopedius,Crocuta,Cross-class,cross_class,318.95,318950000.0,TimeTree API pairwise summaryjson,30.0,316.0,322.37,Crocuta crocuta,Pheugopedius euophrys,3,6,18,0.39864710153190497,0.4220393723256819,2.503722606486479
Plain-tailed wren (Pheugopedius euophrys),Talapoin monkey (Miopithecus talapoin),Aves,Mammalia,Passeriformes,Primates,Troglodytidae,Cercopithecidae,Pheugopedius,Miopithecus,Cross-class,cross_class,318.95,318950000.0,TimeTree API pairwise summaryjson,30.0,316.0,322.37,Pheugopedius euophrys,Miopithecus talapoin,3,7,21,0.5091991355996676,0.5616479706469587,2.503722606486479
Plain-tailed wren (Pheugopedius euophrys),Tufted capuchin (Sapajus apella),Aves,Mammalia,Passeriformes,Primates,Troglodytidae,Cebidae,Pheugopedius,Sapajus,Cross-class,cross_class,318.95,318950000.0,TimeTree API pairwise summaryjson,30.0,316.0,322.37,Pheugopedius euophrys,Sapajus apella,3,8,24,0.12038495456654029,0.12097162563813131,2.503722606486479
Plain-tailed wren (Pheugopedius euophrys),Túngara frog (Engystomops pustulosus),Aves,Amphibia,Passeriformes,Anura,Troglodytidae,Leptodactylidae,Pheugopedius,Engystomops,Cross-class,cross_class,351.686545,351686545.0,TimeTree API pairwise summaryjson,32.0,348.4,355.7,Engystomops pustulosus,Pheugopedius euophrys,3,3,9,0.048242489670174596,0.0482799675417241,2.546155753178947
Plain-tailed wren (Pheugopedius euophrys),Vervet monkey (Chlorocebus pygerythrus),Aves,Mammalia,Passeriformes,Primates,Troglodytidae,Cercopithecidae,Pheugopedius,Chlorocebus,Cross-class,cross_class,318.95,318950000.0,TimeTree API pairwise summaryjson,30.0,316.0,322.37,Pheugopedius euophrys,Chlorocebus pygerythrus,3,8,24,0.220762193555641,0.22445721037684938,2.503722606486479
Plain-tailed wren (Pheugopedius euophrys),Western Gorilla (Gorilla gorilla),Aves,Mammalia,Passeriformes,Primates,Troglodytidae,Hominidae,Pheugopedius,Gorilla,Cross-class,cross_class,318.95,318950000.0,TimeTree API pairwise summaryjson,30.0,316.0,322.37,Pheugopedius euophrys,Gorilla gorilla,3,9,27,0.5806868304077767,0.6634983360759434,2.503722606486479
Plain-tailed wren (Pheugopedius euophrys),White-browed sparrow-weaver (Plocepasser mahali),Aves,Aves,Passeriformes,Passeriformes,Troglodytidae,Ploceidae,Pheugopedius,Plocepasser,Aves,same_order,35.99253,35992530.0,TimeTree API pairwise summaryjson,7.0,21.364678,72.0,Pheugopedius euophrys,Plocepasser mahali,3,4,12,0.31865088421866594,0.3301448045318302,1.556212375311453
Plain-tailed wren (Pheugopedius euophrys),Yellow baboon (Papio cynocephalus),Aves,Mammalia,Passeriformes,Primates,Troglodytidae,Cercopithecidae,Pheugopedius,Papio,Cross-class,cross_class,318.95,318950000.0,TimeTree API pairwise summaryjson,30.0,316.0,322.37,Pheugopedius euophrys,Papio cynocephalus,3,7,21,0.39109168091878005,0.41308819341657915,2.503722606486479
Plain-tailed wren (Pheugopedius euophrys),Zebra finch (Taeniopygia guttata),Aves,Aves,Passeriformes,Passeriformes,Troglodytidae,Estrildidae,Pheugopedius,Taeniopygia,Aves,same_order,35.99253,35992530.0,TimeTree API pairwise summaryjson,7.0,21.364678,72.0,Pheugopedius euophrys,Taeniopygia guttata,3,7,21,0.4513924857401938,0.48644771700773676,1.556212375311453
Poison dart frogs (Dendrobatidae; various genera),Putty-nosed monkey (Cercopithecus nictitans),Amphibia,Mammalia,Anura,Primates,Dendrobatidae,Cercopithecidae,,Cercopithecus,Cross-class,cross_class,351.686545,351686545.0,TimeTree API pairwise summaryjson,32.0,348.4,355.7,Dendrobatidae,Cercopithecus nictitans,2,7,14,-0.3705673742822097,-0.38908062769631535,2.546155753178947
Poison dart frogs (Dendrobatidae; various genera),Red colobus (Piliocolobus spp.),Amphibia,Mammalia,Anura,Primates,Dendrobatidae,Cercopithecidae,,Piliocolobus,Cross-class,cross_class,351.686545,351686545.0,TimeTree API pairwise summaryjson,32.0,348.4,355.7,Dendrobatidae,Piliocolobus,2,5,10,0.29685616677336274,0.306068405620012,2.546155753178947
Poison dart frogs (Dendrobatidae; various genera),Red-tailed monkey (Cercopithecus ascanius),Amphibia,Mammalia,Anura,Primates,Dendrobatidae,Cercopithecidae,,Cercopithecus,Cross-class,cross_class,351.686545,351686545.0,TimeTree API pairwise summaryjson,32.0,348.4,355.7,Dendrobatidae,Cercopithecus ascanius,2,7,14,0.00673876983316092,0.006738871840741634,2.546155753178947
Poison dart frogs (Dendrobatidae; various genera),Rhesus macaque (Macaca mulatta),Amphibia,Mammalia,Anura,Primates,Dendrobatidae,Cercopithecidae,,Macaca,Cross-class,cross_class,351.686545,351686545.0,TimeTree API pairwise summaryjson,32.0,348.4,355.7,Dendrobatidae,Macaca mulatta,2,8,16,-0.20309579513419068,-0.2059594330443775,2.546155753178947
Poison dart frogs (Dendrobatidae; various genera),Ring-tailed lemur (Lemur catta),Amphibia,Mammalia,Anura,Primates,Dendrobatidae,Lemuridae,,Lemur,Cross-class,cross_class,351.686545,351686545.0,TimeTree API pairwise summaryjson,32.0,348.4,355.7,Dendrobatidae,Lemur catta,2,6,12,-0.28307662456052735,-0.2910235595954833,2.546155753178947
Poison dart frogs (Dendrobatidae; various genera),Siamang (Symphalangus syndactylus),Amphibia,Mammalia,Anura,Primates,Dendrobatidae,Hylobatidae,,Symphalangus,Cross-class,cross_class,351.686545,351686545.0,TimeTree API pairwise summaryjson,32.0,348.4,355.7,Dendrobatidae,Symphalangus syndactylus,2,4,8,0.6314097181467284,0.7437570489591825,2.546155753178947
Poison dart frogs (Dendrobatidae; various genera),Spotted hyena (Crocuta crocuta),Amphibia,Mammalia,Anura,Carnivora,Dendrobatidae,Hyaenidae,,Crocuta,Cross-class,cross_class,351.686545,351686545.0,TimeTree API pairwise summaryjson,32.0,348.4,355.7,Crocuta crocuta,Dendrobatidae,2,6,12,-0.28633623768037225,-0.29457070020799664,2.546155753178947
Poison dart frogs (Dendrobatidae; various genera),Talapoin monkey (Miopithecus talapoin),Amphibia,Mammalia,Anura,Primates,Dendrobatidae,Cercopithecidae,,Miopithecus,Cross-class,cross_class,351.686545,351686545.0,TimeTree API pairwise summaryjson,32.0,348.4,355.7,Dendrobatidae,Miopithecus talapoin,2,7,14,0.04142815792464412,0.04145188330364003,2.546155753178947
Poison dart frogs (Dendrobatidae; various genera),Tufted capuchin (Sapajus apella),Amphibia,Mammalia,Anura,Primates,Dendrobatidae,Cebidae,,Sapajus,Cross-class,cross_class,351.686545,351686545.0,TimeTree API pairwise summaryjson,32.0,348.4,355.7,Dendrobatidae,Sapajus apella,2,8,16,-0.1431698830004215,-0.14416030636092075,2.546155753178947
Poison dart frogs (Dendrobatidae; various genera),Túngara frog (Engystomops pustulosus),Amphibia,Amphibia,Anura,Anura,Dendrobatidae,Leptodactylidae,,Engystomops,Amphibia,same_order,64.82355,64823550.0,TimeTree API pairwise summaryjson,5.0,59.7,130.0,Dendrobatidae,Engystomops pustulosus,2,3,6,0.6872183822226622,0.8426656419816353,1.8117328110712896
Poison dart frogs (Dendrobatidae; various genera),Vervet monkey (Chlorocebus pygerythrus),Amphibia,Mammalia,Anura,Primates,Dendrobatidae,Cercopithecidae,,Chlorocebus,Cross-class,cross_class,351.686545,351686545.0,TimeTree API pairwise summaryjson,32.0,348.4,355.7,Dendrobatidae,Chlorocebus pygerythrus,2,8,16,-0.09142002865945283,-0.09167599813832346,2.546155753178947
Poison dart frogs (Dendrobatidae; various genera),Western Gorilla (Gorilla gorilla),Amphibia,Mammalia,Anura,Primates,Dendrobatidae,Hominidae,,Gorilla,Cross-class,cross_class,351.686545,351686545.0,TimeTree API pairwise summaryjson,32.0,348.4,355.7,Dendrobatidae,Gorilla gorilla,2,9,18,0.10865172175596383,0.10908232757468414,2.546155753178947
Poison dart frogs (Dendrobatidae; various genera),White-browed sparrow-weaver (Plocepasser mahali),Amphibia,Aves,Anura,Passeriformes,Dendrobatidae,Ploceidae,,Plocepasser,Cross-class,cross_class,351.686545,351686545.0,TimeTree API pairwise summaryjson,32.0,348.4,355.7,Dendrobatidae,Plocepasser mahali,2,4,8,-0.06444687348999775,-0.06453632104031096,2.546155753178947
Poison dart frogs (Dendrobatidae; various genera),Yellow baboon (Papio cynocephalus),Amphibia,Mammalia,Anura,Primates,Dendrobatidae,Cercopithecidae,,Papio,Cross-class,cross_class,351.686545,351686545.0,TimeTree API pairwise summaryjson,32.0,348.4,355.7,Dendrobatidae,Papio cynocephalus,2,7,14,-0.08121832943278189,-0.08139762291025043,2.546155753178947
Poison dart frogs (Dendrobatidae; various genera),Zebra finch (Taeniopygia guttata),Amphibia,Aves,Anura,Passeriformes,Dendrobatidae,Estrildidae,,Taeniopygia,Cross-class,cross_class,351.686545,351686545.0,TimeTree API pairwise summaryjson,32.0,348.4,355.7,Dendrobatidae,Taeniopygia guttata,2,7,14,-0.11963161263870824,-0.12020727551057066,2.546155753178947
Putty-nosed monkey (Cercopithecus nictitans),Red colobus (Piliocolobus spp.),Mammalia,Mammalia,Primates,Primates,Cercopithecidae,Cercopithecidae,Cercopithecus,Piliocolobus,Mammalia,same_family,17.755,17755000.0,TimeTree API pairwise summaryjson,29.0,15.5,19.8,Piliocolobus,Cercopithecus nictitans,7,5,35,0.2962199319229431,0.3053708295111023,1.2493206766376344
Putty-nosed monkey (Cercopithecus nictitans),Red-tailed monkey (Cercopithecus ascanius),Mammalia,Mammalia,Primates,Primates,Cercopithecidae,Cercopithecidae,Cercopithecus,Cercopithecus,Mammalia,same_genus,5.318425,5318425.0,TimeTree API pairwise summaryjson,6.0,3.95332,10.2,Cercopithecus nictitans,Cercopithecus ascanius,7,7,49,0.4250620149037141,0.45385421400602394,0.7257830392347042
Putty-nosed monkey (Cercopithecus nictitans),Rhesus macaque (Macaca mulatta),Mammalia,Mammalia,Primates,Primates,Cercopithecidae,Cercopithecidae,Cercopithecus,Macaca,Mammalia,same_family,12.32716,12327160.0,TimeTree API pairwise summaryjson,28.0,11.5,13.0889,Macaca mulatta,Cercopithecus nictitans,7,8,56,0.3386446017349108,0.35256076343380205,1.0908630329301952
Putty-nosed monkey (Cercopithecus nictitans),Ring-tailed lemur (Lemur catta),Mammalia,Mammalia,Primates,Primates,Cercopithecidae,Lemuridae,Cercopithecus,Lemur,Mammalia,same_order,73.75492,73754920.0,TimeTree API pairwise summaryjson,50.0,71.4,77.5,Lemur catta,Cercopithecus nictitans,7,6,42,0.42272340764519467,0.4510033460057019,1.867790996278425
Putty-nosed monkey (Cercopithecus nictitans),Siamang (Symphalangus syndactylus),Mammalia,Mammalia,Primates,Primates,Cercopithecidae,Hylobatidae,Cercopithecus,Symphalangus,Mammalia,same_order,28.82,28820000.0,TimeTree API pairwise summaryjson,83.0,26.8,30.6,Symphalangus syndactylus,Cercopithecus nictitans,7,4,28,-0.11773952862980805,-0.11828815769491882,1.4596939764779706
Putty-nosed monkey (Cercopithecus nictitans),Spotted hyena (Crocuta crocuta),Mammalia,Mammalia,Primates,Carnivora,Cercopithecidae,Hyaenidae,Cercopithecus,Crocuta,Mammalia,same_class,94.0,94000000.0,TimeTree API pairwise summaryjson,63.0,91.5,97.4,Crocuta crocuta,Cercopithecus nictitans,7,6,42,0.059865690218374276,0.05993736196660532,1.9731278535996986
Putty-nosed monkey (Cercopithecus nictitans),Talapoin monkey (Miopithecus talapoin),Mammalia,Mammalia,Primates,Primates,Cercopithecidae,Cercopithecidae,Cercopithecus,Miopithecus,Mammalia,same_family,8.859425,8859425.0,TimeTree API pairwise summaryjson,8.0,7.5516,12.946,Cercopithecus nictitans,Miopithecus talapoin,7,7,49,0.3393380968479437,0.35334429864955935,0.947405535946798
Putty-nosed monkey (Cercopithecus nictitans),Tufted capuchin (Sapajus apella),Mammalia,Mammalia,Primates,Primates,Cercopithecidae,Cebidae,Cercopithecus,Sapajus,Mammalia,same_order,42.9,42900000.0,TimeTree API pairwise summaryjson,68.0,40.0,44.2,Sapajus apella,Cercopithecus nictitans,7,8,56,0.28952768612748303,0.29805065792666274,1.6324572921847242
Putty-nosed monkey (Cercopithecus nictitans),Túngara frog (Engystomops pustulosus),Mammalia,Amphibia,Primates,Anura,Cercopithecidae,Leptodactylidae,Cercopithecus,Engystomops,Cross-class,cross_class,351.686545,351686545.0,TimeTree API pairwise summaryjson,32.0,348.4,355.7,Engystomops pustulosus,Cercopithecus nictitans,7,3,21,-0.25245726394341,-0.25803561808009434,2.546155753178947
Putty-nosed monkey (Cercopithecus nictitans),Vervet monkey (Chlorocebus pygerythrus),Mammalia,Mammalia,Primates,Primates,Cercopithecidae,Cercopithecidae,Cercopithecus,Chlorocebus,Mammalia,same_family,8.61071,8610710.0,TimeTree API pairwise summaryjson,5.0,7.0046,11.448,Chlorocebus pygerythrus,Cercopithecus nictitans,7,8,56,0.3238007026304723,0.3358871736330239,0.9350389628786571
Putty-nosed monkey (Cercopithecus nictitans),Western Gorilla (Gorilla gorilla),Mammalia,Mammalia,Primates,Primates,Cercopithecidae,Hominidae,Cercopithecus,Gorilla,Mammalia,same_order,28.82,28820000.0,TimeTree API pairwise summaryjson,83.0,26.8,30.6,Gorilla gorilla,Cercopithecus nictitans,7,9,63,0.04210245161187232,0.042127355269870805,1.4596939764779706
Putty-nosed monkey (Cercopithecus nictitans),White-browed sparrow-weaver (Plocepasser mahali),Mammalia,Aves,Primates,Passeriformes,Cercopithecidae,Ploceidae,Cercopithecus,Plocepasser,Cross-class,cross_class,318.95,318950000.0,TimeTree API pairwise summaryjson,30.0,316.0,322.37,Plocepasser mahali,Cercopithecus nictitans,7,4,28,0.18365767093019242,0.18576542822369885,2.503722606486479
Putty-nosed monkey (Cercopithecus nictitans),Yellow baboon (Papio cynocephalus),Mammalia,Mammalia,Primates,Primates,Cercopithecidae,Cercopithecidae,Cercopithecus,Papio,Mammalia,same_family,12.32716,12327160.0,TimeTree API pairwise summaryjson,28.0,11.5,13.0889,Papio cynocephalus,Cercopithecus nictitans,7,7,49,0.2571688786697912,0.2630744121082662,1.0908630329301952
Putty-nosed monkey (Cercopithecus nictitans),Zebra finch (Taeniopygia guttata),Mammalia,Aves,Primates,Passeriformes,Cercopithecidae,Estrildidae,Cercopithecus,Taeniopygia,Cross-class,cross_class,318.95,318950000.0,TimeTree API pairwise summaryjson,30.0,316.0,322.37,Cercopithecus nictitans,Taeniopygia guttata,7,7,49,0.022211789601406393,0.022215443512564832,2.503722606486479
Red colobus (Piliocolobus spp.),Red-tailed monkey (Cercopithecus ascanius),Mammalia,Mammalia,Primates,Primates,Cercopithecidae,Cercopithecidae,Piliocolobus,Cercopithecus,Mammalia,same_family,17.755,17755000.0,TimeTree API pairwise summaryjson,29.0,15.5,19.8,Piliocolobus,Cercopithecus ascanius,5,7,35,0.5229332095255165,0.5803684971708244,1.2493206766376344
Red colobus (Piliocolobus spp.),Rhesus macaque (Macaca mulatta),Mammalia,Mammalia,Primates,Primates,Cercopithecidae,Cercopithecidae,Piliocolobus,Macaca,Mammalia,same_family,17.755,17755000.0,TimeTree API pairwise summaryjson,29.0,15.5,19.8,Piliocolobus,Macaca mulatta,5,8,40,0.4920557361128987,0.5387692059542574,1.2493206766376344
Red colobus (Piliocolobus spp.),Ring-tailed lemur (Lemur catta),Mammalia,Mammalia,Primates,Primates,Cercopithecidae,Lemuridae,Piliocolobus,Lemur,Mammalia,same_order,73.75492,73754920.0,TimeTree API pairwise summaryjson,50.0,71.4,77.5,Piliocolobus,Lemur catta,5,6,30,0.5865145495811943,0.6723362272077716,1.867790996278425
Red colobus (Piliocolobus spp.),Siamang (Symphalangus syndactylus),Mammalia,Mammalia,Primates,Primates,Cercopithecidae,Hylobatidae,Piliocolobus,Symphalangus,Mammalia,same_order,28.82,28820000.0,TimeTree API pairwise summaryjson,83.0,26.8,30.6,Piliocolobus,Symphalangus syndactylus,5,4,20,0.37454353705220894,0.3936976290243058,1.4596939764779706
Red colobus (Piliocolobus spp.),Spotted hyena (Crocuta crocuta),Mammalia,Mammalia,Primates,Carnivora,Cercopithecidae,Hyaenidae,Piliocolobus,Crocuta,Mammalia,same_class,94.0,94000000.0,TimeTree API pairwise summaryjson,63.0,91.5,97.4,Crocuta crocuta,Piliocolobus,5,6,30,0.35487419933975295,0.37100927481336854,1.9731278535996986
Red colobus (Piliocolobus spp.),Talapoin monkey (Miopithecus talapoin),Mammalia,Mammalia,Primates,Primates,Cercopithecidae,Cercopithecidae,Piliocolobus,Miopithecus,Mammalia,same_family,17.755,17755000.0,TimeTree API pairwise summaryjson,29.0,15.5,19.8,Piliocolobus,Miopithecus talapoin,5,7,35,0.5689456365229951,0.6459624440691302,1.2493206766376344
Red colobus (Piliocolobus spp.),Tufted capuchin (Sapajus apella),Mammalia,Mammalia,Primates,Primates,Cercopithecidae,Cebidae,Piliocolobus,Sapajus,Mammalia,same_order,42.9,42900000.0,TimeTree API pairwise summaryjson,68.0,40.0,44.2,Piliocolobus,Sapajus apella,5,8,40,0.4651216101086131,0.5038270579378955,1.6324572921847242
Red colobus (Piliocolobus spp.),Túngara frog (Engystomops pustulosus),Mammalia,Amphibia,Primates,Anura,Cercopithecidae,Leptodactylidae,Piliocolobus,Engystomops,Cross-class,cross_class,351.686545,351686545.0,TimeTree API pairwise summaryjson,32.0,348.4,355.7,Engystomops pustulosus,Piliocolobus,5,3,15,0.282090894603736,0.2899522843576686,2.546155753178947
Red colobus (Piliocolobus spp.),Vervet monkey (Chlorocebus pygerythrus),Mammalia,Mammalia,Primates,Primates,Cercopithecidae,Cercopithecidae,Piliocolobus,Chlorocebus,Mammalia,same_family,17.755,17755000.0,TimeTree API pairwise summaryjson,29.0,15.5,19.8,Piliocolobus,Chlorocebus pygerythrus,5,8,40,0.44585593767923104,0.47951603818082816,1.2493206766376344
Red colobus (Piliocolobus spp.),Western Gorilla (Gorilla gorilla),Mammalia,Mammalia,Primates,Primates,Cercopithecidae,Hominidae,Piliocolobus,Gorilla,Mammalia,same_order,28.82,28820000.0,TimeTree API pairwise summaryjson,83.0,26.8,30.6,Piliocolobus,Gorilla gorilla,5,9,45,0.4265731334028854,0.455700014906225,1.4596939764779706
Red colobus (Piliocolobus spp.),White-browed sparrow-weaver (Plocepasser mahali),Mammalia,Aves,Primates,Passeriformes,Cercopithecidae,Ploceidae,Piliocolobus,Plocepasser,Cross-class,cross_class,318.95,318950000.0,TimeTree API pairwise summaryjson,30.0,316.0,322.37,Plocepasser mahali,Piliocolobus,5,4,20,0.45756169298651905,0.49422294306060943,2.503722606486479
Red colobus (Piliocolobus spp.),Yellow baboon (Papio cynocephalus),Mammalia,Mammalia,Primates,Primates,Cercopithecidae,Cercopithecidae,Piliocolobus,Papio,Mammalia,same_family,17.755,17755000.0,TimeTree API pairwise summaryjson,29.0,15.5,19.8,Piliocolobus,Papio cynocephalus,5,7,35,0.5290229556088002,0.5887874322446117,1.2493206766376344
Red colobus (Piliocolobus spp.),Zebra finch (Taeniopygia guttata),Mammalia,Aves,Primates,Passeriformes,Cercopithecidae,Estrildidae,Piliocolobus,Taeniopygia,Cross-class,cross_class,318.95,318950000.0,TimeTree API pairwise summaryjson,30.0,316.0,322.37,Piliocolobus,Taeniopygia guttata,5,7,35,0.1222871842029663,0.12290227983545068,2.503722606486479
Red-tailed monkey (Cercopithecus ascanius),Rhesus macaque (Macaca mulatta),Mammalia,Mammalia,Primates,Primates,Cercopithecidae,Cercopithecidae,Cercopithecus,Macaca,Mammalia,same_family,12.32716,12327160.0,TimeTree API pairwise summaryjson,28.0,11.5,13.0889,Macaca mulatta,Cercopithecus ascanius,7,8,56,0.4739521440270543,0.5151552079735512,1.0908630329301952
Red-tailed monkey (Cercopithecus ascanius),Ring-tailed lemur (Lemur catta),Mammalia,Mammalia,Primates,Primates,Cercopithecidae,Lemuridae,Cercopithecus,Lemur,Mammalia,same_order,73.75492,73754920.0,TimeTree API pairwise summaryjson,50.0,71.4,77.5,Lemur catta,Cercopithecus ascanius,7,6,42,0.537090716224825,0.6000578299477488,1.867790996278425
Red-tailed monkey (Cercopithecus ascanius),Siamang (Symphalangus syndactylus),Mammalia,Mammalia,Primates,Primates,Cercopithecidae,Hylobatidae,Cercopithecus,Symphalangus,Mammalia,same_order,28.82,28820000.0,TimeTree API pairwise summaryjson,83.0,26.8,30.6,Symphalangus syndactylus,Cercopithecus ascanius,7,4,28,0.43328005756825455,0.46392779508567034,1.4596939764779706
Red-tailed monkey (Cercopithecus ascanius),Spotted hyena (Crocuta crocuta),Mammalia,Mammalia,Primates,Carnivora,Cercopithecidae,Hyaenidae,Cercopithecus,Crocuta,Mammalia,same_class,94.0,94000000.0,TimeTree API pairwise summaryjson,63.0,91.5,97.4,Crocuta crocuta,Cercopithecus ascanius,7,6,42,0.27981075134911526,0.28747673632671494,1.9731278535996986
Red-tailed monkey (Cercopithecus ascanius),Talapoin monkey (Miopithecus talapoin),Mammalia,Mammalia,Primates,Primates,Cercopithecidae,Cercopithecidae,Cercopithecus,Miopithecus,Mammalia,same_family,8.859425,8859425.0,TimeTree API pairwise summaryjson,8.0,7.5516,12.946,Cercopithecus ascanius,Miopithecus talapoin,7,7,49,0.5087990584569794,0.5611079970957233,0.947405535946798
Red-tailed monkey (Cercopithecus ascanius),Tufted capuchin (Sapajus apella),Mammalia,Mammalia,Primates,Primates,Cercopithecidae,Cebidae,Cercopithecus,Sapajus,Mammalia,same_order,42.9,42900000.0,TimeTree API pairwise summaryjson,68.0,40.0,44.2,Sapajus apella,Cercopithecus ascanius,7,8,56,0.4648565944171167,0.5034889350469396,1.6324572921847242
Red-tailed monkey (Cercopithecus ascanius),Túngara frog (Engystomops pustulosus),Mammalia,Amphibia,Primates,Anura,Cercopithecidae,Leptodactylidae,Cercopithecus,Engystomops,Cross-class,cross_class,351.686545,351686545.0,TimeTree API pairwise summaryjson,32.0,348.4,355.7,Engystomops pustulosus,Cercopithecus ascanius,7,3,21,0.16323715376019976,0.1647106773718859,2.546155753178947
Red-tailed monkey (Cercopithecus ascanius),Vervet monkey (Chlorocebus pygerythrus),Mammalia,Mammalia,Primates,Primates,Cercopithecidae,Cercopithecidae,Cercopithecus,Chlorocebus,Mammalia,same_family,8.61071,8610710.0,TimeTree API pairwise summaryjson,5.0,7.0046,11.448,Chlorocebus pygerythrus,Cercopithecus ascanius,7,8,56,0.28790992091732687,0.29628577403374173,0.9350389628786571
Red-tailed monkey (Cercopithecus ascanius),Western Gorilla (Gorilla gorilla),Mammalia,Mammalia,Primates,Primates,Cercopithecidae,Hominidae,Cercopithecus,Gorilla,Mammalia,same_order,28.82,28820000.0,TimeTree API pairwise summaryjson,83.0,26.8,30.6,Gorilla gorilla,Cercopithecus ascanius,7,9,63,0.3478299943877091,0.3629729469265092,1.4596939764779706
Red-tailed monkey (Cercopithecus ascanius),White-browed sparrow-weaver (Plocepasser mahali),Mammalia,Aves,Primates,Passeriformes,Cercopithecidae,Ploceidae,Cercopithecus,Plocepasser,Cross-class,cross_class,318.95,318950000.0,TimeTree API pairwise summaryjson,30.0,316.0,322.37,Plocepasser mahali,Cercopithecus ascanius,7,4,28,0.25773688099119185,0.2636827353209252,2.503722606486479
Red-tailed monkey (Cercopithecus ascanius),Yellow baboon (Papio cynocephalus),Mammalia,Mammalia,Primates,Primates,Cercopithecidae,Cercopithecidae,Cercopithecus,Papio,Mammalia,same_family,12.32716,12327160.0,TimeTree API pairwise summaryjson,28.0,11.5,13.0889,Papio cynocephalus,Cercopithecus ascanius,7,7,49,0.4891777212553842,0.5349788215364054,1.0908630329301952
Red-tailed monkey (Cercopithecus ascanius),Zebra finch (Taeniopygia guttata),Mammalia,Aves,Primates,Passeriformes,Cercopithecidae,Estrildidae,Cercopithecus,Taeniopygia,Cross-class,cross_class,318.95,318950000.0,TimeTree API pairwise summaryjson,30.0,316.0,322.37,Cercopithecus ascanius,Taeniopygia guttata,7,7,49,0.12032155877496588,0.120907298067698,2.503722606486479
Rhesus macaque (Macaca mulatta),Ring-tailed lemur (Lemur catta),Mammalia,Mammalia,Primates,Primates,Cercopithecidae,Lemuridae,Macaca,Lemur,Mammalia,same_order,73.75492,73754920.0,TimeTree API pairwise summaryjson,50.0,71.4,77.5,Macaca mulatta,Lemur catta,8,6,48,0.3277344702897477,0.3402879834987296,1.867790996278425
Rhesus macaque (Macaca mulatta),Siamang (Symphalangus syndactylus),Mammalia,Mammalia,Primates,Primates,Cercopithecidae,Hylobatidae,Macaca,Symphalangus,Mammalia,same_order,28.82,28820000.0,TimeTree API pairwise summaryjson,83.0,26.8,30.6,Symphalangus syndactylus,Macaca mulatta,8,4,32,0.1964678837265788,0.19905595514426527,1.4596939764779706
Rhesus macaque (Macaca mulatta),Spotted hyena (Crocuta crocuta),Mammalia,Mammalia,Primates,Carnivora,Cercopithecidae,Hyaenidae,Macaca,Crocuta,Mammalia,same_class,94.0,94000000.0,TimeTree API pairwise summaryjson,63.0,91.5,97.4,Crocuta crocuta,Macaca mulatta,8,6,48,0.0780893353310815,0.07824864676079712,1.9731278535996986
Rhesus macaque (Macaca mulatta),Talapoin monkey (Miopithecus talapoin),Mammalia,Mammalia,Primates,Primates,Cercopithecidae,Cercopithecidae,Macaca,Miopithecus,Mammalia,same_family,12.32716,12327160.0,TimeTree API pairwise summaryjson,28.0,11.5,13.0889,Macaca mulatta,Miopithecus talapoin,8,7,56,0.25389449550603077,0.2595712830743174,1.0908630329301952
Rhesus macaque (Macaca mulatta),Tufted capuchin (Sapajus apella),Mammalia,Mammalia,Primates,Primates,Cercopithecidae,Cebidae,Macaca,Sapajus,Mammalia,same_order,42.9,42900000.0,TimeTree API pairwise summaryjson,68.0,40.0,44.2,Macaca mulatta,Sapajus apella,8,8,64,0.41449387266734544,0.44102520540988405,1.6324572921847242
Rhesus macaque (Macaca mulatta),Túngara frog (Engystomops pustulosus),Mammalia,Amphibia,Primates,Anura,Cercopithecidae,Leptodactylidae,Macaca,Engystomops,Cross-class,cross_class,351.686545,351686545.0,TimeTree API pairwise summaryjson,32.0,348.4,355.7,Engystomops pustulosus,Macaca mulatta,8,3,24,0.11265779647111536,0.11313806840296463,2.546155753178947
Rhesus macaque (Macaca mulatta),Vervet monkey (Chlorocebus pygerythrus),Mammalia,Mammalia,Primates,Primates,Cercopithecidae,Cercopithecidae,Macaca,Chlorocebus,Mammalia,same_family,12.32716,12327160.0,TimeTree API pairwise summaryjson,28.0,11.5,13.0889,Macaca mulatta,Chlorocebus pygerythrus,8,8,64,0.24752114073093634,0.25277043586300046,1.0908630329301952
Rhesus macaque (Macaca mulatta),Western Gorilla (Gorilla gorilla),Mammalia,Mammalia,Primates,Primates,Cercopithecidae,Hominidae,Macaca,Gorilla,Mammalia,same_order,28.82,28820000.0,TimeTree API pairwise summaryjson,83.0,26.8,30.6,Gorilla gorilla,Macaca mulatta,8,9,72,0.19177291835017177,0.1941771320275283,1.4596939764779706
Rhesus macaque (Macaca mulatta),White-browed sparrow-weaver (Plocepasser mahali),Mammalia,Aves,Primates,Passeriformes,Cercopithecidae,Ploceidae,Macaca,Plocepasser,Cross-class,cross_class,318.95,318950000.0,TimeTree API pairwise summaryjson,30.0,316.0,322.37,Plocepasser mahali,Macaca mulatta,8,4,32,0.2146737609982714,0.21806579385986377,2.503722606486479
Rhesus macaque (Macaca mulatta),Yellow baboon (Papio cynocephalus),Mammalia,Mammalia,Primates,Primates,Cercopithecidae,Cercopithecidae,Macaca,Papio,Mammalia,same_family,10.454,10454000.0,TimeTree API pairwise summaryjson,42.0,8.78921,11.05064,Macaca mulatta,Papio cynocephalus,8,7,56,0.5189550686178536,0.5749086221991095,1.0192824957617317
Rhesus macaque (Macaca mulatta),Zebra finch (Taeniopygia guttata),Mammalia,Aves,Primates,Passeriformes,Cercopithecidae,Estrildidae,Macaca,Taeniopygia,Cross-class,cross_class,318.95,318950000.0,TimeTree API pairwise summaryjson,30.0,316.0,322.37,Macaca mulatta,Taeniopygia guttata,8,7,56,-0.3218172310941091,-0.3336729683818351,2.503722606486479
Ring-tailed lemur (Lemur catta),Siamang (Symphalangus syndactylus),Mammalia,Mammalia,Primates,Primates,Lemuridae,Hylobatidae,Lemur,Symphalangus,Mammalia,same_order,73.75492,73754920.0,TimeTree API pairwise summaryjson,50.0,71.4,77.5,Symphalangus syndactylus,Lemur catta,6,4,24,0.2874952503854794,0.29583368263193494,1.867790996278425
Ring-tailed lemur (Lemur catta),Spotted hyena (Crocuta crocuta),Mammalia,Mammalia,Primates,Carnivora,Lemuridae,Hyaenidae,Lemur,Crocuta,Mammalia,same_class,94.0,94000000.0,TimeTree API pairwise summaryjson,63.0,91.5,97.4,Crocuta crocuta,Lemur catta,6,6,36,0.12536642868499406,0.126029476492576,1.9731278535996986
Ring-tailed lemur (Lemur catta),Talapoin monkey (Miopithecus talapoin),Mammalia,Mammalia,Primates,Primates,Lemuridae,Cercopithecidae,Lemur,Miopithecus,Mammalia,same_order,73.75492,73754920.0,TimeTree API pairwise summaryjson,50.0,71.4,77.5,Lemur catta,Miopithecus talapoin,6,7,42,0.4303356709699997,0.4603085698648432,1.867790996278425
Ring-tailed lemur (Lemur catta),Tufted capuchin (Sapajus apella),Mammalia,Mammalia,Primates,Primates,Lemuridae,Cebidae,Lemur,Sapajus,Mammalia,same_order,73.75492,73754920.0,TimeTree API pairwise summaryjson,50.0,71.4,77.5,Lemur catta,Sapajus apella,6,8,48,0.6631190437330254,0.7983602189535306,1.867790996278425
Ring-tailed lemur (Lemur catta),Túngara frog (Engystomops pustulosus),Mammalia,Amphibia,Primates,Anura,Lemuridae,Leptodactylidae,Lemur,Engystomops,Cross-class,cross_class,351.686545,351686545.0,TimeTree API pairwise summaryjson,32.0,348.4,355.7,Engystomops pustulosus,Lemur catta,6,3,18,0.049779316266905134,0.04982049489698367,2.546155753178947
Ring-tailed lemur (Lemur catta),Vervet monkey (Chlorocebus pygerythrus),Mammalia,Mammalia,Primates,Primates,Lemuridae,Cercopithecidae,Lemur,Chlorocebus,Mammalia,same_order,73.75492,73754920.0,TimeTree API pairwise summaryjson,50.0,71.4,77.5,Chlorocebus pygerythrus,Lemur catta,6,8,48,0.551092633287825,0.6199491650164491,1.867790996278425
Ring-tailed lemur (Lemur catta),Western Gorilla (Gorilla gorilla),Mammalia,Mammalia,Primates,Primates,Lemuridae,Hominidae,Lemur,Gorilla,Mammalia,same_order,73.75492,73754920.0,TimeTree API pairwise summaryjson,50.0,71.4,77.5,Gorilla gorilla,Lemur catta,6,9,54,0.37250185763647364,0.3913249081136303,1.867790996278425
Ring-tailed lemur (Lemur catta),White-browed sparrow-weaver (Plocepasser mahali),Mammalia,Aves,Primates,Passeriformes,Lemuridae,Ploceidae,Lemur,Plocepasser,Cross-class,cross_class,318.95,318950000.0,TimeTree API pairwise summaryjson,30.0,316.0,322.37,Plocepasser mahali,Lemur catta,6,4,24,0.4720855792854043,0.5127506235553698,2.503722606486479
Ring-tailed lemur (Lemur catta),Yellow baboon (Papio cynocephalus),Mammalia,Mammalia,Primates,Primates,Lemuridae,Cercopithecidae,Lemur,Papio,Mammalia,same_order,73.75492,73754920.0,TimeTree API pairwise summaryjson,50.0,71.4,77.5,Papio cynocephalus,Lemur catta,6,7,42,0.4069363246778395,0.43193401424056294,1.867790996278425
Ring-tailed lemur (Lemur catta),Zebra finch (Taeniopygia guttata),Mammalia,Aves,Primates,Passeriformes,Lemuridae,Estrildidae,Lemur,Taeniopygia,Cross-class,cross_class,318.95,318950000.0,TimeTree API pairwise summaryjson,30.0,316.0,322.37,Lemur catta,Taeniopygia guttata,6,7,42,-0.020023121169090805,-0.020025797738813345,2.503722606486479
Siamang (Symphalangus syndactylus),Spotted hyena (Crocuta crocuta),Mammalia,Mammalia,Primates,Carnivora,Hylobatidae,Hyaenidae,Symphalangus,Crocuta,Mammalia,same_class,94.0,94000000.0,TimeTree API pairwise summaryjson,63.0,91.5,97.4,Crocuta crocuta,Symphalangus syndactylus,4,6,24,0.30099292187101623,0.31061108485346145,1.9731278535996986
Siamang (Symphalangus syndactylus),Talapoin monkey (Miopithecus talapoin),Mammalia,Mammalia,Primates,Primates,Hylobatidae,Cercopithecidae,Symphalangus,Miopithecus,Mammalia,same_order,28.82,28820000.0,TimeTree API pairwise summaryjson,83.0,26.8,30.6,Symphalangus syndactylus,Miopithecus talapoin,4,7,28,0.14062476334944055,0.14156288653313853,1.4596939764779706
Siamang (Symphalangus syndactylus),Tufted capuchin (Sapajus apella),Mammalia,Mammalia,Primates,Primates,Hylobatidae,Cebidae,Symphalangus,Sapajus,Mammalia,same_order,42.9,42900000.0,TimeTree API pairwise summaryjson,68.0,40.0,44.2,Symphalangus syndactylus,Sapajus apella,4,8,32,0.21425752553102742,0.21762949038325005,1.6324572921847242
Siamang (Symphalangus syndactylus),Túngara frog (Engystomops pustulosus),Mammalia,Amphibia,Primates,Anura,Hylobatidae,Leptodactylidae,Symphalangus,Engystomops,Cross-class,cross_class,351.686545,351686545.0,TimeTree API pairwise summaryjson,32.0,348.4,355.7,Engystomops pustulosus,Symphalangus syndactylus,4,3,12,0.6207744703582314,0.7262641444956667,2.546155753178947
Siamang (Symphalangus syndactylus),Vervet monkey (Chlorocebus pygerythrus),Mammalia,Mammalia,Primates,Primates,Hylobatidae,Cercopithecidae,Symphalangus,Chlorocebus,Mammalia,same_order,28.82,28820000.0,TimeTree API pairwise summaryjson,83.0,26.8,30.6,Symphalangus syndactylus,Chlorocebus pygerythrus,4,8,32,0.35424699532674336,0.37029188543681724,1.4596939764779706
Siamang (Symphalangus syndactylus),Western Gorilla (Gorilla gorilla),Mammalia,Mammalia,Primates,Primates,Hylobatidae,Hominidae,Symphalangus,Gorilla,Mammalia,same_order,19.45714,19457140.0,TimeTree API pairwise summaryjson,64.0,18.8,20.3,Gorilla gorilla,Symphalangus syndactylus,4,9,36,0.3367818841003236,0.3504582530794149,1.289079003789453
Siamang (Symphalangus syndactylus),White-browed sparrow-weaver (Plocepasser mahali),Mammalia,Aves,Primates,Passeriformes,Hylobatidae,Ploceidae,Symphalangus,Plocepasser,Cross-class,cross_class,318.95,318950000.0,TimeTree API pairwise summaryjson,30.0,316.0,322.37,Plocepasser mahali,Symphalangus syndactylus,4,4,16,0.3431304458651235,0.35763643548988866,2.503722606486479
Siamang (Symphalangus syndactylus),Yellow baboon (Papio cynocephalus),Mammalia,Mammalia,Primates,Primates,Hylobatidae,Cercopithecidae,Symphalangus,Papio,Mammalia,same_order,28.82,28820000.0,TimeTree API pairwise summaryjson,83.0,26.8,30.6,Symphalangus syndactylus,Papio cynocephalus,4,7,28,0.12478918778832698,0.1254430614327502,1.4596939764779706
Siamang (Symphalangus syndactylus),Zebra finch (Taeniopygia guttata),Mammalia,Aves,Primates,Passeriformes,Hylobatidae,Estrildidae,Symphalangus,Taeniopygia,Cross-class,cross_class,318.95,318950000.0,TimeTree API pairwise summaryjson,30.0,316.0,322.37,Symphalangus syndactylus,Taeniopygia guttata,4,7,28,0.31016736022629815,0.320730573407305,2.503722606486479
Spotted hyena (Crocuta crocuta),Talapoin monkey (Miopithecus talapoin),Mammalia,Mammalia,Carnivora,Primates,Hyaenidae,Cercopithecidae,Crocuta,Miopithecus,Mammalia,same_class,94.0,94000000.0,TimeTree API pairwise summaryjson,63.0,91.5,97.4,Crocuta crocuta,Miopithecus talapoin,6,7,42,0.044376033962416524,0.04440519733566437,1.9731278535996986
Spotted hyena (Crocuta crocuta),Tufted capuchin (Sapajus apella),Mammalia,Mammalia,Carnivora,Primates,Hyaenidae,Cebidae,Crocuta,Sapajus,Mammalia,same_class,94.0,94000000.0,TimeTree API pairwise summaryjson,63.0,91.5,97.4,Crocuta crocuta,Sapajus apella,6,8,48,-0.0730684708942353,-0.07319892660895348,1.9731278535996986
Spotted hyena (Crocuta crocuta),Túngara frog (Engystomops pustulosus),Mammalia,Amphibia,Carnivora,Anura,Hyaenidae,Leptodactylidae,Crocuta,Engystomops,Cross-class,cross_class,351.686545,351686545.0,TimeTree API pairwise summaryjson,32.0,348.4,355.7,Crocuta crocuta,Engystomops pustulosus,6,3,18,0.2520987462261091,0.2576527318744486,2.546155753178947
Spotted hyena (Crocuta crocuta),Vervet monkey (Chlorocebus pygerythrus),Mammalia,Mammalia,Carnivora,Primates,Hyaenidae,Cercopithecidae,Crocuta,Chlorocebus,Mammalia,same_class,94.0,94000000.0,TimeTree API pairwise summaryjson,63.0,91.5,97.4,Crocuta crocuta,Chlorocebus pygerythrus,6,8,48,-0.031267038779665544,-0.03127723393512304,1.9731278535996986
Spotted hyena (Crocuta crocuta),Western Gorilla (Gorilla gorilla),Mammalia,Mammalia,Carnivora,Primates,Hyaenidae,Hominidae,Crocuta,Gorilla,Mammalia,same_class,94.0,94000000.0,TimeTree API pairwise summaryjson,63.0,91.5,97.4,Crocuta crocuta,Gorilla gorilla,6,9,54,0.38898613189067305,0.41060485107695216,1.9731278535996986
Spotted hyena (Crocuta crocuta),White-browed sparrow-weaver (Plocepasser mahali),Mammalia,Aves,Carnivora,Passeriformes,Hyaenidae,Ploceidae,Crocuta,Plocepasser,Cross-class,cross_class,318.95,318950000.0,TimeTree API pairwise summaryjson,30.0,316.0,322.37,Crocuta crocuta,Plocepasser mahali,6,4,24,0.07827217995052053,0.07843261584225926,2.503722606486479
Spotted hyena (Crocuta crocuta),Yellow baboon (Papio cynocephalus),Mammalia,Mammalia,Carnivora,Primates,Hyaenidae,Cercopithecidae,Crocuta,Papio,Mammalia,same_class,94.0,94000000.0,TimeTree API pairwise summaryjson,63.0,91.5,97.4,Crocuta crocuta,Papio cynocephalus,6,7,42,-0.0015956788757204928,-0.0015956802300236656,1.9731278535996986
Spotted hyena (Crocuta crocuta),Zebra finch (Taeniopygia guttata),Mammalia,Aves,Carnivora,Passeriformes,Hyaenidae,Estrildidae,Crocuta,Taeniopygia,Cross-class,cross_class,318.95,318950000.0,TimeTree API pairwise summaryjson,30.0,316.0,322.37,Crocuta crocuta,Taeniopygia guttata,6,7,42,-0.2653553093974448,-0.27186063526636245,2.503722606486479
Talapoin monkey (Miopithecus talapoin),Tufted capuchin (Sapajus apella),Mammalia,Mammalia,Primates,Primates,Cercopithecidae,Cebidae,Miopithecus,Sapajus,Mammalia,same_order,42.9,42900000.0,TimeTree API pairwise summaryjson,68.0,40.0,44.2,Sapajus apella,Miopithecus talapoin,7,8,56,0.2495048982959199,0.25488477306500495,1.6324572921847242
Talapoin monkey (Miopithecus talapoin),Túngara frog (Engystomops pustulosus),Mammalia,Amphibia,Primates,Anura,Cercopithecidae,Leptodactylidae,Miopithecus,Engystomops,Cross-class,cross_class,351.686545,351686545.0,TimeTree API pairwise summaryjson,32.0,348.4,355.7,Engystomops pustulosus,Miopithecus talapoin,7,3,21,0.2159307135091256,0.21938384490450896,2.546155753178947
Talapoin monkey (Miopithecus talapoin),Vervet monkey (Chlorocebus pygerythrus),Mammalia,Mammalia,Primates,Primates,Cercopithecidae,Cercopithecidae,Miopithecus,Chlorocebus,Mammalia,same_family,8.859425,8859425.0,TimeTree API pairwise summaryjson,8.0,7.5516,12.946,Chlorocebus pygerythrus,Miopithecus talapoin,7,8,56,0.1745519921271616,0.17635789589375128,0.947405535946798
Talapoin monkey (Miopithecus talapoin),Western Gorilla (Gorilla gorilla),Mammalia,Mammalia,Primates,Primates,Cercopithecidae,Hominidae,Miopithecus,Gorilla,Mammalia,same_order,28.82,28820000.0,TimeTree API pairwise summaryjson,83.0,26.8,30.6,Gorilla gorilla,Miopithecus talapoin,7,9,63,0.2633223477559129,0.2696749476909007,1.4596939764779706
Talapoin monkey (Miopithecus talapoin),White-browed sparrow-weaver (Plocepasser mahali),Mammalia,Aves,Primates,Passeriformes,Cercopithecidae,Ploceidae,Miopithecus,Plocepasser,Cross-class,cross_class,318.95,318950000.0,TimeTree API pairwise summaryjson,30.0,316.0,322.37,Plocepasser mahali,Miopithecus talapoin,7,4,28,0.2387224514597048,0.24341891974291363,2.503722606486479
Talapoin monkey (Miopithecus talapoin),Yellow baboon (Papio cynocephalus),Mammalia,Mammalia,Primates,Primates,Cercopithecidae,Cercopithecidae,Miopithecus,Papio,Mammalia,same_family,12.32716,12327160.0,TimeTree API pairwise summaryjson,28.0,11.5,13.0889,Papio cynocephalus,Miopithecus talapoin,7,7,49,0.3300284505472461,0.3428601821979273,1.0908630329301952
Talapoin monkey (Miopithecus talapoin),Zebra finch (Taeniopygia guttata),Mammalia,Aves,Primates,Passeriformes,Cercopithecidae,Estrildidae,Miopithecus,Taeniopygia,Cross-class,cross_class,318.95,318950000.0,TimeTree API pairwise summaryjson,30.0,316.0,322.37,Miopithecus talapoin,Taeniopygia guttata,7,7,49,-0.21940667610343553,-0.22303269309269827,2.503722606486479
Tufted capuchin (Sapajus apella),Túngara frog (Engystomops pustulosus),Mammalia,Amphibia,Primates,Anura,Cebidae,Leptodactylidae,Sapajus,Engystomops,Cross-class,cross_class,351.686545,351686545.0,TimeTree API pairwise summaryjson,32.0,348.4,355.7,Engystomops pustulosus,Sapajus apella,8,3,24,0.015952859818163585,0.015954213325812143,2.546155753178947
Tufted capuchin (Sapajus apella),Vervet monkey (Chlorocebus pygerythrus),Mammalia,Mammalia,Primates,Primates,Cebidae,Cercopithecidae,Sapajus,Chlorocebus,Mammalia,same_order,42.9,42900000.0,TimeTree API pairwise summaryjson,68.0,40.0,44.2,Chlorocebus pygerythrus,Sapajus apella,8,8,64,0.4388708764838701,0.47083146285276345,1.6324572921847242
Tufted capuchin (Sapajus apella),Western Gorilla (Gorilla gorilla),Mammalia,Mammalia,Primates,Primates,Cebidae,Hominidae,Sapajus,Gorilla,Mammalia,same_order,42.9,42900000.0,TimeTree API pairwise summaryjson,68.0,40.0,44.2,Gorilla gorilla,Sapajus apella,8,9,72,0.17257736059902934,0.17432193079027672,1.6324572921847242
Tufted capuchin (Sapajus apella),White-browed sparrow-weaver (Plocepasser mahali),Mammalia,Aves,Primates,Passeriformes,Cebidae,Ploceidae,Sapajus,Plocepasser,Cross-class,cross_class,318.95,318950000.0,TimeTree API pairwise summaryjson,30.0,316.0,322.37,Plocepasser mahali,Sapajus apella,8,4,32,0.2844657115825168,0.29253430102435324,2.503722606486479
Tufted capuchin (Sapajus apella),Yellow baboon (Papio cynocephalus),Mammalia,Mammalia,Primates,Primates,Cebidae,Cercopithecidae,Sapajus,Papio,Mammalia,same_order,42.9,42900000.0,TimeTree API pairwise summaryjson,68.0,40.0,44.2,Papio cynocephalus,Sapajus apella,8,7,56,0.38540127356112613,0.406387763672964,1.6324572921847242
Tufted capuchin (Sapajus apella),Zebra finch (Taeniopygia guttata),Mammalia,Aves,Primates,Passeriformes,Cebidae,Estrildidae,Sapajus,Taeniopygia,Cross-class,cross_class,318.95,318950000.0,TimeTree API pairwise summaryjson,30.0,316.0,322.37,Sapajus apella,Taeniopygia guttata,8,7,56,-0.3791115294146315,-0.3990216411113291,2.503722606486479
Túngara frog (Engystomops pustulosus),Vervet monkey (Chlorocebus pygerythrus),Amphibia,Mammalia,Anura,Primates,Leptodactylidae,Cercopithecidae,Engystomops,Chlorocebus,Cross-class,cross_class,351.686545,351686545.0,TimeTree API pairwise summaryjson,32.0,348.4,355.7,Engystomops pustulosus,Chlorocebus pygerythrus,3,8,24,-0.15732486274759394,-0.1586424746817897,2.546155753178947
Túngara frog (Engystomops pustulosus),Western Gorilla (Gorilla gorilla),Amphibia,Mammalia,Anura,Primates,Leptodactylidae,Hominidae,Engystomops,Gorilla,Cross-class,cross_class,351.686545,351686545.0,TimeTree API pairwise summaryjson,32.0,348.4,355.7,Engystomops pustulosus,Gorilla gorilla,3,9,27,0.47851212657067604,0.5210527601407899,2.546155753178947
Túngara frog (Engystomops pustulosus),White-browed sparrow-weaver (Plocepasser mahali),Amphibia,Aves,Anura,Passeriformes,Leptodactylidae,Ploceidae,Engystomops,Plocepasser,Cross-class,cross_class,351.686545,351686545.0,TimeTree API pairwise summaryjson,32.0,348.4,355.7,Engystomops pustulosus,Plocepasser mahali,3,4,12,-0.3441370268940086,-0.3587777928777933,2.546155753178947
Túngara frog (Engystomops pustulosus),Yellow baboon (Papio cynocephalus),Amphibia,Mammalia,Anura,Primates,Leptodactylidae,Cercopithecidae,Engystomops,Papio,Cross-class,cross_class,351.686545,351686545.0,TimeTree API pairwise summaryjson,32.0,348.4,355.7,Engystomops pustulosus,Papio cynocephalus,3,7,21,0.19007212781054073,0.19241199942617437,2.546155753178947
Túngara frog (Engystomops pustulosus),Zebra finch (Taeniopygia guttata),Amphibia,Aves,Anura,Passeriformes,Leptodactylidae,Estrildidae,Engystomops,Taeniopygia,Cross-class,cross_class,351.686545,351686545.0,TimeTree API pairwise summaryjson,32.0,348.4,355.7,Engystomops pustulosus,Taeniopygia guttata,3,7,21,-0.45887476327599236,-0.49588498211964405,2.546155753178947
Vervet monkey (Chlorocebus pygerythrus),Western Gorilla (Gorilla gorilla),Mammalia,Mammalia,Primates,Primates,Cercopithecidae,Hominidae,Chlorocebus,Gorilla,Mammalia,same_order,28.82,28820000.0,TimeTree API pairwise summaryjson,83.0,26.8,30.6,Gorilla gorilla,Chlorocebus pygerythrus,8,9,72,0.1253815839555375,0.12604487378768098,1.4596939764779706
Vervet monkey (Chlorocebus pygerythrus),White-browed sparrow-weaver (Plocepasser mahali),Mammalia,Aves,Primates,Passeriformes,Cercopithecidae,Ploceidae,Chlorocebus,Plocepasser,Cross-class,cross_class,318.95,318950000.0,TimeTree API pairwise summaryjson,30.0,316.0,322.37,Plocepasser mahali,Chlorocebus pygerythrus,8,4,32,0.22143687072080903,0.22516656434541762,2.503722606486479
Vervet monkey (Chlorocebus pygerythrus),Yellow baboon (Papio cynocephalus),Mammalia,Mammalia,Primates,Primates,Cercopithecidae,Cercopithecidae,Chlorocebus,Papio,Mammalia,same_family,12.32716,12327160.0,TimeTree API pairwise summaryjson,28.0,11.5,13.0889,Chlorocebus pygerythrus,Papio cynocephalus,8,7,56,0.3454257833987263,0.36024041812580687,1.0908630329301952
Vervet monkey (Chlorocebus pygerythrus),Zebra finch (Taeniopygia guttata),Mammalia,Aves,Primates,Passeriformes,Cercopithecidae,Estrildidae,Chlorocebus,Taeniopygia,Cross-class,cross_class,318.95,318950000.0,TimeTree API pairwise summaryjson,30.0,316.0,322.37,Chlorocebus pygerythrus,Taeniopygia guttata,8,7,56,0.024580231674116746,0.024585183828069998,2.503722606486479
Western Gorilla (Gorilla gorilla),White-browed sparrow-weaver (Plocepasser mahali),Mammalia,Aves,Primates,Passeriformes,Hominidae,Ploceidae,Gorilla,Plocepasser,Cross-class,cross_class,318.95,318950000.0,TimeTree API pairwise summaryjson,30.0,316.0,322.37,Plocepasser mahali,Gorilla gorilla,9,4,36,0.18267975779406465,0.1847535662389999,2.503722606486479
Western Gorilla (Gorilla gorilla),Yellow baboon (Papio cynocephalus),Mammalia,Mammalia,Primates,Primates,Hominidae,Cercopithecidae,Gorilla,Papio,Mammalia,same_order,28.82,28820000.0,TimeTree API pairwise summaryjson,83.0,26.8,30.6,Gorilla gorilla,Papio cynocephalus,9,7,63,0.16668526104675285,0.16825524401966271,1.4596939764779706
Western Gorilla (Gorilla gorilla),Zebra finch (Taeniopygia guttata),Mammalia,Aves,Primates,Passeriformes,Hominidae,Estrildidae,Gorilla,Taeniopygia,Cross-class,cross_class,318.95,318950000.0,TimeTree API pairwise summaryjson,30.0,316.0,322.37,Gorilla gorilla,Taeniopygia guttata,9,7,63,0.0034745293001895304,0.003474543282206542,2.503722606486479
White-browed sparrow-weaver (Plocepasser mahali),Yellow baboon (Papio cynocephalus),Aves,Mammalia,Passeriformes,Primates,Ploceidae,Cercopithecidae,Plocepasser,Papio,Cross-class,cross_class,318.95,318950000.0,TimeTree API pairwise summaryjson,30.0,316.0,322.37,Plocepasser mahali,Papio cynocephalus,4,7,28,0.19631470599202672,0.19889663240445468,2.503722606486479
White-browed sparrow-weaver (Plocepasser mahali),Zebra finch (Taeniopygia guttata),Aves,Aves,Passeriformes,Passeriformes,Ploceidae,Estrildidae,Plocepasser,Taeniopygia,Aves,same_order,19.8884,19888400.0,TimeTree API pairwise summaryjson,5.0,13.6916,33.60349,Plocepasser mahali,Taeniopygia guttata,4,7,28,0.17662484030516165,0.17849668661610557,1.2985998460142743
Yellow baboon (Papio cynocephalus),Zebra finch (Taeniopygia guttata),Mammalia,Aves,Primates,Passeriformes,Cercopithecidae,Estrildidae,Papio,Taeniopygia,Cross-class,cross_class,318.95,318950000.0,TimeTree API pairwise summaryjson,30.0,316.0,322.37,Papio cynocephalus,Taeniopygia guttata,7,7,49,-0.3531324935250948,-0.36901802846114545,2.503722606486479
