species_a,species_b,timetree_taxon_id_a,timetree_taxon_id_b,timetree_query_a,timetree_query_b,timetree_name_a,timetree_name_b,timetree_mya,timetree_ci_low,timetree_ci_high,timetree_study_count,timetree_source,timetree_error
Carolina chickadee (Poecile carolinensis),Meerkat (Suricata suricatta),48892,37032,Poecile carolinensis,Suricata suricatta,Poecile carolinensis,Suricata suricatta,318.95,316.0,322.37,30.0,TimeTree API pairwise summaryjson,
Carolina chickadee (Poecile carolinensis),Spotted hyena (Crocuta crocuta),48892,9678,Poecile carolinensis,Crocuta crocuta,Poecile carolinensis,Crocuta crocuta,318.95,316.0,322.37,30.0,TimeTree API pairwise summaryjson,
Carolina chickadee (Poecile carolinensis),Poison dart frogs (Dendrobatidae; various genera),48892,43469,Poecile carolinensis,Dendrobatidae,Poecile carolinensis,Dendrobatidae,351.686545,348.4,355.7,32.0,TimeTree API pairwise summaryjson,
Carolina chickadee (Poecile carolinensis),Green tree frog (Hyla cinerea),48892,8422,Poecile carolinensis,Hyla cinerea,Poecile carolinensis,Dryophytes cinereus,351.686545,348.4,355.7,32.0,TimeTree API pairwise summaryjson,
Carolina chickadee (Poecile carolinensis),Túngara frog (Engystomops pustulosus),48892,76066,Poecile carolinensis,Engystomops pustulosus,Poecile carolinensis,Engystomops pustulosus,351.686545,348.4,355.7,32.0,TimeTree API pairwise summaryjson,
Carolina chickadee (Poecile carolinensis),American bullfrog (Lithobates catesbeianus),48892,8400,Poecile carolinensis,Lithobates catesbeianus,Poecile carolinensis,Aquarana catesbeiana,351.686545,348.4,355.7,32.0,TimeTree API pairwise summaryjson,
Carolina chickadee (Poecile carolinensis),African savanna elephant (Loxodonta africana),48892,9785,Poecile carolinensis,Loxodonta africana,Poecile carolinensis,Loxodonta africana,318.95,316.0,322.37,30.0,TimeTree API pairwise summaryjson,
Carolina chickadee (Poecile carolinensis),Gray wolf (Canis lupus),48892,9612,Poecile carolinensis,Canis lupus,Poecile carolinensis,Canis lupus,318.95,316.0,322.37,30.0,TimeTree API pairwise summaryjson,
Carolina chickadee (Poecile carolinensis),Egyptian fruit bat (Rousettus aegyptiacus),48892,9407,Poecile carolinensis,Rousettus aegyptiacus,Poecile carolinensis,Rousettus aegyptiacus,318.95,316.0,322.37,30.0,TimeTree API pairwise summaryjson,
Carolina chickadee (Poecile carolinensis),Greater sac-winged bat (Saccopteryx bilineata),48892,59482,Poecile carolinensis,Saccopteryx bilineata,Poecile carolinensis,Saccopteryx bilineata,318.95,316.0,322.37,30.0,TimeTree API pairwise summaryjson,
Carolina chickadee (Poecile carolinensis),Bengalese finch (Lonchura striata domestica),48892,299123,Poecile carolinensis,Lonchura striata domestica,Poecile carolinensis,Lonchura striata domestica,29.793515,21.544868,36.99,8.0,TimeTree API pairwise summaryjson,
Carolina chickadee (Poecile carolinensis),Japanese tit (Parus minor),48892,213890,Poecile carolinensis,Parus minor,Poecile carolinensis,Parus minor,10.77034,0.0,12.41,3.0,TimeTree API pairwise summaryjson,
Carolina chickadee (Poecile carolinensis),Plain-tailed wren (Pheugopedius euophrys),48892,2724890,Poecile carolinensis,Pheugopedius euophrys,Poecile carolinensis,Pheugopedius euophrys,29.793515,21.544868,36.99,8.0,TimeTree API pairwise summaryjson,
Carolina chickadee (Poecile carolinensis),White-browed sparrow-weaver (Plocepasser mahali),48892,99181,Poecile carolinensis,Plocepasser mahali,Poecile carolinensis,Plocepasser mahali,29.793515,21.544868,36.99,8.0,TimeTree API pairwise summaryjson,
Carolina chickadee (Poecile carolinensis),Chestnut-crowned babbler (Pomatostomus ruficeps),48892,9176,Poecile carolinensis,Pomatostomus ruficeps,Poecile carolinensis,Pomatostomus ruficeps,,,,,TimeTree API pairwise summaryjson,JSONDecodeError('Expecting value: line 1 column 1 (char 0)')
Carolina chickadee (Poecile carolinensis),European starling (Sturnus vulgaris),48892,9172,Poecile carolinensis,Sturnus vulgaris,Poecile carolinensis,Sturnus vulgaris,29.793515,21.544868,36.99,8.0,TimeTree API pairwise summaryjson,
Carolina chickadee (Poecile carolinensis),African grey parrot (Psittacus erithacus),48892,57247,Poecile carolinensis,Psittacus erithacus,Poecile carolinensis,Psittacus erithacus,67.814305,56.259865,86.0,12.0,TimeTree API pairwise summaryjson,
Carolina chickadee (Poecile carolinensis),Mandrill (Mandrillus sphinx),48892,9561,Poecile carolinensis,Mandrillus sphinx,Poecile carolinensis,Mandrillus sphinx,318.95,316.0,322.37,30.0,TimeTree API pairwise summaryjson,
Carolina chickadee (Poecile carolinensis),Drill (Mandrillus leucophaeus),48892,9568,Poecile carolinensis,Mandrillus leucophaeus,Poecile carolinensis,Mandrillus leucophaeus,318.95,316.0,322.37,30.0,TimeTree API pairwise summaryjson,
Carolina chickadee (Poecile carolinensis),Red colobus (Piliocolobus spp.),48892,591932,Poecile carolinensis,Piliocolobus,Poecile carolinensis,Piliocolobus,318.95,316.0,322.37,30.0,TimeTree API pairwise summaryjson,
Carolina chickadee (Poecile carolinensis),Black-and-white colobus (Colobus guereza),48892,33548,Poecile carolinensis,Colobus guereza,Poecile carolinensis,Colobus guereza,318.95,316.0,322.37,30.0,TimeTree API pairwise summaryjson,
Carolina chickadee (Poecile carolinensis),Langurs (Semnopithecus spp. / Trachypithecus spp.),48892,88028,Poecile carolinensis,Semnopithecus,Poecile carolinensis,Semnopithecus,318.95,316.0,322.37,30.0,TimeTree API pairwise summaryjson,
Carolina chickadee (Poecile carolinensis),Chimpanzee (Pan troglodytes),48892,9598,Poecile carolinensis,Pan troglodytes,Poecile carolinensis,Pan troglodytes,318.95,316.0,322.37,30.0,TimeTree API pairwise summaryjson,
Carolina chickadee (Poecile carolinensis),Bonobo (Pan paniscus),48892,9597,Poecile carolinensis,Pan paniscus,Poecile carolinensis,Pan paniscus,318.95,316.0,322.37,30.0,TimeTree API pairwise summaryjson,
Carolina chickadee (Poecile carolinensis),Western Gorilla (Gorilla gorilla),48892,9593,Poecile carolinensis,Gorilla gorilla,Poecile carolinensis,Gorilla gorilla,318.95,316.0,322.37,30.0,TimeTree API pairwise summaryjson,
Carolina chickadee (Poecile carolinensis),Eastern Gorilla (Gorilla beringei),48892,499232,Poecile carolinensis,Gorilla beringei,Poecile carolinensis,Gorilla beringei,318.95,316.0,322.37,30.0,TimeTree API pairwise summaryjson,
Carolina chickadee (Poecile carolinensis),Bornean Orangutan (Pongo pygmaeus),48892,9600,Poecile carolinensis,Pongo pygmaeus,Poecile carolinensis,Pongo pygmaeus,318.95,316.0,322.37,30.0,TimeTree API pairwise summaryjson,
Carolina chickadee (Poecile carolinensis),Siamang (Symphalangus syndactylus),48892,9590,Poecile carolinensis,Symphalangus syndactylus,Poecile carolinensis,Symphalangus syndactylus,318.95,316.0,322.37,30.0,TimeTree API pairwise summaryjson,
Carolina chickadee (Poecile carolinensis),"Gibbons (Hylobates spp., Nomascus spp., Hoolock spp.)",48892,9578,Poecile carolinensis,Hylobates,Poecile carolinensis,Hylobates,318.95,316.0,322.37,30.0,TimeTree API pairwise summaryjson,
Carolina chickadee (Poecile carolinensis),Brown lemurs (Eulemur spp.),48892,13513,Poecile carolinensis,Eulemur,Poecile carolinensis,Eulemur,318.95,316.0,322.37,30.0,TimeTree API pairwise summaryjson,
Carolina chickadee (Poecile carolinensis),Indri (Indri indri),48892,34827,Poecile carolinensis,Indri indri,Poecile carolinensis,Indri indri,318.95,316.0,322.37,30.0,TimeTree API pairwise summaryjson,
Carolina chickadee (Poecile carolinensis),Rhesus macaque (Macaca mulatta),48892,9544,Poecile carolinensis,Macaca mulatta,Poecile carolinensis,Macaca mulatta,318.95,316.0,322.37,30.0,TimeTree API pairwise summaryjson,
Carolina chickadee (Poecile carolinensis),Japanese macaque (Macaca fuscata),48892,9542,Poecile carolinensis,Macaca fuscata,Poecile carolinensis,Macaca fuscata,318.95,316.0,322.37,30.0,TimeTree API pairwise summaryjson,
Carolina chickadee (Poecile carolinensis),Vervet monkey (Chlorocebus pygerythrus),48892,60710,Poecile carolinensis,Chlorocebus pygerythrus,Poecile carolinensis,Chlorocebus pygerythrus,318.95,316.0,322.37,30.0,TimeTree API pairwise summaryjson,
Carolina chickadee (Poecile carolinensis),Campbell's monkey (Cercopithecus campbelli),48892,303588,Poecile carolinensis,Cercopithecus campbelli,Poecile carolinensis,Cercopithecus campbelli,318.95,316.0,322.37,30.0,TimeTree API pairwise summaryjson,
Carolina chickadee (Poecile carolinensis),Olive baboon (Papio anubis),48892,9555,Poecile carolinensis,Papio anubis,Poecile carolinensis,Papio anubis,318.95,316.0,322.37,30.0,TimeTree API pairwise summaryjson,
Carolina chickadee (Poecile carolinensis),Yellow baboon (Papio cynocephalus),48892,9556,Poecile carolinensis,Papio cynocephalus,Poecile carolinensis,Papio cynocephalus,318.95,316.0,322.37,30.0,TimeTree API pairwise summaryjson,
Carolina chickadee (Poecile carolinensis),Ring-tailed lemur (Lemur catta),48892,9447,Poecile carolinensis,Lemur catta,Poecile carolinensis,Lemur catta,318.95,316.0,322.37,30.0,TimeTree API pairwise summaryjson,
Carolina chickadee (Poecile carolinensis),Mouse lemurs (Microcebus spp.),48892,13149,Poecile carolinensis,Microcebus,Poecile carolinensis,Microcebus,318.95,316.0,322.37,30.0,TimeTree API pairwise summaryjson,
Carolina chickadee (Poecile carolinensis),Tufted capuchin (Sapajus apella),48892,9515,Poecile carolinensis,Sapajus apella,Poecile carolinensis,Sapajus apella,318.95,316.0,322.37,30.0,TimeTree API pairwise summaryjson,
Carolina chickadee (Poecile carolinensis),Common marmoset (Callithrix jacchus),48892,9483,Poecile carolinensis,Callithrix jacchus,Poecile carolinensis,Callithrix jacchus,318.95,316.0,322.37,30.0,TimeTree API pairwise summaryjson,
Carolina chickadee (Poecile carolinensis),Howler monkey (Alouatta spp.),48892,9499,Poecile carolinensis,Alouatta,Poecile carolinensis,Alouatta,318.95,316.0,322.37,30.0,TimeTree API pairwise summaryjson,
Carolina chickadee (Poecile carolinensis),Diana monkey (Cercopithecus diana),48892,36224,Poecile carolinensis,Cercopithecus diana,Poecile carolinensis,Cercopithecus diana,318.95,316.0,322.37,30.0,TimeTree API pairwise summaryjson,
Carolina chickadee (Poecile carolinensis),Putty-nosed monkey (Cercopithecus nictitans),48892,36228,Poecile carolinensis,Cercopithecus nictitans,Poecile carolinensis,Cercopithecus nictitans,318.95,316.0,322.37,30.0,TimeTree API pairwise summaryjson,
Carolina chickadee (Poecile carolinensis),Red-tailed monkey (Cercopithecus ascanius),48892,36223,Poecile carolinensis,Cercopithecus ascanius,Poecile carolinensis,Cercopithecus ascanius,318.95,316.0,322.37,30.0,TimeTree API pairwise summaryjson,
Carolina chickadee (Poecile carolinensis),De Brazza’s monkey (Cercopithecus neglectus),48892,36227,Poecile carolinensis,Cercopithecus neglectus,Poecile carolinensis,Cercopithecus neglectus,318.95,316.0,322.37,30.0,TimeTree API pairwise summaryjson,
Carolina chickadee (Poecile carolinensis),L’Hoest’s monkey (Allochrocebus lhoesti),48892,100224,Poecile carolinensis,Allochrocebus lhoesti,Poecile carolinensis,Allochrocebus lhoesti,318.95,316.0,322.37,30.0,TimeTree API pairwise summaryjson,
Carolina chickadee (Poecile carolinensis),Patas monkey (Erythrocebus patas),48892,9538,Poecile carolinensis,Erythrocebus patas,Poecile carolinensis,Erythrocebus patas,318.95,316.0,322.37,30.0,TimeTree API pairwise summaryjson,
Carolina chickadee (Poecile carolinensis),Talapoin monkey (Miopithecus talapoin),48892,36231,Poecile carolinensis,Miopithecus talapoin,Poecile carolinensis,Miopithecus talapoin,318.95,316.0,322.37,30.0,TimeTree API pairwise summaryjson,
Carolina chickadee (Poecile carolinensis),Gelada (Theropithecus gelada),48892,9565,Poecile carolinensis,Theropithecus gelada,Poecile carolinensis,Theropithecus gelada,318.95,316.0,322.37,30.0,TimeTree API pairwise summaryjson,
Carolina chickadee (Poecile carolinensis),Crowned monkey / Crowned guenon (Cercopithecus pogonias),48892,102108,Poecile carolinensis,Cercopithecus pogonias,Poecile carolinensis,Cercopithecus pogonias,318.95,316.0,322.37,30.0,TimeTree API pairwise summaryjson,
Carolina chickadee (Poecile carolinensis),Mona monkey (Cercopithecus mona),48892,36226,Poecile carolinensis,Cercopithecus mona,Poecile carolinensis,Cercopithecus mona,318.95,316.0,322.37,30.0,TimeTree API pairwise summaryjson,
Carolina chickadee (Poecile carolinensis),Chacma baboon (Papio ursinus),48892,36229,Poecile carolinensis,Papio ursinus,Poecile carolinensis,Papio ursinus,318.95,316.0,322.37,30.0,TimeTree API pairwise summaryjson,
Carolina chickadee (Poecile carolinensis),Zebra finch (Taeniopygia guttata),48892,59729,Poecile carolinensis,Taeniopygia guttata,Poecile carolinensis,Taeniopygia guttata,29.793515,21.544868,36.99,8.0,TimeTree API pairwise summaryjson,
Meerkat (Suricata suricatta),Spotted hyena (Crocuta crocuta),37032,9678,Suricata suricatta,Crocuta crocuta,Suricata suricatta,Crocuta crocuta,32.3519,27.0,38.26,9.0,TimeTree API pairwise summaryjson,
Meerkat (Suricata suricatta),Poison dart frogs (Dendrobatidae; various genera),37032,43469,Suricata suricatta,Dendrobatidae,Suricata suricatta,Dendrobatidae,351.686545,348.4,355.7,32.0,TimeTree API pairwise summaryjson,
Meerkat (Suricata suricatta),Green tree frog (Hyla cinerea),37032,8422,Suricata suricatta,Hyla cinerea,Suricata suricatta,Dryophytes cinereus,351.686545,348.4,355.7,32.0,TimeTree API pairwise summaryjson,
Meerkat (Suricata suricatta),Túngara frog (Engystomops pustulosus),37032,76066,Suricata suricatta,Engystomops pustulosus,Suricata suricatta,Engystomops pustulosus,351.686545,348.4,355.7,32.0,TimeTree API pairwise summaryjson,
Meerkat (Suricata suricatta),American bullfrog (Lithobates catesbeianus),37032,8400,Suricata suricatta,Lithobates catesbeianus,Suricata suricatta,Aquarana catesbeiana,351.686545,348.4,355.7,32.0,TimeTree API pairwise summaryjson,
Meerkat (Suricata suricatta),African savanna elephant (Loxodonta africana),37032,9785,Suricata suricatta,Loxodonta africana,Suricata suricatta,Loxodonta africana,99.1887,94.7,101.9,27.0,TimeTree API pairwise summaryjson,
Meerkat (Suricata suricatta),Gray wolf (Canis lupus),37032,9612,Suricata suricatta,Canis lupus,Suricata suricatta,Canis lupus,55.361635,52.9,57.27,45.0,TimeTree API pairwise summaryjson,
Meerkat (Suricata suricatta),Egyptian fruit bat (Rousettus aegyptiacus),37032,9407,Suricata suricatta,Rousettus aegyptiacus,Suricata suricatta,Rousettus aegyptiacus,81.026045,68.4,82.6,18.0,TimeTree API pairwise summaryjson,
Meerkat (Suricata suricatta),Greater sac-winged bat (Saccopteryx bilineata),37032,59482,Suricata suricatta,Saccopteryx bilineata,Suricata suricatta,Saccopteryx bilineata,81.026045,68.4,82.6,18.0,TimeTree API pairwise summaryjson,
Meerkat (Suricata suricatta),Bengalese finch (Lonchura striata domestica),37032,299123,Suricata suricatta,Lonchura striata domestica,Suricata suricatta,Lonchura striata domestica,318.95,316.0,322.37,30.0,TimeTree API pairwise summaryjson,
Meerkat (Suricata suricatta),Japanese tit (Parus minor),37032,213890,Suricata suricatta,Parus minor,Suricata suricatta,Parus minor,318.95,316.0,322.37,30.0,TimeTree API pairwise summaryjson,
Meerkat (Suricata suricatta),Plain-tailed wren (Pheugopedius euophrys),37032,2724890,Suricata suricatta,Pheugopedius euophrys,Suricata suricatta,Pheugopedius euophrys,318.95,316.0,322.37,30.0,TimeTree API pairwise summaryjson,
Meerkat (Suricata suricatta),White-browed sparrow-weaver (Plocepasser mahali),37032,99181,Suricata suricatta,Plocepasser mahali,Suricata suricatta,Plocepasser mahali,318.95,316.0,322.37,30.0,TimeTree API pairwise summaryjson,
Meerkat (Suricata suricatta),Chestnut-crowned babbler (Pomatostomus ruficeps),37032,9176,Suricata suricatta,Pomatostomus ruficeps,Suricata suricatta,Pomatostomus ruficeps,318.95,316.0,322.37,30.0,TimeTree API pairwise summaryjson,
Meerkat (Suricata suricatta),European starling (Sturnus vulgaris),37032,9172,Suricata suricatta,Sturnus vulgaris,Suricata suricatta,Sturnus vulgaris,318.95,316.0,322.37,30.0,TimeTree API pairwise summaryjson,
Meerkat (Suricata suricatta),African grey parrot (Psittacus erithacus),37032,57247,Suricata suricatta,Psittacus erithacus,Suricata suricatta,Psittacus erithacus,318.95,316.0,322.37,30.0,TimeTree API pairwise summaryjson,
Meerkat (Suricata suricatta),Mandrill (Mandrillus sphinx),37032,9561,Suricata suricatta,Mandrillus sphinx,Suricata suricatta,Mandrillus sphinx,94.0,91.5,97.4,63.0,TimeTree API pairwise summaryjson,
Meerkat (Suricata suricatta),Drill (Mandrillus leucophaeus),37032,9568,Suricata suricatta,Mandrillus leucophaeus,Suricata suricatta,Mandrillus leucophaeus,94.0,91.5,97.4,63.0,TimeTree API pairwise summaryjson,
Meerkat (Suricata suricatta),Red colobus (Piliocolobus spp.),37032,591932,Suricata suricatta,Piliocolobus,Suricata suricatta,Piliocolobus,94.0,91.5,97.4,63.0,TimeTree API pairwise summaryjson,
Meerkat (Suricata suricatta),Black-and-white colobus (Colobus guereza),37032,33548,Suricata suricatta,Colobus guereza,Suricata suricatta,Colobus guereza,94.0,91.5,97.4,63.0,TimeTree API pairwise summaryjson,
Meerkat (Suricata suricatta),Langurs (Semnopithecus spp. / Trachypithecus spp.),37032,88028,Suricata suricatta,Semnopithecus,Suricata suricatta,Semnopithecus,94.0,91.5,97.4,63.0,TimeTree API pairwise summaryjson,
Meerkat (Suricata suricatta),Chimpanzee (Pan troglodytes),37032,9598,Suricata suricatta,Pan troglodytes,Suricata suricatta,Pan troglodytes,94.0,91.5,97.4,63.0,TimeTree API pairwise summaryjson,
Meerkat (Suricata suricatta),Bonobo (Pan paniscus),37032,9597,Suricata suricatta,Pan paniscus,Suricata suricatta,Pan paniscus,94.0,91.5,97.4,63.0,TimeTree API pairwise summaryjson,
Meerkat (Suricata suricatta),Western Gorilla (Gorilla gorilla),37032,9593,Suricata suricatta,Gorilla gorilla,Suricata suricatta,Gorilla gorilla,94.0,91.5,97.4,63.0,TimeTree API pairwise summaryjson,
Meerkat (Suricata suricatta),Eastern Gorilla (Gorilla beringei),37032,499232,Suricata suricatta,Gorilla beringei,Suricata suricatta,Gorilla beringei,94.0,91.5,97.4,63.0,TimeTree API pairwise summaryjson,
Meerkat (Suricata suricatta),Bornean Orangutan (Pongo pygmaeus),37032,9600,Suricata suricatta,Pongo pygmaeus,Suricata suricatta,Pongo pygmaeus,94.0,91.5,97.4,63.0,TimeTree API pairwise summaryjson,
Meerkat (Suricata suricatta),Siamang (Symphalangus syndactylus),37032,9590,Suricata suricatta,Symphalangus syndactylus,Suricata suricatta,Symphalangus syndactylus,94.0,91.5,97.4,63.0,TimeTree API pairwise summaryjson,
Meerkat (Suricata suricatta),"Gibbons (Hylobates spp., Nomascus spp., Hoolock spp.)",37032,9578,Suricata suricatta,Hylobates,Suricata suricatta,Hylobates,94.0,91.5,97.4,63.0,TimeTree API pairwise summaryjson,
Meerkat (Suricata suricatta),Brown lemurs (Eulemur spp.),37032,13513,Suricata suricatta,Eulemur,Suricata suricatta,Eulemur,94.0,91.5,97.4,63.0,TimeTree API pairwise summaryjson,
Meerkat (Suricata suricatta),Indri (Indri indri),37032,34827,Suricata suricatta,Indri indri,Suricata suricatta,Indri indri,94.0,91.5,97.4,63.0,TimeTree API pairwise summaryjson,
Meerkat (Suricata suricatta),Rhesus macaque (Macaca mulatta),37032,9544,Suricata suricatta,Macaca mulatta,Suricata suricatta,Macaca mulatta,94.0,91.5,97.4,63.0,TimeTree API pairwise summaryjson,
Meerkat (Suricata suricatta),Japanese macaque (Macaca fuscata),37032,9542,Suricata suricatta,Macaca fuscata,Suricata suricatta,Macaca fuscata,94.0,91.5,97.4,63.0,TimeTree API pairwise summaryjson,
Meerkat (Suricata suricatta),Vervet monkey (Chlorocebus pygerythrus),37032,60710,Suricata suricatta,Chlorocebus pygerythrus,Suricata suricatta,Chlorocebus pygerythrus,94.0,91.5,97.4,63.0,TimeTree API pairwise summaryjson,
Meerkat (Suricata suricatta),Campbell's monkey (Cercopithecus campbelli),37032,303588,Suricata suricatta,Cercopithecus campbelli,Suricata suricatta,Cercopithecus campbelli,94.0,91.5,97.4,63.0,TimeTree API pairwise summaryjson,
Meerkat (Suricata suricatta),Olive baboon (Papio anubis),37032,9555,Suricata suricatta,Papio anubis,Suricata suricatta,Papio anubis,94.0,91.5,97.4,63.0,TimeTree API pairwise summaryjson,
Meerkat (Suricata suricatta),Yellow baboon (Papio cynocephalus),37032,9556,Suricata suricatta,Papio cynocephalus,Suricata suricatta,Papio cynocephalus,94.0,91.5,97.4,63.0,TimeTree API pairwise summaryjson,
Meerkat (Suricata suricatta),Ring-tailed lemur (Lemur catta),37032,9447,Suricata suricatta,Lemur catta,Suricata suricatta,Lemur catta,94.0,91.5,97.4,63.0,TimeTree API pairwise summaryjson,
Meerkat (Suricata suricatta),Mouse lemurs (Microcebus spp.),37032,13149,Suricata suricatta,Microcebus,Suricata suricatta,Microcebus,94.0,91.5,97.4,63.0,TimeTree API pairwise summaryjson,
Meerkat (Suricata suricatta),Tufted capuchin (Sapajus apella),37032,9515,Suricata suricatta,Sapajus apella,Suricata suricatta,Sapajus apella,94.0,91.5,97.4,63.0,TimeTree API pairwise summaryjson,
Meerkat (Suricata suricatta),Common marmoset (Callithrix jacchus),37032,9483,Suricata suricatta,Callithrix jacchus,Suricata suricatta,Callithrix jacchus,94.0,91.5,97.4,63.0,TimeTree API pairwise summaryjson,
Meerkat (Suricata suricatta),Howler monkey (Alouatta spp.),37032,9499,Suricata suricatta,Alouatta,Suricata suricatta,Alouatta,94.0,91.5,97.4,63.0,TimeTree API pairwise summaryjson,
Meerkat (Suricata suricatta),Diana monkey (Cercopithecus diana),37032,36224,Suricata suricatta,Cercopithecus diana,Suricata suricatta,Cercopithecus diana,94.0,91.5,97.4,63.0,TimeTree API pairwise summaryjson,
Meerkat (Suricata suricatta),Putty-nosed monkey (Cercopithecus nictitans),37032,36228,Suricata suricatta,Cercopithecus nictitans,Suricata suricatta,Cercopithecus nictitans,94.0,91.5,97.4,63.0,TimeTree API pairwise summaryjson,
Meerkat (Suricata suricatta),Red-tailed monkey (Cercopithecus ascanius),37032,36223,Suricata suricatta,Cercopithecus ascanius,Suricata suricatta,Cercopithecus ascanius,94.0,91.5,97.4,63.0,TimeTree API pairwise summaryjson,
Meerkat (Suricata suricatta),De Brazza’s monkey (Cercopithecus neglectus),37032,36227,Suricata suricatta,Cercopithecus neglectus,Suricata suricatta,Cercopithecus neglectus,94.0,91.5,97.4,63.0,TimeTree API pairwise summaryjson,
Meerkat (Suricata suricatta),L’Hoest’s monkey (Allochrocebus lhoesti),37032,100224,Suricata suricatta,Allochrocebus lhoesti,Suricata suricatta,Allochrocebus lhoesti,94.0,91.5,97.4,63.0,TimeTree API pairwise summaryjson,
Meerkat (Suricata suricatta),Patas monkey (Erythrocebus patas),37032,9538,Suricata suricatta,Erythrocebus patas,Suricata suricatta,Erythrocebus patas,94.0,91.5,97.4,63.0,TimeTree API pairwise summaryjson,
Meerkat (Suricata suricatta),Talapoin monkey (Miopithecus talapoin),37032,36231,Suricata suricatta,Miopithecus talapoin,Suricata suricatta,Miopithecus talapoin,94.0,91.5,97.4,63.0,TimeTree API pairwise summaryjson,
Meerkat (Suricata suricatta),Gelada (Theropithecus gelada),37032,9565,Suricata suricatta,Theropithecus gelada,Suricata suricatta,Theropithecus gelada,94.0,91.5,97.4,63.0,TimeTree API pairwise summaryjson,
Meerkat (Suricata suricatta),Crowned monkey / Crowned guenon (Cercopithecus pogonias),37032,102108,Suricata suricatta,Cercopithecus pogonias,Suricata suricatta,Cercopithecus pogonias,94.0,91.5,97.4,63.0,TimeTree API pairwise summaryjson,
Meerkat (Suricata suricatta),Mona monkey (Cercopithecus mona),37032,36226,Suricata suricatta,Cercopithecus mona,Suricata suricatta,Cercopithecus mona,94.0,91.5,97.4,63.0,TimeTree API pairwise summaryjson,
Meerkat (Suricata suricatta),Chacma baboon (Papio ursinus),37032,36229,Suricata suricatta,Papio ursinus,Suricata suricatta,Papio ursinus,94.0,91.5,97.4,63.0,TimeTree API pairwise summaryjson,
Meerkat (Suricata suricatta),Zebra finch (Taeniopygia guttata),37032,59729,Suricata suricatta,Taeniopygia guttata,Suricata suricatta,Taeniopygia guttata,318.95,316.0,322.37,30.0,TimeTree API pairwise summaryjson,
Spotted hyena (Crocuta crocuta),Poison dart frogs (Dendrobatidae; various genera),9678,43469,Crocuta crocuta,Dendrobatidae,Crocuta crocuta,Dendrobatidae,351.686545,348.4,355.7,32.0,TimeTree API pairwise summaryjson,
Spotted hyena (Crocuta crocuta),Green tree frog (Hyla cinerea),9678,8422,Crocuta crocuta,Hyla cinerea,Crocuta crocuta,Dryophytes cinereus,351.686545,348.4,355.7,32.0,TimeTree API pairwise summaryjson,
Spotted hyena (Crocuta crocuta),Túngara frog (Engystomops pustulosus),9678,76066,Crocuta crocuta,Engystomops pustulosus,Crocuta crocuta,Engystomops pustulosus,351.686545,348.4,355.7,32.0,TimeTree API pairwise summaryjson,
Spotted hyena (Crocuta crocuta),American bullfrog (Lithobates catesbeianus),9678,8400,Crocuta crocuta,Lithobates catesbeianus,Crocuta crocuta,Aquarana catesbeiana,351.686545,348.4,355.7,32.0,TimeTree API pairwise summaryjson,
Spotted hyena (Crocuta crocuta),African savanna elephant (Loxodonta africana),9678,9785,Crocuta crocuta,Loxodonta africana,Crocuta crocuta,Loxodonta africana,99.1887,94.7,101.9,27.0,TimeTree API pairwise summaryjson,
Spotted hyena (Crocuta crocuta),Gray wolf (Canis lupus),9678,9612,Crocuta crocuta,Canis lupus,Crocuta crocuta,Canis lupus,55.361635,52.9,57.27,45.0,TimeTree API pairwise summaryjson,
Spotted hyena (Crocuta crocuta),Egyptian fruit bat (Rousettus aegyptiacus),9678,9407,Crocuta crocuta,Rousettus aegyptiacus,Crocuta crocuta,Rousettus aegyptiacus,81.026045,68.4,82.6,18.0,TimeTree API pairwise summaryjson,
Spotted hyena (Crocuta crocuta),Greater sac-winged bat (Saccopteryx bilineata),9678,59482,Crocuta crocuta,Saccopteryx bilineata,Crocuta crocuta,Saccopteryx bilineata,81.026045,68.4,82.6,18.0,TimeTree API pairwise summaryjson,
Spotted hyena (Crocuta crocuta),Bengalese finch (Lonchura striata domestica),9678,299123,Crocuta crocuta,Lonchura striata domestica,Crocuta crocuta,Lonchura striata domestica,318.95,316.0,322.37,30.0,TimeTree API pairwise summaryjson,
Spotted hyena (Crocuta crocuta),Japanese tit (Parus minor),9678,213890,Crocuta crocuta,Parus minor,Crocuta crocuta,Parus minor,318.95,316.0,322.37,30.0,TimeTree API pairwise summaryjson,
Spotted hyena (Crocuta crocuta),Plain-tailed wren (Pheugopedius euophrys),9678,2724890,Crocuta crocuta,Pheugopedius euophrys,Crocuta crocuta,Pheugopedius euophrys,318.95,316.0,322.37,30.0,TimeTree API pairwise summaryjson,
Spotted hyena (Crocuta crocuta),White-browed sparrow-weaver (Plocepasser mahali),9678,99181,Crocuta crocuta,Plocepasser mahali,Crocuta crocuta,Plocepasser mahali,318.95,316.0,322.37,30.0,TimeTree API pairwise summaryjson,
Spotted hyena (Crocuta crocuta),Chestnut-crowned babbler (Pomatostomus ruficeps),9678,9176,Crocuta crocuta,Pomatostomus ruficeps,Crocuta crocuta,Pomatostomus ruficeps,318.95,316.0,322.37,30.0,TimeTree API pairwise summaryjson,
Spotted hyena (Crocuta crocuta),European starling (Sturnus vulgaris),9678,9172,Crocuta crocuta,Sturnus vulgaris,Crocuta crocuta,Sturnus vulgaris,318.95,316.0,322.37,30.0,TimeTree API pairwise summaryjson,
Spotted hyena (Crocuta crocuta),African grey parrot (Psittacus erithacus),9678,57247,Crocuta crocuta,Psittacus erithacus,Crocuta crocuta,Psittacus erithacus,318.95,316.0,322.37,30.0,TimeTree API pairwise summaryjson,
Spotted hyena (Crocuta crocuta),Mandrill (Mandrillus sphinx),9678,9561,Crocuta crocuta,Mandrillus sphinx,Crocuta crocuta,Mandrillus sphinx,94.0,91.5,97.4,63.0,TimeTree API pairwise summaryjson,
Spotted hyena (Crocuta crocuta),Drill (Mandrillus leucophaeus),9678,9568,Crocuta crocuta,Mandrillus leucophaeus,Crocuta crocuta,Mandrillus leucophaeus,94.0,91.5,97.4,63.0,TimeTree API pairwise summaryjson,
Spotted hyena (Crocuta crocuta),Red colobus (Piliocolobus spp.),9678,591932,Crocuta crocuta,Piliocolobus,Crocuta crocuta,Piliocolobus,94.0,91.5,97.4,63.0,TimeTree API pairwise summaryjson,
Spotted hyena (Crocuta crocuta),Black-and-white colobus (Colobus guereza),9678,33548,Crocuta crocuta,Colobus guereza,Crocuta crocuta,Colobus guereza,94.0,91.5,97.4,63.0,TimeTree API pairwise summaryjson,
Spotted hyena (Crocuta crocuta),Langurs (Semnopithecus spp. / Trachypithecus spp.),9678,88028,Crocuta crocuta,Semnopithecus,Crocuta crocuta,Semnopithecus,94.0,91.5,97.4,63.0,TimeTree API pairwise summaryjson,
Spotted hyena (Crocuta crocuta),Chimpanzee (Pan troglodytes),9678,9598,Crocuta crocuta,Pan troglodytes,Crocuta crocuta,Pan troglodytes,94.0,91.5,97.4,63.0,TimeTree API pairwise summaryjson,
Spotted hyena (Crocuta crocuta),Bonobo (Pan paniscus),9678,9597,Crocuta crocuta,Pan paniscus,Crocuta crocuta,Pan paniscus,94.0,91.5,97.4,63.0,TimeTree API pairwise summaryjson,
Spotted hyena (Crocuta crocuta),Western Gorilla (Gorilla gorilla),9678,9593,Crocuta crocuta,Gorilla gorilla,Crocuta crocuta,Gorilla gorilla,94.0,91.5,97.4,63.0,TimeTree API pairwise summaryjson,
Spotted hyena (Crocuta crocuta),Eastern Gorilla (Gorilla beringei),9678,499232,Crocuta crocuta,Gorilla beringei,Crocuta crocuta,Gorilla beringei,94.0,91.5,97.4,63.0,TimeTree API pairwise summaryjson,
Spotted hyena (Crocuta crocuta),Bornean Orangutan (Pongo pygmaeus),9678,9600,Crocuta crocuta,Pongo pygmaeus,Crocuta crocuta,Pongo pygmaeus,94.0,91.5,97.4,63.0,TimeTree API pairwise summaryjson,
Spotted hyena (Crocuta crocuta),Siamang (Symphalangus syndactylus),9678,9590,Crocuta crocuta,Symphalangus syndactylus,Crocuta crocuta,Symphalangus syndactylus,94.0,91.5,97.4,63.0,TimeTree API pairwise summaryjson,
Spotted hyena (Crocuta crocuta),"Gibbons (Hylobates spp., Nomascus spp., Hoolock spp.)",9678,9578,Crocuta crocuta,Hylobates,Crocuta crocuta,Hylobates,94.0,91.5,97.4,63.0,TimeTree API pairwise summaryjson,
Spotted hyena (Crocuta crocuta),Brown lemurs (Eulemur spp.),9678,13513,Crocuta crocuta,Eulemur,Crocuta crocuta,Eulemur,94.0,91.5,97.4,63.0,TimeTree API pairwise summaryjson,
Spotted hyena (Crocuta crocuta),Indri (Indri indri),9678,34827,Crocuta crocuta,Indri indri,Crocuta crocuta,Indri indri,94.0,91.5,97.4,63.0,TimeTree API pairwise summaryjson,
Spotted hyena (Crocuta crocuta),Rhesus macaque (Macaca mulatta),9678,9544,Crocuta crocuta,Macaca mulatta,Crocuta crocuta,Macaca mulatta,94.0,91.5,97.4,63.0,TimeTree API pairwise summaryjson,
Spotted hyena (Crocuta crocuta),Japanese macaque (Macaca fuscata),9678,9542,Crocuta crocuta,Macaca fuscata,Crocuta crocuta,Macaca fuscata,94.0,91.5,97.4,63.0,TimeTree API pairwise summaryjson,
Spotted hyena (Crocuta crocuta),Vervet monkey (Chlorocebus pygerythrus),9678,60710,Crocuta crocuta,Chlorocebus pygerythrus,Crocuta crocuta,Chlorocebus pygerythrus,94.0,91.5,97.4,63.0,TimeTree API pairwise summaryjson,
Spotted hyena (Crocuta crocuta),Campbell's monkey (Cercopithecus campbelli),9678,303588,Crocuta crocuta,Cercopithecus campbelli,Crocuta crocuta,Cercopithecus campbelli,94.0,91.5,97.4,63.0,TimeTree API pairwise summaryjson,
Spotted hyena (Crocuta crocuta),Olive baboon (Papio anubis),9678,9555,Crocuta crocuta,Papio anubis,Crocuta crocuta,Papio anubis,94.0,91.5,97.4,63.0,TimeTree API pairwise summaryjson,
Spotted hyena (Crocuta crocuta),Yellow baboon (Papio cynocephalus),9678,9556,Crocuta crocuta,Papio cynocephalus,Crocuta crocuta,Papio cynocephalus,94.0,91.5,97.4,63.0,TimeTree API pairwise summaryjson,
Spotted hyena (Crocuta crocuta),Ring-tailed lemur (Lemur catta),9678,9447,Crocuta crocuta,Lemur catta,Crocuta crocuta,Lemur catta,94.0,91.5,97.4,63.0,TimeTree API pairwise summaryjson,
Spotted hyena (Crocuta crocuta),Mouse lemurs (Microcebus spp.),9678,13149,Crocuta crocuta,Microcebus,Crocuta crocuta,Microcebus,94.0,91.5,97.4,63.0,TimeTree API pairwise summaryjson,
Spotted hyena (Crocuta crocuta),Tufted capuchin (Sapajus apella),9678,9515,Crocuta crocuta,Sapajus apella,Crocuta crocuta,Sapajus apella,94.0,91.5,97.4,63.0,TimeTree API pairwise summaryjson,
Spotted hyena (Crocuta crocuta),Common marmoset (Callithrix jacchus),9678,9483,Crocuta crocuta,Callithrix jacchus,Crocuta crocuta,Callithrix jacchus,94.0,91.5,97.4,63.0,TimeTree API pairwise summaryjson,
Spotted hyena (Crocuta crocuta),Howler monkey (Alouatta spp.),9678,9499,Crocuta crocuta,Alouatta,Crocuta crocuta,Alouatta,94.0,91.5,97.4,63.0,TimeTree API pairwise summaryjson,
Spotted hyena (Crocuta crocuta),Diana monkey (Cercopithecus diana),9678,36224,Crocuta crocuta,Cercopithecus diana,Crocuta crocuta,Cercopithecus diana,94.0,91.5,97.4,63.0,TimeTree API pairwise summaryjson,
Spotted hyena (Crocuta crocuta),Putty-nosed monkey (Cercopithecus nictitans),9678,36228,Crocuta crocuta,Cercopithecus nictitans,Crocuta crocuta,Cercopithecus nictitans,94.0,91.5,97.4,63.0,TimeTree API pairwise summaryjson,
Spotted hyena (Crocuta crocuta),Red-tailed monkey (Cercopithecus ascanius),9678,36223,Crocuta crocuta,Cercopithecus ascanius,Crocuta crocuta,Cercopithecus ascanius,94.0,91.5,97.4,63.0,TimeTree API pairwise summaryjson,
Spotted hyena (Crocuta crocuta),De Brazza’s monkey (Cercopithecus neglectus),9678,36227,Crocuta crocuta,Cercopithecus neglectus,Crocuta crocuta,Cercopithecus neglectus,94.0,91.5,97.4,63.0,TimeTree API pairwise summaryjson,
Spotted hyena (Crocuta crocuta),L’Hoest’s monkey (Allochrocebus lhoesti),9678,100224,Crocuta crocuta,Allochrocebus lhoesti,Crocuta crocuta,Allochrocebus lhoesti,94.0,91.5,97.4,63.0,TimeTree API pairwise summaryjson,
Spotted hyena (Crocuta crocuta),Patas monkey (Erythrocebus patas),9678,9538,Crocuta crocuta,Erythrocebus patas,Crocuta crocuta,Erythrocebus patas,94.0,91.5,97.4,63.0,TimeTree API pairwise summaryjson,
Spotted hyena (Crocuta crocuta),Talapoin monkey (Miopithecus talapoin),9678,36231,Crocuta crocuta,Miopithecus talapoin,Crocuta crocuta,Miopithecus talapoin,94.0,91.5,97.4,63.0,TimeTree API pairwise summaryjson,
Spotted hyena (Crocuta crocuta),Gelada (Theropithecus gelada),9678,9565,Crocuta crocuta,Theropithecus gelada,Crocuta crocuta,Theropithecus gelada,94.0,91.5,97.4,63.0,TimeTree API pairwise summaryjson,
Spotted hyena (Crocuta crocuta),Crowned monkey / Crowned guenon (Cercopithecus pogonias),9678,102108,Crocuta crocuta,Cercopithecus pogonias,Crocuta crocuta,Cercopithecus pogonias,94.0,91.5,97.4,63.0,TimeTree API pairwise summaryjson,
Spotted hyena (Crocuta crocuta),Mona monkey (Cercopithecus mona),9678,36226,Crocuta crocuta,Cercopithecus mona,Crocuta crocuta,Cercopithecus mona,94.0,91.5,97.4,63.0,TimeTree API pairwise summaryjson,
Spotted hyena (Crocuta crocuta),Chacma baboon (Papio ursinus),9678,36229,Crocuta crocuta,Papio ursinus,Crocuta crocuta,Papio ursinus,94.0,91.5,97.4,63.0,TimeTree API pairwise summaryjson,
Spotted hyena (Crocuta crocuta),Zebra finch (Taeniopygia guttata),9678,59729,Crocuta crocuta,Taeniopygia guttata,Crocuta crocuta,Taeniopygia guttata,318.95,316.0,322.37,30.0,TimeTree API pairwise summaryjson,
Poison dart frogs (Dendrobatidae; various genera),Green tree frog (Hyla cinerea),43469,8422,Dendrobatidae,Hyla cinerea,Dendrobatidae,Dryophytes cinereus,72.60023,65.4,97.0,15.0,TimeTree API pairwise summaryjson,
Poison dart frogs (Dendrobatidae; various genera),Túngara frog (Engystomops pustulosus),43469,76066,Dendrobatidae,Engystomops pustulosus,Dendrobatidae,Engystomops pustulosus,64.82355,59.7,130.0,5.0,TimeTree API pairwise summaryjson,
Poison dart frogs (Dendrobatidae; various genera),American bullfrog (Lithobates catesbeianus),43469,8400,Dendrobatidae,Lithobates catesbeianus,Dendrobatidae,Aquarana catesbeiana,150.01515,134.147,160.0088,26.0,TimeTree API pairwise summaryjson,
Poison dart frogs (Dendrobatidae; various genera),African savanna elephant (Loxodonta africana),43469,9785,Dendrobatidae,Loxodonta africana,Dendrobatidae,Loxodonta africana,351.686545,348.4,355.7,32.0,TimeTree API pairwise summaryjson,
Poison dart frogs (Dendrobatidae; various genera),Gray wolf (Canis lupus),43469,9612,Dendrobatidae,Canis lupus,Dendrobatidae,Canis lupus,351.686545,348.4,355.7,32.0,TimeTree API pairwise summaryjson,
Poison dart frogs (Dendrobatidae; various genera),Egyptian fruit bat (Rousettus aegyptiacus),43469,9407,Dendrobatidae,Rousettus aegyptiacus,Dendrobatidae,Rousettus aegyptiacus,351.686545,348.4,355.7,32.0,TimeTree API pairwise summaryjson,
Poison dart frogs (Dendrobatidae; various genera),Greater sac-winged bat (Saccopteryx bilineata),43469,59482,Dendrobatidae,Saccopteryx bilineata,Dendrobatidae,Saccopteryx bilineata,351.686545,348.4,355.7,32.0,TimeTree API pairwise summaryjson,
Poison dart frogs (Dendrobatidae; various genera),Bengalese finch (Lonchura striata domestica),43469,299123,Dendrobatidae,Lonchura striata domestica,Dendrobatidae,Lonchura striata domestica,351.686545,348.4,355.7,32.0,TimeTree API pairwise summaryjson,
Poison dart frogs (Dendrobatidae; various genera),Japanese tit (Parus minor),43469,213890,Dendrobatidae,Parus minor,Dendrobatidae,Parus minor,351.686545,348.4,355.7,32.0,TimeTree API pairwise summaryjson,
Poison dart frogs (Dendrobatidae; various genera),Plain-tailed wren (Pheugopedius euophrys),43469,2724890,Dendrobatidae,Pheugopedius euophrys,Dendrobatidae,Pheugopedius euophrys,351.686545,348.4,355.7,32.0,TimeTree API pairwise summaryjson,
Poison dart frogs (Dendrobatidae; various genera),White-browed sparrow-weaver (Plocepasser mahali),43469,99181,Dendrobatidae,Plocepasser mahali,Dendrobatidae,Plocepasser mahali,351.686545,348.4,355.7,32.0,TimeTree API pairwise summaryjson,
Poison dart frogs (Dendrobatidae; various genera),Chestnut-crowned babbler (Pomatostomus ruficeps),43469,9176,Dendrobatidae,Pomatostomus ruficeps,Dendrobatidae,Pomatostomus ruficeps,351.686545,348.4,355.7,32.0,TimeTree API pairwise summaryjson,
Poison dart frogs (Dendrobatidae; various genera),European starling (Sturnus vulgaris),43469,9172,Dendrobatidae,Sturnus vulgaris,Dendrobatidae,Sturnus vulgaris,351.686545,348.4,355.7,32.0,TimeTree API pairwise summaryjson,
Poison dart frogs (Dendrobatidae; various genera),African grey parrot (Psittacus erithacus),43469,57247,Dendrobatidae,Psittacus erithacus,Dendrobatidae,Psittacus erithacus,351.686545,348.4,355.7,32.0,TimeTree API pairwise summaryjson,
Poison dart frogs (Dendrobatidae; various genera),Mandrill (Mandrillus sphinx),43469,9561,Dendrobatidae,Mandrillus sphinx,Dendrobatidae,Mandrillus sphinx,351.686545,348.4,355.7,32.0,TimeTree API pairwise summaryjson,
Poison dart frogs (Dendrobatidae; various genera),Drill (Mandrillus leucophaeus),43469,9568,Dendrobatidae,Mandrillus leucophaeus,Dendrobatidae,Mandrillus leucophaeus,351.686545,348.4,355.7,32.0,TimeTree API pairwise summaryjson,
Poison dart frogs (Dendrobatidae; various genera),Red colobus (Piliocolobus spp.),43469,591932,Dendrobatidae,Piliocolobus,Dendrobatidae,Piliocolobus,351.686545,348.4,355.7,32.0,TimeTree API pairwise summaryjson,
Poison dart frogs (Dendrobatidae; various genera),Black-and-white colobus (Colobus guereza),43469,33548,Dendrobatidae,Colobus guereza,Dendrobatidae,Colobus guereza,351.686545,348.4,355.7,32.0,TimeTree API pairwise summaryjson,
Poison dart frogs (Dendrobatidae; various genera),Langurs (Semnopithecus spp. / Trachypithecus spp.),43469,88028,Dendrobatidae,Semnopithecus,Dendrobatidae,Semnopithecus,351.686545,348.4,355.7,32.0,TimeTree API pairwise summaryjson,
Poison dart frogs (Dendrobatidae; various genera),Chimpanzee (Pan troglodytes),43469,9598,Dendrobatidae,Pan troglodytes,Dendrobatidae,Pan troglodytes,351.686545,348.4,355.7,32.0,TimeTree API pairwise summaryjson,
Poison dart frogs (Dendrobatidae; various genera),Bonobo (Pan paniscus),43469,9597,Dendrobatidae,Pan paniscus,Dendrobatidae,Pan paniscus,351.686545,348.4,355.7,32.0,TimeTree API pairwise summaryjson,
Poison dart frogs (Dendrobatidae; various genera),Western Gorilla (Gorilla gorilla),43469,9593,Dendrobatidae,Gorilla gorilla,Dendrobatidae,Gorilla gorilla,351.686545,348.4,355.7,32.0,TimeTree API pairwise summaryjson,
Poison dart frogs (Dendrobatidae; various genera),Eastern Gorilla (Gorilla beringei),43469,499232,Dendrobatidae,Gorilla beringei,Dendrobatidae,Gorilla beringei,351.686545,348.4,355.7,32.0,TimeTree API pairwise summaryjson,
Poison dart frogs (Dendrobatidae; various genera),Bornean Orangutan (Pongo pygmaeus),43469,9600,Dendrobatidae,Pongo pygmaeus,Dendrobatidae,Pongo pygmaeus,351.686545,348.4,355.7,32.0,TimeTree API pairwise summaryjson,
Poison dart frogs (Dendrobatidae; various genera),Siamang (Symphalangus syndactylus),43469,9590,Dendrobatidae,Symphalangus syndactylus,Dendrobatidae,Symphalangus syndactylus,351.686545,348.4,355.7,32.0,TimeTree API pairwise summaryjson,
Poison dart frogs (Dendrobatidae; various genera),"Gibbons (Hylobates spp., Nomascus spp., Hoolock spp.)",43469,9578,Dendrobatidae,Hylobates,Dendrobatidae,Hylobates,351.686545,348.4,355.7,32.0,TimeTree API pairwise summaryjson,
Poison dart frogs (Dendrobatidae; various genera),Brown lemurs (Eulemur spp.),43469,13513,Dendrobatidae,Eulemur,Dendrobatidae,Eulemur,351.686545,348.4,355.7,32.0,TimeTree API pairwise summaryjson,
Poison dart frogs (Dendrobatidae; various genera),Indri (Indri indri),43469,34827,Dendrobatidae,Indri indri,Dendrobatidae,Indri indri,351.686545,348.4,355.7,32.0,TimeTree API pairwise summaryjson,
Poison dart frogs (Dendrobatidae; various genera),Rhesus macaque (Macaca mulatta),43469,9544,Dendrobatidae,Macaca mulatta,Dendrobatidae,Macaca mulatta,351.686545,348.4,355.7,32.0,TimeTree API pairwise summaryjson,
Poison dart frogs (Dendrobatidae; various genera),Japanese macaque (Macaca fuscata),43469,9542,Dendrobatidae,Macaca fuscata,Dendrobatidae,Macaca fuscata,351.686545,348.4,355.7,32.0,TimeTree API pairwise summaryjson,
Poison dart frogs (Dendrobatidae; various genera),Vervet monkey (Chlorocebus pygerythrus),43469,60710,Dendrobatidae,Chlorocebus pygerythrus,Dendrobatidae,Chlorocebus pygerythrus,351.686545,348.4,355.7,32.0,TimeTree API pairwise summaryjson,
Poison dart frogs (Dendrobatidae; various genera),Campbell's monkey (Cercopithecus campbelli),43469,303588,Dendrobatidae,Cercopithecus campbelli,Dendrobatidae,Cercopithecus campbelli,351.686545,348.4,355.7,32.0,TimeTree API pairwise summaryjson,
Poison dart frogs (Dendrobatidae; various genera),Olive baboon (Papio anubis),43469,9555,Dendrobatidae,Papio anubis,Dendrobatidae,Papio anubis,351.686545,348.4,355.7,32.0,TimeTree API pairwise summaryjson,
Poison dart frogs (Dendrobatidae; various genera),Yellow baboon (Papio cynocephalus),43469,9556,Dendrobatidae,Papio cynocephalus,Dendrobatidae,Papio cynocephalus,351.686545,348.4,355.7,32.0,TimeTree API pairwise summaryjson,
Poison dart frogs (Dendrobatidae; various genera),Ring-tailed lemur (Lemur catta),43469,9447,Dendrobatidae,Lemur catta,Dendrobatidae,Lemur catta,351.686545,348.4,355.7,32.0,TimeTree API pairwise summaryjson,
Poison dart frogs (Dendrobatidae; various genera),Mouse lemurs (Microcebus spp.),43469,13149,Dendrobatidae,Microcebus,Dendrobatidae,Microcebus,351.686545,348.4,355.7,32.0,TimeTree API pairwise summaryjson,
Poison dart frogs (Dendrobatidae; various genera),Tufted capuchin (Sapajus apella),43469,9515,Dendrobatidae,Sapajus apella,Dendrobatidae,Sapajus apella,351.686545,348.4,355.7,32.0,TimeTree API pairwise summaryjson,
Poison dart frogs (Dendrobatidae; various genera),Common marmoset (Callithrix jacchus),43469,9483,Dendrobatidae,Callithrix jacchus,Dendrobatidae,Callithrix jacchus,351.686545,348.4,355.7,32.0,TimeTree API pairwise summaryjson,
Poison dart frogs (Dendrobatidae; various genera),Howler monkey (Alouatta spp.),43469,9499,Dendrobatidae,Alouatta,Dendrobatidae,Alouatta,351.686545,348.4,355.7,32.0,TimeTree API pairwise summaryjson,
Poison dart frogs (Dendrobatidae; various genera),Diana monkey (Cercopithecus diana),43469,36224,Dendrobatidae,Cercopithecus diana,Dendrobatidae,Cercopithecus diana,351.686545,348.4,355.7,32.0,TimeTree API pairwise summaryjson,
Poison dart frogs (Dendrobatidae; various genera),Putty-nosed monkey (Cercopithecus nictitans),43469,36228,Dendrobatidae,Cercopithecus nictitans,Dendrobatidae,Cercopithecus nictitans,351.686545,348.4,355.7,32.0,TimeTree API pairwise summaryjson,
Poison dart frogs (Dendrobatidae; various genera),Red-tailed monkey (Cercopithecus ascanius),43469,36223,Dendrobatidae,Cercopithecus ascanius,Dendrobatidae,Cercopithecus ascanius,351.686545,348.4,355.7,32.0,TimeTree API pairwise summaryjson,
Poison dart frogs (Dendrobatidae; various genera),De Brazza’s monkey (Cercopithecus neglectus),43469,36227,Dendrobatidae,Cercopithecus neglectus,Dendrobatidae,Cercopithecus neglectus,351.686545,348.4,355.7,32.0,TimeTree API pairwise summaryjson,
Poison dart frogs (Dendrobatidae; various genera),L’Hoest’s monkey (Allochrocebus lhoesti),43469,100224,Dendrobatidae,Allochrocebus lhoesti,Dendrobatidae,Allochrocebus lhoesti,351.686545,348.4,355.7,32.0,TimeTree API pairwise summaryjson,
Poison dart frogs (Dendrobatidae; various genera),Patas monkey (Erythrocebus patas),43469,9538,Dendrobatidae,Erythrocebus patas,Dendrobatidae,Erythrocebus patas,351.686545,348.4,355.7,32.0,TimeTree API pairwise summaryjson,
Poison dart frogs (Dendrobatidae; various genera),Talapoin monkey (Miopithecus talapoin),43469,36231,Dendrobatidae,Miopithecus talapoin,Dendrobatidae,Miopithecus talapoin,351.686545,348.4,355.7,32.0,TimeTree API pairwise summaryjson,
Poison dart frogs (Dendrobatidae; various genera),Gelada (Theropithecus gelada),43469,9565,Dendrobatidae,Theropithecus gelada,Dendrobatidae,Theropithecus gelada,351.686545,348.4,355.7,32.0,TimeTree API pairwise summaryjson,
Poison dart frogs (Dendrobatidae; various genera),Crowned monkey / Crowned guenon (Cercopithecus pogonias),43469,102108,Dendrobatidae,Cercopithecus pogonias,Dendrobatidae,Cercopithecus pogonias,351.686545,348.4,355.7,32.0,TimeTree API pairwise summaryjson,
Poison dart frogs (Dendrobatidae; various genera),Mona monkey (Cercopithecus mona),43469,36226,Dendrobatidae,Cercopithecus mona,Dendrobatidae,Cercopithecus mona,351.686545,348.4,355.7,32.0,TimeTree API pairwise summaryjson,
Poison dart frogs (Dendrobatidae; various genera),Chacma baboon (Papio ursinus),43469,36229,Dendrobatidae,Papio ursinus,Dendrobatidae,Papio ursinus,351.686545,348.4,355.7,32.0,TimeTree API pairwise summaryjson,
Poison dart frogs (Dendrobatidae; various genera),Zebra finch (Taeniopygia guttata),43469,59729,Dendrobatidae,Taeniopygia guttata,Dendrobatidae,Taeniopygia guttata,351.686545,348.4,355.7,32.0,TimeTree API pairwise summaryjson,
Green tree frog (Hyla cinerea),Túngara frog (Engystomops pustulosus),8422,76066,Hyla cinerea,Engystomops pustulosus,Dryophytes cinereus,Engystomops pustulosus,72.60023,65.4,97.0,15.0,TimeTree API pairwise summaryjson,
Green tree frog (Hyla cinerea),American bullfrog (Lithobates catesbeianus),8422,8400,Hyla cinerea,Lithobates catesbeianus,Dryophytes cinereus,Aquarana catesbeiana,150.01515,134.147,160.0088,26.0,TimeTree API pairwise summaryjson,
Green tree frog (Hyla cinerea),African savanna elephant (Loxodonta africana),8422,9785,Hyla cinerea,Loxodonta africana,Dryophytes cinereus,Loxodonta africana,351.686545,348.4,355.7,32.0,TimeTree API pairwise summaryjson,
Green tree frog (Hyla cinerea),Gray wolf (Canis lupus),8422,9612,Hyla cinerea,Canis lupus,Dryophytes cinereus,Canis lupus,351.686545,348.4,355.7,32.0,TimeTree API pairwise summaryjson,
Green tree frog (Hyla cinerea),Egyptian fruit bat (Rousettus aegyptiacus),8422,9407,Hyla cinerea,Rousettus aegyptiacus,Dryophytes cinereus,Rousettus aegyptiacus,351.686545,348.4,355.7,32.0,TimeTree API pairwise summaryjson,
Green tree frog (Hyla cinerea),Greater sac-winged bat (Saccopteryx bilineata),8422,59482,Hyla cinerea,Saccopteryx bilineata,Dryophytes cinereus,Saccopteryx bilineata,351.686545,348.4,355.7,32.0,TimeTree API pairwise summaryjson,
Green tree frog (Hyla cinerea),Bengalese finch (Lonchura striata domestica),8422,299123,Hyla cinerea,Lonchura striata domestica,Dryophytes cinereus,Lonchura striata domestica,351.686545,348.4,355.7,32.0,TimeTree API pairwise summaryjson,
Green tree frog (Hyla cinerea),Japanese tit (Parus minor),8422,213890,Hyla cinerea,Parus minor,Dryophytes cinereus,Parus minor,351.686545,348.4,355.7,32.0,TimeTree API pairwise summaryjson,
Green tree frog (Hyla cinerea),Plain-tailed wren (Pheugopedius euophrys),8422,2724890,Hyla cinerea,Pheugopedius euophrys,Dryophytes cinereus,Pheugopedius euophrys,351.686545,348.4,355.7,32.0,TimeTree API pairwise summaryjson,
Green tree frog (Hyla cinerea),White-browed sparrow-weaver (Plocepasser mahali),8422,99181,Hyla cinerea,Plocepasser mahali,Dryophytes cinereus,Plocepasser mahali,351.686545,348.4,355.7,32.0,TimeTree API pairwise summaryjson,
Green tree frog (Hyla cinerea),Chestnut-crowned babbler (Pomatostomus ruficeps),8422,9176,Hyla cinerea,Pomatostomus ruficeps,Dryophytes cinereus,Pomatostomus ruficeps,351.686545,348.4,355.7,32.0,TimeTree API pairwise summaryjson,
Green tree frog (Hyla cinerea),European starling (Sturnus vulgaris),8422,9172,Hyla cinerea,Sturnus vulgaris,Dryophytes cinereus,Sturnus vulgaris,351.686545,348.4,355.7,32.0,TimeTree API pairwise summaryjson,
Green tree frog (Hyla cinerea),African grey parrot (Psittacus erithacus),8422,57247,Hyla cinerea,Psittacus erithacus,Dryophytes cinereus,Psittacus erithacus,351.686545,348.4,355.7,32.0,TimeTree API pairwise summaryjson,
Green tree frog (Hyla cinerea),Mandrill (Mandrillus sphinx),8422,9561,Hyla cinerea,Mandrillus sphinx,Dryophytes cinereus,Mandrillus sphinx,351.686545,348.4,355.7,32.0,TimeTree API pairwise summaryjson,
Green tree frog (Hyla cinerea),Drill (Mandrillus leucophaeus),8422,9568,Hyla cinerea,Mandrillus leucophaeus,Dryophytes cinereus,Mandrillus leucophaeus,351.686545,348.4,355.7,32.0,TimeTree API pairwise summaryjson,
Green tree frog (Hyla cinerea),Red colobus (Piliocolobus spp.),8422,591932,Hyla cinerea,Piliocolobus,Dryophytes cinereus,Piliocolobus,351.686545,348.4,355.7,32.0,TimeTree API pairwise summaryjson,
Green tree frog (Hyla cinerea),Black-and-white colobus (Colobus guereza),8422,33548,Hyla cinerea,Colobus guereza,Dryophytes cinereus,Colobus guereza,351.686545,348.4,355.7,32.0,TimeTree API pairwise summaryjson,
Green tree frog (Hyla cinerea),Langurs (Semnopithecus spp. / Trachypithecus spp.),8422,88028,Hyla cinerea,Semnopithecus,Dryophytes cinereus,Semnopithecus,351.686545,348.4,355.7,32.0,TimeTree API pairwise summaryjson,
Green tree frog (Hyla cinerea),Chimpanzee (Pan troglodytes),8422,9598,Hyla cinerea,Pan troglodytes,Dryophytes cinereus,Pan troglodytes,351.686545,348.4,355.7,32.0,TimeTree API pairwise summaryjson,
Green tree frog (Hyla cinerea),Bonobo (Pan paniscus),8422,9597,Hyla cinerea,Pan paniscus,Dryophytes cinereus,Pan paniscus,351.686545,348.4,355.7,32.0,TimeTree API pairwise summaryjson,
Green tree frog (Hyla cinerea),Western Gorilla (Gorilla gorilla),8422,9593,Hyla cinerea,Gorilla gorilla,Dryophytes cinereus,Gorilla gorilla,351.686545,348.4,355.7,32.0,TimeTree API pairwise summaryjson,
Green tree frog (Hyla cinerea),Eastern Gorilla (Gorilla beringei),8422,499232,Hyla cinerea,Gorilla beringei,Dryophytes cinereus,Gorilla beringei,351.686545,348.4,355.7,32.0,TimeTree API pairwise summaryjson,
Green tree frog (Hyla cinerea),Bornean Orangutan (Pongo pygmaeus),8422,9600,Hyla cinerea,Pongo pygmaeus,Dryophytes cinereus,Pongo pygmaeus,351.686545,348.4,355.7,32.0,TimeTree API pairwise summaryjson,
Green tree frog (Hyla cinerea),Siamang (Symphalangus syndactylus),8422,9590,Hyla cinerea,Symphalangus syndactylus,Dryophytes cinereus,Symphalangus syndactylus,351.686545,348.4,355.7,32.0,TimeTree API pairwise summaryjson,
Green tree frog (Hyla cinerea),"Gibbons (Hylobates spp., Nomascus spp., Hoolock spp.)",8422,9578,Hyla cinerea,Hylobates,Dryophytes cinereus,Hylobates,351.686545,348.4,355.7,32.0,TimeTree API pairwise summaryjson,
Green tree frog (Hyla cinerea),Brown lemurs (Eulemur spp.),8422,13513,Hyla cinerea,Eulemur,Dryophytes cinereus,Eulemur,351.686545,348.4,355.7,32.0,TimeTree API pairwise summaryjson,
Green tree frog (Hyla cinerea),Indri (Indri indri),8422,34827,Hyla cinerea,Indri indri,Dryophytes cinereus,Indri indri,351.686545,348.4,355.7,32.0,TimeTree API pairwise summaryjson,
Green tree frog (Hyla cinerea),Rhesus macaque (Macaca mulatta),8422,9544,Hyla cinerea,Macaca mulatta,Dryophytes cinereus,Macaca mulatta,351.686545,348.4,355.7,32.0,TimeTree API pairwise summaryjson,
Green tree frog (Hyla cinerea),Japanese macaque (Macaca fuscata),8422,9542,Hyla cinerea,Macaca fuscata,Dryophytes cinereus,Macaca fuscata,351.686545,348.4,355.7,32.0,TimeTree API pairwise summaryjson,
Green tree frog (Hyla cinerea),Vervet monkey (Chlorocebus pygerythrus),8422,60710,Hyla cinerea,Chlorocebus pygerythrus,Dryophytes cinereus,Chlorocebus pygerythrus,351.686545,348.4,355.7,32.0,TimeTree API pairwise summaryjson,
Green tree frog (Hyla cinerea),Campbell's monkey (Cercopithecus campbelli),8422,303588,Hyla cinerea,Cercopithecus campbelli,Dryophytes cinereus,Cercopithecus campbelli,351.686545,348.4,355.7,32.0,TimeTree API pairwise summaryjson,
Green tree frog (Hyla cinerea),Olive baboon (Papio anubis),8422,9555,Hyla cinerea,Papio anubis,Dryophytes cinereus,Papio anubis,351.686545,348.4,355.7,32.0,TimeTree API pairwise summaryjson,
Green tree frog (Hyla cinerea),Yellow baboon (Papio cynocephalus),8422,9556,Hyla cinerea,Papio cynocephalus,Dryophytes cinereus,Papio cynocephalus,351.686545,348.4,355.7,32.0,TimeTree API pairwise summaryjson,
Green tree frog (Hyla cinerea),Ring-tailed lemur (Lemur catta),8422,9447,Hyla cinerea,Lemur catta,Dryophytes cinereus,Lemur catta,351.686545,348.4,355.7,32.0,TimeTree API pairwise summaryjson,
Green tree frog (Hyla cinerea),Mouse lemurs (Microcebus spp.),8422,13149,Hyla cinerea,Microcebus,Dryophytes cinereus,Microcebus,351.686545,348.4,355.7,32.0,TimeTree API pairwise summaryjson,
Green tree frog (Hyla cinerea),Tufted capuchin (Sapajus apella),8422,9515,Hyla cinerea,Sapajus apella,Dryophytes cinereus,Sapajus apella,351.686545,348.4,355.7,32.0,TimeTree API pairwise summaryjson,
Green tree frog (Hyla cinerea),Common marmoset (Callithrix jacchus),8422,9483,Hyla cinerea,Callithrix jacchus,Dryophytes cinereus,Callithrix jacchus,351.686545,348.4,355.7,32.0,TimeTree API pairwise summaryjson,
Green tree frog (Hyla cinerea),Howler monkey (Alouatta spp.),8422,9499,Hyla cinerea,Alouatta,Dryophytes cinereus,Alouatta,351.686545,348.4,355.7,32.0,TimeTree API pairwise summaryjson,
Green tree frog (Hyla cinerea),Diana monkey (Cercopithecus diana),8422,36224,Hyla cinerea,Cercopithecus diana,Dryophytes cinereus,Cercopithecus diana,351.686545,348.4,355.7,32.0,TimeTree API pairwise summaryjson,
Green tree frog (Hyla cinerea),Putty-nosed monkey (Cercopithecus nictitans),8422,36228,Hyla cinerea,Cercopithecus nictitans,Dryophytes cinereus,Cercopithecus nictitans,351.686545,348.4,355.7,32.0,TimeTree API pairwise summaryjson,
Green tree frog (Hyla cinerea),Red-tailed monkey (Cercopithecus ascanius),8422,36223,Hyla cinerea,Cercopithecus ascanius,Dryophytes cinereus,Cercopithecus ascanius,351.686545,348.4,355.7,32.0,TimeTree API pairwise summaryjson,
Green tree frog (Hyla cinerea),De Brazza’s monkey (Cercopithecus neglectus),8422,36227,Hyla cinerea,Cercopithecus neglectus,Dryophytes cinereus,Cercopithecus neglectus,351.686545,348.4,355.7,32.0,TimeTree API pairwise summaryjson,
Green tree frog (Hyla cinerea),L’Hoest’s monkey (Allochrocebus lhoesti),8422,100224,Hyla cinerea,Allochrocebus lhoesti,Dryophytes cinereus,Allochrocebus lhoesti,351.686545,348.4,355.7,32.0,TimeTree API pairwise summaryjson,
Green tree frog (Hyla cinerea),Patas monkey (Erythrocebus patas),8422,9538,Hyla cinerea,Erythrocebus patas,Dryophytes cinereus,Erythrocebus patas,351.686545,348.4,355.7,32.0,TimeTree API pairwise summaryjson,
Green tree frog (Hyla cinerea),Talapoin monkey (Miopithecus talapoin),8422,36231,Hyla cinerea,Miopithecus talapoin,Dryophytes cinereus,Miopithecus talapoin,351.686545,348.4,355.7,32.0,TimeTree API pairwise summaryjson,
Green tree frog (Hyla cinerea),Gelada (Theropithecus gelada),8422,9565,Hyla cinerea,Theropithecus gelada,Dryophytes cinereus,Theropithecus gelada,351.686545,348.4,355.7,32.0,TimeTree API pairwise summaryjson,
Green tree frog (Hyla cinerea),Crowned monkey / Crowned guenon (Cercopithecus pogonias),8422,102108,Hyla cinerea,Cercopithecus pogonias,Dryophytes cinereus,Cercopithecus pogonias,351.686545,348.4,355.7,32.0,TimeTree API pairwise summaryjson,
Green tree frog (Hyla cinerea),Mona monkey (Cercopithecus mona),8422,36226,Hyla cinerea,Cercopithecus mona,Dryophytes cinereus,Cercopithecus mona,351.686545,348.4,355.7,32.0,TimeTree API pairwise summaryjson,
Green tree frog (Hyla cinerea),Chacma baboon (Papio ursinus),8422,36229,Hyla cinerea,Papio ursinus,Dryophytes cinereus,Papio ursinus,351.686545,348.4,355.7,32.0,TimeTree API pairwise summaryjson,
Green tree frog (Hyla cinerea),Zebra finch (Taeniopygia guttata),8422,59729,Hyla cinerea,Taeniopygia guttata,Dryophytes cinereus,Taeniopygia guttata,351.686545,348.4,355.7,32.0,TimeTree API pairwise summaryjson,
Túngara frog (Engystomops pustulosus),American bullfrog (Lithobates catesbeianus),76066,8400,Engystomops pustulosus,Lithobates catesbeianus,Engystomops pustulosus,Aquarana catesbeiana,150.01515,134.147,160.0088,26.0,TimeTree API pairwise summaryjson,
Túngara frog (Engystomops pustulosus),African savanna elephant (Loxodonta africana),76066,9785,Engystomops pustulosus,Loxodonta africana,Engystomops pustulosus,Loxodonta africana,351.686545,348.4,355.7,32.0,TimeTree API pairwise summaryjson,
Túngara frog (Engystomops pustulosus),Gray wolf (Canis lupus),76066,9612,Engystomops pustulosus,Canis lupus,Engystomops pustulosus,Canis lupus,351.686545,348.4,355.7,32.0,TimeTree API pairwise summaryjson,
Túngara frog (Engystomops pustulosus),Egyptian fruit bat (Rousettus aegyptiacus),76066,9407,Engystomops pustulosus,Rousettus aegyptiacus,Engystomops pustulosus,Rousettus aegyptiacus,351.686545,348.4,355.7,32.0,TimeTree API pairwise summaryjson,
Túngara frog (Engystomops pustulosus),Greater sac-winged bat (Saccopteryx bilineata),76066,59482,Engystomops pustulosus,Saccopteryx bilineata,Engystomops pustulosus,Saccopteryx bilineata,351.686545,348.4,355.7,32.0,TimeTree API pairwise summaryjson,
Túngara frog (Engystomops pustulosus),Bengalese finch (Lonchura striata domestica),76066,299123,Engystomops pustulosus,Lonchura striata domestica,Engystomops pustulosus,Lonchura striata domestica,351.686545,348.4,355.7,32.0,TimeTree API pairwise summaryjson,
Túngara frog (Engystomops pustulosus),Japanese tit (Parus minor),76066,213890,Engystomops pustulosus,Parus minor,Engystomops pustulosus,Parus minor,351.686545,348.4,355.7,32.0,TimeTree API pairwise summaryjson,
Túngara frog (Engystomops pustulosus),Plain-tailed wren (Pheugopedius euophrys),76066,2724890,Engystomops pustulosus,Pheugopedius euophrys,Engystomops pustulosus,Pheugopedius euophrys,351.686545,348.4,355.7,32.0,TimeTree API pairwise summaryjson,
Túngara frog (Engystomops pustulosus),White-browed sparrow-weaver (Plocepasser mahali),76066,99181,Engystomops pustulosus,Plocepasser mahali,Engystomops pustulosus,Plocepasser mahali,351.686545,348.4,355.7,32.0,TimeTree API pairwise summaryjson,
Túngara frog (Engystomops pustulosus),Chestnut-crowned babbler (Pomatostomus ruficeps),76066,9176,Engystomops pustulosus,Pomatostomus ruficeps,Engystomops pustulosus,Pomatostomus ruficeps,351.686545,348.4,355.7,32.0,TimeTree API pairwise summaryjson,
Túngara frog (Engystomops pustulosus),European starling (Sturnus vulgaris),76066,9172,Engystomops pustulosus,Sturnus vulgaris,Engystomops pustulosus,Sturnus vulgaris,351.686545,348.4,355.7,32.0,TimeTree API pairwise summaryjson,
Túngara frog (Engystomops pustulosus),African grey parrot (Psittacus erithacus),76066,57247,Engystomops pustulosus,Psittacus erithacus,Engystomops pustulosus,Psittacus erithacus,351.686545,348.4,355.7,32.0,TimeTree API pairwise summaryjson,
Túngara frog (Engystomops pustulosus),Mandrill (Mandrillus sphinx),76066,9561,Engystomops pustulosus,Mandrillus sphinx,Engystomops pustulosus,Mandrillus sphinx,351.686545,348.4,355.7,32.0,TimeTree API pairwise summaryjson,
Túngara frog (Engystomops pustulosus),Drill (Mandrillus leucophaeus),76066,9568,Engystomops pustulosus,Mandrillus leucophaeus,Engystomops pustulosus,Mandrillus leucophaeus,351.686545,348.4,355.7,32.0,TimeTree API pairwise summaryjson,
Túngara frog (Engystomops pustulosus),Red colobus (Piliocolobus spp.),76066,591932,Engystomops pustulosus,Piliocolobus,Engystomops pustulosus,Piliocolobus,351.686545,348.4,355.7,32.0,TimeTree API pairwise summaryjson,
Túngara frog (Engystomops pustulosus),Black-and-white colobus (Colobus guereza),76066,33548,Engystomops pustulosus,Colobus guereza,Engystomops pustulosus,Colobus guereza,351.686545,348.4,355.7,32.0,TimeTree API pairwise summaryjson,
Túngara frog (Engystomops pustulosus),Langurs (Semnopithecus spp. / Trachypithecus spp.),76066,88028,Engystomops pustulosus,Semnopithecus,Engystomops pustulosus,Semnopithecus,351.686545,348.4,355.7,32.0,TimeTree API pairwise summaryjson,
Túngara frog (Engystomops pustulosus),Chimpanzee (Pan troglodytes),76066,9598,Engystomops pustulosus,Pan troglodytes,Engystomops pustulosus,Pan troglodytes,351.686545,348.4,355.7,32.0,TimeTree API pairwise summaryjson,
Túngara frog (Engystomops pustulosus),Bonobo (Pan paniscus),76066,9597,Engystomops pustulosus,Pan paniscus,Engystomops pustulosus,Pan paniscus,351.686545,348.4,355.7,32.0,TimeTree API pairwise summaryjson,
Túngara frog (Engystomops pustulosus),Western Gorilla (Gorilla gorilla),76066,9593,Engystomops pustulosus,Gorilla gorilla,Engystomops pustulosus,Gorilla gorilla,351.686545,348.4,355.7,32.0,TimeTree API pairwise summaryjson,
Túngara frog (Engystomops pustulosus),Eastern Gorilla (Gorilla beringei),76066,499232,Engystomops pustulosus,Gorilla beringei,Engystomops pustulosus,Gorilla beringei,351.686545,348.4,355.7,32.0,TimeTree API pairwise summaryjson,
Túngara frog (Engystomops pustulosus),Bornean Orangutan (Pongo pygmaeus),76066,9600,Engystomops pustulosus,Pongo pygmaeus,Engystomops pustulosus,Pongo pygmaeus,351.686545,348.4,355.7,32.0,TimeTree API pairwise summaryjson,
Túngara frog (Engystomops pustulosus),Siamang (Symphalangus syndactylus),76066,9590,Engystomops pustulosus,Symphalangus syndactylus,Engystomops pustulosus,Symphalangus syndactylus,351.686545,348.4,355.7,32.0,TimeTree API pairwise summaryjson,
Túngara frog (Engystomops pustulosus),"Gibbons (Hylobates spp., Nomascus spp., Hoolock spp.)",76066,9578,Engystomops pustulosus,Hylobates,Engystomops pustulosus,Hylobates,351.686545,348.4,355.7,32.0,TimeTree API pairwise summaryjson,
Túngara frog (Engystomops pustulosus),Brown lemurs (Eulemur spp.),76066,13513,Engystomops pustulosus,Eulemur,Engystomops pustulosus,Eulemur,351.686545,348.4,355.7,32.0,TimeTree API pairwise summaryjson,
Túngara frog (Engystomops pustulosus),Indri (Indri indri),76066,34827,Engystomops pustulosus,Indri indri,Engystomops pustulosus,Indri indri,351.686545,348.4,355.7,32.0,TimeTree API pairwise summaryjson,
Túngara frog (Engystomops pustulosus),Rhesus macaque (Macaca mulatta),76066,9544,Engystomops pustulosus,Macaca mulatta,Engystomops pustulosus,Macaca mulatta,351.686545,348.4,355.7,32.0,TimeTree API pairwise summaryjson,
Túngara frog (Engystomops pustulosus),Japanese macaque (Macaca fuscata),76066,9542,Engystomops pustulosus,Macaca fuscata,Engystomops pustulosus,Macaca fuscata,351.686545,348.4,355.7,32.0,TimeTree API pairwise summaryjson,
Túngara frog (Engystomops pustulosus),Vervet monkey (Chlorocebus pygerythrus),76066,60710,Engystomops pustulosus,Chlorocebus pygerythrus,Engystomops pustulosus,Chlorocebus pygerythrus,351.686545,348.4,355.7,32.0,TimeTree API pairwise summaryjson,
Túngara frog (Engystomops pustulosus),Campbell's monkey (Cercopithecus campbelli),76066,303588,Engystomops pustulosus,Cercopithecus campbelli,Engystomops pustulosus,Cercopithecus campbelli,351.686545,348.4,355.7,32.0,TimeTree API pairwise summaryjson,
Túngara frog (Engystomops pustulosus),Olive baboon (Papio anubis),76066,9555,Engystomops pustulosus,Papio anubis,Engystomops pustulosus,Papio anubis,351.686545,348.4,355.7,32.0,TimeTree API pairwise summaryjson,
Túngara frog (Engystomops pustulosus),Yellow baboon (Papio cynocephalus),76066,9556,Engystomops pustulosus,Papio cynocephalus,Engystomops pustulosus,Papio cynocephalus,351.686545,348.4,355.7,32.0,TimeTree API pairwise summaryjson,
Túngara frog (Engystomops pustulosus),Ring-tailed lemur (Lemur catta),76066,9447,Engystomops pustulosus,Lemur catta,Engystomops pustulosus,Lemur catta,351.686545,348.4,355.7,32.0,TimeTree API pairwise summaryjson,
Túngara frog (Engystomops pustulosus),Mouse lemurs (Microcebus spp.),76066,13149,Engystomops pustulosus,Microcebus,Engystomops pustulosus,Microcebus,351.686545,348.4,355.7,32.0,TimeTree API pairwise summaryjson,
Túngara frog (Engystomops pustulosus),Tufted capuchin (Sapajus apella),76066,9515,Engystomops pustulosus,Sapajus apella,Engystomops pustulosus,Sapajus apella,351.686545,348.4,355.7,32.0,TimeTree API pairwise summaryjson,
Túngara frog (Engystomops pustulosus),Common marmoset (Callithrix jacchus),76066,9483,Engystomops pustulosus,Callithrix jacchus,Engystomops pustulosus,Callithrix jacchus,351.686545,348.4,355.7,32.0,TimeTree API pairwise summaryjson,
Túngara frog (Engystomops pustulosus),Howler monkey (Alouatta spp.),76066,9499,Engystomops pustulosus,Alouatta,Engystomops pustulosus,Alouatta,351.686545,348.4,355.7,32.0,TimeTree API pairwise summaryjson,
Túngara frog (Engystomops pustulosus),Diana monkey (Cercopithecus diana),76066,36224,Engystomops pustulosus,Cercopithecus diana,Engystomops pustulosus,Cercopithecus diana,351.686545,348.4,355.7,32.0,TimeTree API pairwise summaryjson,
Túngara frog (Engystomops pustulosus),Putty-nosed monkey (Cercopithecus nictitans),76066,36228,Engystomops pustulosus,Cercopithecus nictitans,Engystomops pustulosus,Cercopithecus nictitans,351.686545,348.4,355.7,32.0,TimeTree API pairwise summaryjson,
Túngara frog (Engystomops pustulosus),Red-tailed monkey (Cercopithecus ascanius),76066,36223,Engystomops pustulosus,Cercopithecus ascanius,Engystomops pustulosus,Cercopithecus ascanius,351.686545,348.4,355.7,32.0,TimeTree API pairwise summaryjson,
Túngara frog (Engystomops pustulosus),De Brazza’s monkey (Cercopithecus neglectus),76066,36227,Engystomops pustulosus,Cercopithecus neglectus,Engystomops pustulosus,Cercopithecus neglectus,351.686545,348.4,355.7,32.0,TimeTree API pairwise summaryjson,
Túngara frog (Engystomops pustulosus),L’Hoest’s monkey (Allochrocebus lhoesti),76066,100224,Engystomops pustulosus,Allochrocebus lhoesti,Engystomops pustulosus,Allochrocebus lhoesti,351.686545,348.4,355.7,32.0,TimeTree API pairwise summaryjson,
Túngara frog (Engystomops pustulosus),Patas monkey (Erythrocebus patas),76066,9538,Engystomops pustulosus,Erythrocebus patas,Engystomops pustulosus,Erythrocebus patas,351.686545,348.4,355.7,32.0,TimeTree API pairwise summaryjson,
Túngara frog (Engystomops pustulosus),Talapoin monkey (Miopithecus talapoin),76066,36231,Engystomops pustulosus,Miopithecus talapoin,Engystomops pustulosus,Miopithecus talapoin,351.686545,348.4,355.7,32.0,TimeTree API pairwise summaryjson,
Túngara frog (Engystomops pustulosus),Gelada (Theropithecus gelada),76066,9565,Engystomops pustulosus,Theropithecus gelada,Engystomops pustulosus,Theropithecus gelada,351.686545,348.4,355.7,32.0,TimeTree API pairwise summaryjson,
Túngara frog (Engystomops pustulosus),Crowned monkey / Crowned guenon (Cercopithecus pogonias),76066,102108,Engystomops pustulosus,Cercopithecus pogonias,Engystomops pustulosus,Cercopithecus pogonias,351.686545,348.4,355.7,32.0,TimeTree API pairwise summaryjson,
Túngara frog (Engystomops pustulosus),Mona monkey (Cercopithecus mona),76066,36226,Engystomops pustulosus,Cercopithecus mona,Engystomops pustulosus,Cercopithecus mona,351.686545,348.4,355.7,32.0,TimeTree API pairwise summaryjson,
Túngara frog (Engystomops pustulosus),Chacma baboon (Papio ursinus),76066,36229,Engystomops pustulosus,Papio ursinus,Engystomops pustulosus,Papio ursinus,351.686545,348.4,355.7,32.0,TimeTree API pairwise summaryjson,
Túngara frog (Engystomops pustulosus),Zebra finch (Taeniopygia guttata),76066,59729,Engystomops pustulosus,Taeniopygia guttata,Engystomops pustulosus,Taeniopygia guttata,351.686545,348.4,355.7,32.0,TimeTree API pairwise summaryjson,
American bullfrog (Lithobates catesbeianus),African savanna elephant (Loxodonta africana),8400,9785,Lithobates catesbeianus,Loxodonta africana,Aquarana catesbeiana,Loxodonta africana,351.686545,348.4,355.7,32.0,TimeTree API pairwise summaryjson,
American bullfrog (Lithobates catesbeianus),Gray wolf (Canis lupus),8400,9612,Lithobates catesbeianus,Canis lupus,Aquarana catesbeiana,Canis lupus,351.686545,348.4,355.7,32.0,TimeTree API pairwise summaryjson,
American bullfrog (Lithobates catesbeianus),Egyptian fruit bat (Rousettus aegyptiacus),8400,9407,Lithobates catesbeianus,Rousettus aegyptiacus,Aquarana catesbeiana,Rousettus aegyptiacus,351.686545,348.4,355.7,32.0,TimeTree API pairwise summaryjson,
American bullfrog (Lithobates catesbeianus),Greater sac-winged bat (Saccopteryx bilineata),8400,59482,Lithobates catesbeianus,Saccopteryx bilineata,Aquarana catesbeiana,Saccopteryx bilineata,351.686545,348.4,355.7,32.0,TimeTree API pairwise summaryjson,
American bullfrog (Lithobates catesbeianus),Bengalese finch (Lonchura striata domestica),8400,299123,Lithobates catesbeianus,Lonchura striata domestica,Aquarana catesbeiana,Lonchura striata domestica,351.686545,348.4,355.7,32.0,TimeTree API pairwise summaryjson,
American bullfrog (Lithobates catesbeianus),Japanese tit (Parus minor),8400,213890,Lithobates catesbeianus,Parus minor,Aquarana catesbeiana,Parus minor,351.686545,348.4,355.7,32.0,TimeTree API pairwise summaryjson,
American bullfrog (Lithobates catesbeianus),Plain-tailed wren (Pheugopedius euophrys),8400,2724890,Lithobates catesbeianus,Pheugopedius euophrys,Aquarana catesbeiana,Pheugopedius euophrys,351.686545,348.4,355.7,32.0,TimeTree API pairwise summaryjson,
American bullfrog (Lithobates catesbeianus),White-browed sparrow-weaver (Plocepasser mahali),8400,99181,Lithobates catesbeianus,Plocepasser mahali,Aquarana catesbeiana,Plocepasser mahali,351.686545,348.4,355.7,32.0,TimeTree API pairwise summaryjson,
American bullfrog (Lithobates catesbeianus),Chestnut-crowned babbler (Pomatostomus ruficeps),8400,9176,Lithobates catesbeianus,Pomatostomus ruficeps,Aquarana catesbeiana,Pomatostomus ruficeps,351.686545,348.4,355.7,32.0,TimeTree API pairwise summaryjson,
American bullfrog (Lithobates catesbeianus),European starling (Sturnus vulgaris),8400,9172,Lithobates catesbeianus,Sturnus vulgaris,Aquarana catesbeiana,Sturnus vulgaris,351.686545,348.4,355.7,32.0,TimeTree API pairwise summaryjson,
American bullfrog (Lithobates catesbeianus),African grey parrot (Psittacus erithacus),8400,57247,Lithobates catesbeianus,Psittacus erithacus,Aquarana catesbeiana,Psittacus erithacus,351.686545,348.4,355.7,32.0,TimeTree API pairwise summaryjson,
American bullfrog (Lithobates catesbeianus),Mandrill (Mandrillus sphinx),8400,9561,Lithobates catesbeianus,Mandrillus sphinx,Aquarana catesbeiana,Mandrillus sphinx,351.686545,348.4,355.7,32.0,TimeTree API pairwise summaryjson,
American bullfrog (Lithobates catesbeianus),Drill (Mandrillus leucophaeus),8400,9568,Lithobates catesbeianus,Mandrillus leucophaeus,Aquarana catesbeiana,Mandrillus leucophaeus,351.686545,348.4,355.7,32.0,TimeTree API pairwise summaryjson,
American bullfrog (Lithobates catesbeianus),Red colobus (Piliocolobus spp.),8400,591932,Lithobates catesbeianus,Piliocolobus,Aquarana catesbeiana,Piliocolobus,351.686545,348.4,355.7,32.0,TimeTree API pairwise summaryjson,
American bullfrog (Lithobates catesbeianus),Black-and-white colobus (Colobus guereza),8400,33548,Lithobates catesbeianus,Colobus guereza,Aquarana catesbeiana,Colobus guereza,351.686545,348.4,355.7,32.0,TimeTree API pairwise summaryjson,
American bullfrog (Lithobates catesbeianus),Langurs (Semnopithecus spp. / Trachypithecus spp.),8400,88028,Lithobates catesbeianus,Semnopithecus,Aquarana catesbeiana,Semnopithecus,351.686545,348.4,355.7,32.0,TimeTree API pairwise summaryjson,
American bullfrog (Lithobates catesbeianus),Chimpanzee (Pan troglodytes),8400,9598,Lithobates catesbeianus,Pan troglodytes,Aquarana catesbeiana,Pan troglodytes,351.686545,348.4,355.7,32.0,TimeTree API pairwise summaryjson,
American bullfrog (Lithobates catesbeianus),Bonobo (Pan paniscus),8400,9597,Lithobates catesbeianus,Pan paniscus,Aquarana catesbeiana,Pan paniscus,351.686545,348.4,355.7,32.0,TimeTree API pairwise summaryjson,
American bullfrog (Lithobates catesbeianus),Western Gorilla (Gorilla gorilla),8400,9593,Lithobates catesbeianus,Gorilla gorilla,Aquarana catesbeiana,Gorilla gorilla,351.686545,348.4,355.7,32.0,TimeTree API pairwise summaryjson,
American bullfrog (Lithobates catesbeianus),Eastern Gorilla (Gorilla beringei),8400,499232,Lithobates catesbeianus,Gorilla beringei,Aquarana catesbeiana,Gorilla beringei,351.686545,348.4,355.7,32.0,TimeTree API pairwise summaryjson,
American bullfrog (Lithobates catesbeianus),Bornean Orangutan (Pongo pygmaeus),8400,9600,Lithobates catesbeianus,Pongo pygmaeus,Aquarana catesbeiana,Pongo pygmaeus,351.686545,348.4,355.7,32.0,TimeTree API pairwise summaryjson,
American bullfrog (Lithobates catesbeianus),Siamang (Symphalangus syndactylus),8400,9590,Lithobates catesbeianus,Symphalangus syndactylus,Aquarana catesbeiana,Symphalangus syndactylus,351.686545,348.4,355.7,32.0,TimeTree API pairwise summaryjson,
American bullfrog (Lithobates catesbeianus),"Gibbons (Hylobates spp., Nomascus spp., Hoolock spp.)",8400,9578,Lithobates catesbeianus,Hylobates,Aquarana catesbeiana,Hylobates,351.686545,348.4,355.7,32.0,TimeTree API pairwise summaryjson,
American bullfrog (Lithobates catesbeianus),Brown lemurs (Eulemur spp.),8400,13513,Lithobates catesbeianus,Eulemur,Aquarana catesbeiana,Eulemur,351.686545,348.4,355.7,32.0,TimeTree API pairwise summaryjson,
American bullfrog (Lithobates catesbeianus),Indri (Indri indri),8400,34827,Lithobates catesbeianus,Indri indri,Aquarana catesbeiana,Indri indri,351.686545,348.4,355.7,32.0,TimeTree API pairwise summaryjson,
American bullfrog (Lithobates catesbeianus),Rhesus macaque (Macaca mulatta),8400,9544,Lithobates catesbeianus,Macaca mulatta,Aquarana catesbeiana,Macaca mulatta,351.686545,348.4,355.7,32.0,TimeTree API pairwise summaryjson,
American bullfrog (Lithobates catesbeianus),Japanese macaque (Macaca fuscata),8400,9542,Lithobates catesbeianus,Macaca fuscata,Aquarana catesbeiana,Macaca fuscata,351.686545,348.4,355.7,32.0,TimeTree API pairwise summaryjson,
American bullfrog (Lithobates catesbeianus),Vervet monkey (Chlorocebus pygerythrus),8400,60710,Lithobates catesbeianus,Chlorocebus pygerythrus,Aquarana catesbeiana,Chlorocebus pygerythrus,351.686545,348.4,355.7,32.0,TimeTree API pairwise summaryjson,
American bullfrog (Lithobates catesbeianus),Campbell's monkey (Cercopithecus campbelli),8400,303588,Lithobates catesbeianus,Cercopithecus campbelli,Aquarana catesbeiana,Cercopithecus campbelli,351.686545,348.4,355.7,32.0,TimeTree API pairwise summaryjson,
American bullfrog (Lithobates catesbeianus),Olive baboon (Papio anubis),8400,9555,Lithobates catesbeianus,Papio anubis,Aquarana catesbeiana,Papio anubis,351.686545,348.4,355.7,32.0,TimeTree API pairwise summaryjson,
American bullfrog (Lithobates catesbeianus),Yellow baboon (Papio cynocephalus),8400,9556,Lithobates catesbeianus,Papio cynocephalus,Aquarana catesbeiana,Papio cynocephalus,351.686545,348.4,355.7,32.0,TimeTree API pairwise summaryjson,
American bullfrog (Lithobates catesbeianus),Ring-tailed lemur (Lemur catta),8400,9447,Lithobates catesbeianus,Lemur catta,Aquarana catesbeiana,Lemur catta,351.686545,348.4,355.7,32.0,TimeTree API pairwise summaryjson,
American bullfrog (Lithobates catesbeianus),Mouse lemurs (Microcebus spp.),8400,13149,Lithobates catesbeianus,Microcebus,Aquarana catesbeiana,Microcebus,351.686545,348.4,355.7,32.0,TimeTree API pairwise summaryjson,
American bullfrog (Lithobates catesbeianus),Tufted capuchin (Sapajus apella),8400,9515,Lithobates catesbeianus,Sapajus apella,Aquarana catesbeiana,Sapajus apella,351.686545,348.4,355.7,32.0,TimeTree API pairwise summaryjson,
American bullfrog (Lithobates catesbeianus),Common marmoset (Callithrix jacchus),8400,9483,Lithobates catesbeianus,Callithrix jacchus,Aquarana catesbeiana,Callithrix jacchus,351.686545,348.4,355.7,32.0,TimeTree API pairwise summaryjson,
American bullfrog (Lithobates catesbeianus),Howler monkey (Alouatta spp.),8400,9499,Lithobates catesbeianus,Alouatta,Aquarana catesbeiana,Alouatta,351.686545,348.4,355.7,32.0,TimeTree API pairwise summaryjson,
American bullfrog (Lithobates catesbeianus),Diana monkey (Cercopithecus diana),8400,36224,Lithobates catesbeianus,Cercopithecus diana,Aquarana catesbeiana,Cercopithecus diana,351.686545,348.4,355.7,32.0,TimeTree API pairwise summaryjson,
American bullfrog (Lithobates catesbeianus),Putty-nosed monkey (Cercopithecus nictitans),8400,36228,Lithobates catesbeianus,Cercopithecus nictitans,Aquarana catesbeiana,Cercopithecus nictitans,351.686545,348.4,355.7,32.0,TimeTree API pairwise summaryjson,
American bullfrog (Lithobates catesbeianus),Red-tailed monkey (Cercopithecus ascanius),8400,36223,Lithobates catesbeianus,Cercopithecus ascanius,Aquarana catesbeiana,Cercopithecus ascanius,351.686545,348.4,355.7,32.0,TimeTree API pairwise summaryjson,
American bullfrog (Lithobates catesbeianus),De Brazza’s monkey (Cercopithecus neglectus),8400,36227,Lithobates catesbeianus,Cercopithecus neglectus,Aquarana catesbeiana,Cercopithecus neglectus,351.686545,348.4,355.7,32.0,TimeTree API pairwise summaryjson,
American bullfrog (Lithobates catesbeianus),L’Hoest’s monkey (Allochrocebus lhoesti),8400,100224,Lithobates catesbeianus,Allochrocebus lhoesti,Aquarana catesbeiana,Allochrocebus lhoesti,351.686545,348.4,355.7,32.0,TimeTree API pairwise summaryjson,
American bullfrog (Lithobates catesbeianus),Patas monkey (Erythrocebus patas),8400,9538,Lithobates catesbeianus,Erythrocebus patas,Aquarana catesbeiana,Erythrocebus patas,351.686545,348.4,355.7,32.0,TimeTree API pairwise summaryjson,
American bullfrog (Lithobates catesbeianus),Talapoin monkey (Miopithecus talapoin),8400,36231,Lithobates catesbeianus,Miopithecus talapoin,Aquarana catesbeiana,Miopithecus talapoin,351.686545,348.4,355.7,32.0,TimeTree API pairwise summaryjson,
American bullfrog (Lithobates catesbeianus),Gelada (Theropithecus gelada),8400,9565,Lithobates catesbeianus,Theropithecus gelada,Aquarana catesbeiana,Theropithecus gelada,351.686545,348.4,355.7,32.0,TimeTree API pairwise summaryjson,
American bullfrog (Lithobates catesbeianus),Crowned monkey / Crowned guenon (Cercopithecus pogonias),8400,102108,Lithobates catesbeianus,Cercopithecus pogonias,Aquarana catesbeiana,Cercopithecus pogonias,351.686545,348.4,355.7,32.0,TimeTree API pairwise summaryjson,
American bullfrog (Lithobates catesbeianus),Mona monkey (Cercopithecus mona),8400,36226,Lithobates catesbeianus,Cercopithecus mona,Aquarana catesbeiana,Cercopithecus mona,351.686545,348.4,355.7,32.0,TimeTree API pairwise summaryjson,
American bullfrog (Lithobates catesbeianus),Chacma baboon (Papio ursinus),8400,36229,Lithobates catesbeianus,Papio ursinus,Aquarana catesbeiana,Papio ursinus,351.686545,348.4,355.7,32.0,TimeTree API pairwise summaryjson,
American bullfrog (Lithobates catesbeianus),Zebra finch (Taeniopygia guttata),8400,59729,Lithobates catesbeianus,Taeniopygia guttata,Aquarana catesbeiana,Taeniopygia guttata,351.686545,348.4,355.7,32.0,TimeTree API pairwise summaryjson,
African savanna elephant (Loxodonta africana),Gray wolf (Canis lupus),9785,9612,Loxodonta africana,Canis lupus,Loxodonta africana,Canis lupus,99.1887,94.7,101.9,27.0,TimeTree API pairwise summaryjson,
African savanna elephant (Loxodonta africana),Egyptian fruit bat (Rousettus aegyptiacus),9785,9407,Loxodonta africana,Rousettus aegyptiacus,Loxodonta africana,Rousettus aegyptiacus,99.1887,94.7,101.9,27.0,TimeTree API pairwise summaryjson,
African savanna elephant (Loxodonta africana),Greater sac-winged bat (Saccopteryx bilineata),9785,59482,Loxodonta africana,Saccopteryx bilineata,Loxodonta africana,Saccopteryx bilineata,99.1887,94.7,101.9,27.0,TimeTree API pairwise summaryjson,
African savanna elephant (Loxodonta africana),Bengalese finch (Lonchura striata domestica),9785,299123,Loxodonta africana,Lonchura striata domestica,Loxodonta africana,Lonchura striata domestica,318.95,316.0,322.37,30.0,TimeTree API pairwise summaryjson,
African savanna elephant (Loxodonta africana),Japanese tit (Parus minor),9785,213890,Loxodonta africana,Parus minor,Loxodonta africana,Parus minor,318.95,316.0,322.37,30.0,TimeTree API pairwise summaryjson,
African savanna elephant (Loxodonta africana),Plain-tailed wren (Pheugopedius euophrys),9785,2724890,Loxodonta africana,Pheugopedius euophrys,Loxodonta africana,Pheugopedius euophrys,318.95,316.0,322.37,30.0,TimeTree API pairwise summaryjson,
African savanna elephant (Loxodonta africana),White-browed sparrow-weaver (Plocepasser mahali),9785,99181,Loxodonta africana,Plocepasser mahali,Loxodonta africana,Plocepasser mahali,318.95,316.0,322.37,30.0,TimeTree API pairwise summaryjson,
African savanna elephant (Loxodonta africana),Chestnut-crowned babbler (Pomatostomus ruficeps),9785,9176,Loxodonta africana,Pomatostomus ruficeps,Loxodonta africana,Pomatostomus ruficeps,318.95,316.0,322.37,30.0,TimeTree API pairwise summaryjson,
African savanna elephant (Loxodonta africana),European starling (Sturnus vulgaris),9785,9172,Loxodonta africana,Sturnus vulgaris,Loxodonta africana,Sturnus vulgaris,318.95,316.0,322.37,30.0,TimeTree API pairwise summaryjson,
African savanna elephant (Loxodonta africana),African grey parrot (Psittacus erithacus),9785,57247,Loxodonta africana,Psittacus erithacus,Loxodonta africana,Psittacus erithacus,318.95,316.0,322.37,30.0,TimeTree API pairwise summaryjson,
African savanna elephant (Loxodonta africana),Mandrill (Mandrillus sphinx),9785,9561,Loxodonta africana,Mandrillus sphinx,Loxodonta africana,Mandrillus sphinx,99.1887,94.7,101.9,27.0,TimeTree API pairwise summaryjson,
African savanna elephant (Loxodonta africana),Drill (Mandrillus leucophaeus),9785,9568,Loxodonta africana,Mandrillus leucophaeus,Loxodonta africana,Mandrillus leucophaeus,99.1887,94.7,101.9,27.0,TimeTree API pairwise summaryjson,
African savanna elephant (Loxodonta africana),Red colobus (Piliocolobus spp.),9785,591932,Loxodonta africana,Piliocolobus,Loxodonta africana,Piliocolobus,99.1887,94.7,101.9,27.0,TimeTree API pairwise summaryjson,
African savanna elephant (Loxodonta africana),Black-and-white colobus (Colobus guereza),9785,33548,Loxodonta africana,Colobus guereza,Loxodonta africana,Colobus guereza,99.1887,94.7,101.9,27.0,TimeTree API pairwise summaryjson,
African savanna elephant (Loxodonta africana),Langurs (Semnopithecus spp. / Trachypithecus spp.),9785,88028,Loxodonta africana,Semnopithecus,Loxodonta africana,Semnopithecus,99.1887,94.7,101.9,27.0,TimeTree API pairwise summaryjson,
African savanna elephant (Loxodonta africana),Chimpanzee (Pan troglodytes),9785,9598,Loxodonta africana,Pan troglodytes,Loxodonta africana,Pan troglodytes,99.1887,94.7,101.9,27.0,TimeTree API pairwise summaryjson,
African savanna elephant (Loxodonta africana),Bonobo (Pan paniscus),9785,9597,Loxodonta africana,Pan paniscus,Loxodonta africana,Pan paniscus,99.1887,94.7,101.9,27.0,TimeTree API pairwise summaryjson,
African savanna elephant (Loxodonta africana),Western Gorilla (Gorilla gorilla),9785,9593,Loxodonta africana,Gorilla gorilla,Loxodonta africana,Gorilla gorilla,99.1887,94.7,101.9,27.0,TimeTree API pairwise summaryjson,
African savanna elephant (Loxodonta africana),Eastern Gorilla (Gorilla beringei),9785,499232,Loxodonta africana,Gorilla beringei,Loxodonta africana,Gorilla beringei,99.1887,94.7,101.9,27.0,TimeTree API pairwise summaryjson,
African savanna elephant (Loxodonta africana),Bornean Orangutan (Pongo pygmaeus),9785,9600,Loxodonta africana,Pongo pygmaeus,Loxodonta africana,Pongo pygmaeus,99.1887,94.7,101.9,27.0,TimeTree API pairwise summaryjson,
African savanna elephant (Loxodonta africana),Siamang (Symphalangus syndactylus),9785,9590,Loxodonta africana,Symphalangus syndactylus,Loxodonta africana,Symphalangus syndactylus,99.1887,94.7,101.9,27.0,TimeTree API pairwise summaryjson,
African savanna elephant (Loxodonta africana),"Gibbons (Hylobates spp., Nomascus spp., Hoolock spp.)",9785,9578,Loxodonta africana,Hylobates,Loxodonta africana,Hylobates,99.1887,94.7,101.9,27.0,TimeTree API pairwise summaryjson,
African savanna elephant (Loxodonta africana),Brown lemurs (Eulemur spp.),9785,13513,Loxodonta africana,Eulemur,Loxodonta africana,Eulemur,99.1887,94.7,101.9,27.0,TimeTree API pairwise summaryjson,
African savanna elephant (Loxodonta africana),Indri (Indri indri),9785,34827,Loxodonta africana,Indri indri,Loxodonta africana,Indri indri,99.1887,94.7,101.9,27.0,TimeTree API pairwise summaryjson,
African savanna elephant (Loxodonta africana),Rhesus macaque (Macaca mulatta),9785,9544,Loxodonta africana,Macaca mulatta,Loxodonta africana,Macaca mulatta,99.1887,94.7,101.9,27.0,TimeTree API pairwise summaryjson,
African savanna elephant (Loxodonta africana),Japanese macaque (Macaca fuscata),9785,9542,Loxodonta africana,Macaca fuscata,Loxodonta africana,Macaca fuscata,99.1887,94.7,101.9,27.0,TimeTree API pairwise summaryjson,
African savanna elephant (Loxodonta africana),Vervet monkey (Chlorocebus pygerythrus),9785,60710,Loxodonta africana,Chlorocebus pygerythrus,Loxodonta africana,Chlorocebus pygerythrus,99.1887,94.7,101.9,27.0,TimeTree API pairwise summaryjson,
African savanna elephant (Loxodonta africana),Campbell's monkey (Cercopithecus campbelli),9785,303588,Loxodonta africana,Cercopithecus campbelli,Loxodonta africana,Cercopithecus campbelli,99.1887,94.7,101.9,27.0,TimeTree API pairwise summaryjson,
African savanna elephant (Loxodonta africana),Olive baboon (Papio anubis),9785,9555,Loxodonta africana,Papio anubis,Loxodonta africana,Papio anubis,99.1887,94.7,101.9,27.0,TimeTree API pairwise summaryjson,
African savanna elephant (Loxodonta africana),Yellow baboon (Papio cynocephalus),9785,9556,Loxodonta africana,Papio cynocephalus,Loxodonta africana,Papio cynocephalus,99.1887,94.7,101.9,27.0,TimeTree API pairwise summaryjson,
African savanna elephant (Loxodonta africana),Ring-tailed lemur (Lemur catta),9785,9447,Loxodonta africana,Lemur catta,Loxodonta africana,Lemur catta,99.1887,94.7,101.9,27.0,TimeTree API pairwise summaryjson,
African savanna elephant (Loxodonta africana),Mouse lemurs (Microcebus spp.),9785,13149,Loxodonta africana,Microcebus,Loxodonta africana,Microcebus,99.1887,94.7,101.9,27.0,TimeTree API pairwise summaryjson,
African savanna elephant (Loxodonta africana),Tufted capuchin (Sapajus apella),9785,9515,Loxodonta africana,Sapajus apella,Loxodonta africana,Sapajus apella,99.1887,94.7,101.9,27.0,TimeTree API pairwise summaryjson,
African savanna elephant (Loxodonta africana),Common marmoset (Callithrix jacchus),9785,9483,Loxodonta africana,Callithrix jacchus,Loxodonta africana,Callithrix jacchus,99.1887,94.7,101.9,27.0,TimeTree API pairwise summaryjson,
African savanna elephant (Loxodonta africana),Howler monkey (Alouatta spp.),9785,9499,Loxodonta africana,Alouatta,Loxodonta africana,Alouatta,99.1887,94.7,101.9,27.0,TimeTree API pairwise summaryjson,
African savanna elephant (Loxodonta africana),Diana monkey (Cercopithecus diana),9785,36224,Loxodonta africana,Cercopithecus diana,Loxodonta africana,Cercopithecus diana,99.1887,94.7,101.9,27.0,TimeTree API pairwise summaryjson,
African savanna elephant (Loxodonta africana),Putty-nosed monkey (Cercopithecus nictitans),9785,36228,Loxodonta africana,Cercopithecus nictitans,Loxodonta africana,Cercopithecus nictitans,99.1887,94.7,101.9,27.0,TimeTree API pairwise summaryjson,
African savanna elephant (Loxodonta africana),Red-tailed monkey (Cercopithecus ascanius),9785,36223,Loxodonta africana,Cercopithecus ascanius,Loxodonta africana,Cercopithecus ascanius,99.1887,94.7,101.9,27.0,TimeTree API pairwise summaryjson,
African savanna elephant (Loxodonta africana),De Brazza’s monkey (Cercopithecus neglectus),9785,36227,Loxodonta africana,Cercopithecus neglectus,Loxodonta africana,Cercopithecus neglectus,99.1887,94.7,101.9,27.0,TimeTree API pairwise summaryjson,
African savanna elephant (Loxodonta africana),L’Hoest’s monkey (Allochrocebus lhoesti),9785,100224,Loxodonta africana,Allochrocebus lhoesti,Loxodonta africana,Allochrocebus lhoesti,99.1887,94.7,101.9,27.0,TimeTree API pairwise summaryjson,
African savanna elephant (Loxodonta africana),Patas monkey (Erythrocebus patas),9785,9538,Loxodonta africana,Erythrocebus patas,Loxodonta africana,Erythrocebus patas,99.1887,94.7,101.9,27.0,TimeTree API pairwise summaryjson,
African savanna elephant (Loxodonta africana),Talapoin monkey (Miopithecus talapoin),9785,36231,Loxodonta africana,Miopithecus talapoin,Loxodonta africana,Miopithecus talapoin,99.1887,94.7,101.9,27.0,TimeTree API pairwise summaryjson,
African savanna elephant (Loxodonta africana),Gelada (Theropithecus gelada),9785,9565,Loxodonta africana,Theropithecus gelada,Loxodonta africana,Theropithecus gelada,99.1887,94.7,101.9,27.0,TimeTree API pairwise summaryjson,
African savanna elephant (Loxodonta africana),Crowned monkey / Crowned guenon (Cercopithecus pogonias),9785,102108,Loxodonta africana,Cercopithecus pogonias,Loxodonta africana,Cercopithecus pogonias,99.1887,94.7,101.9,27.0,TimeTree API pairwise summaryjson,
African savanna elephant (Loxodonta africana),Mona monkey (Cercopithecus mona),9785,36226,Loxodonta africana,Cercopithecus mona,Loxodonta africana,Cercopithecus mona,99.1887,94.7,101.9,27.0,TimeTree API pairwise summaryjson,
African savanna elephant (Loxodonta africana),Chacma baboon (Papio ursinus),9785,36229,Loxodonta africana,Papio ursinus,Loxodonta africana,Papio ursinus,99.1887,94.7,101.9,27.0,TimeTree API pairwise summaryjson,
African savanna elephant (Loxodonta africana),Zebra finch (Taeniopygia guttata),9785,59729,Loxodonta africana,Taeniopygia guttata,Loxodonta africana,Taeniopygia guttata,318.95,316.0,322.37,30.0,TimeTree API pairwise summaryjson,
Gray wolf (Canis lupus),Egyptian fruit bat (Rousettus aegyptiacus),9612,9407,Canis lupus,Rousettus aegyptiacus,Canis lupus,Rousettus aegyptiacus,81.026045,68.4,82.6,18.0,TimeTree API pairwise summaryjson,
Gray wolf (Canis lupus),Greater sac-winged bat (Saccopteryx bilineata),9612,59482,Canis lupus,Saccopteryx bilineata,Canis lupus,Saccopteryx bilineata,81.026045,68.4,82.6,18.0,TimeTree API pairwise summaryjson,
Gray wolf (Canis lupus),Bengalese finch (Lonchura striata domestica),9612,299123,Canis lupus,Lonchura striata domestica,Canis lupus,Lonchura striata domestica,318.95,316.0,322.37,30.0,TimeTree API pairwise summaryjson,
Gray wolf (Canis lupus),Japanese tit (Parus minor),9612,213890,Canis lupus,Parus minor,Canis lupus,Parus minor,318.95,316.0,322.37,30.0,TimeTree API pairwise summaryjson,
Gray wolf (Canis lupus),Plain-tailed wren (Pheugopedius euophrys),9612,2724890,Canis lupus,Pheugopedius euophrys,Canis lupus,Pheugopedius euophrys,318.95,316.0,322.37,30.0,TimeTree API pairwise summaryjson,
Gray wolf (Canis lupus),White-browed sparrow-weaver (Plocepasser mahali),9612,99181,Canis lupus,Plocepasser mahali,Canis lupus,Plocepasser mahali,318.95,316.0,322.37,30.0,TimeTree API pairwise summaryjson,
Gray wolf (Canis lupus),Chestnut-crowned babbler (Pomatostomus ruficeps),9612,9176,Canis lupus,Pomatostomus ruficeps,Canis lupus,Pomatostomus ruficeps,318.95,316.0,322.37,30.0,TimeTree API pairwise summaryjson,
Gray wolf (Canis lupus),European starling (Sturnus vulgaris),9612,9172,Canis lupus,Sturnus vulgaris,Canis lupus,Sturnus vulgaris,318.95,316.0,322.37,30.0,TimeTree API pairwise summaryjson,
Gray wolf (Canis lupus),African grey parrot (Psittacus erithacus),9612,57247,Canis lupus,Psittacus erithacus,Canis lupus,Psittacus erithacus,318.95,316.0,322.37,30.0,TimeTree API pairwise summaryjson,
Gray wolf (Canis lupus),Mandrill (Mandrillus sphinx),9612,9561,Canis lupus,Mandrillus sphinx,Canis lupus,Mandrillus sphinx,94.0,91.5,97.4,63.0,TimeTree API pairwise summaryjson,
Gray wolf (Canis lupus),Drill (Mandrillus leucophaeus),9612,9568,Canis lupus,Mandrillus leucophaeus,Canis lupus,Mandrillus leucophaeus,94.0,91.5,97.4,63.0,TimeTree API pairwise summaryjson,
Gray wolf (Canis lupus),Red colobus (Piliocolobus spp.),9612,591932,Canis lupus,Piliocolobus,Canis lupus,Piliocolobus,94.0,91.5,97.4,63.0,TimeTree API pairwise summaryjson,
Gray wolf (Canis lupus),Black-and-white colobus (Colobus guereza),9612,33548,Canis lupus,Colobus guereza,Canis lupus,Colobus guereza,94.0,91.5,97.4,63.0,TimeTree API pairwise summaryjson,
Gray wolf (Canis lupus),Langurs (Semnopithecus spp. / Trachypithecus spp.),9612,88028,Canis lupus,Semnopithecus,Canis lupus,Semnopithecus,94.0,91.5,97.4,63.0,TimeTree API pairwise summaryjson,
Gray wolf (Canis lupus),Chimpanzee (Pan troglodytes),9612,9598,Canis lupus,Pan troglodytes,Canis lupus,Pan troglodytes,94.0,91.5,97.4,63.0,TimeTree API pairwise summaryjson,
Gray wolf (Canis lupus),Bonobo (Pan paniscus),9612,9597,Canis lupus,Pan paniscus,Canis lupus,Pan paniscus,94.0,91.5,97.4,63.0,TimeTree API pairwise summaryjson,
Gray wolf (Canis lupus),Western Gorilla (Gorilla gorilla),9612,9593,Canis lupus,Gorilla gorilla,Canis lupus,Gorilla gorilla,94.0,91.5,97.4,63.0,TimeTree API pairwise summaryjson,
Gray wolf (Canis lupus),Eastern Gorilla (Gorilla beringei),9612,499232,Canis lupus,Gorilla beringei,Canis lupus,Gorilla beringei,94.0,91.5,97.4,63.0,TimeTree API pairwise summaryjson,
Gray wolf (Canis lupus),Bornean Orangutan (Pongo pygmaeus),9612,9600,Canis lupus,Pongo pygmaeus,Canis lupus,Pongo pygmaeus,94.0,91.5,97.4,63.0,TimeTree API pairwise summaryjson,
Gray wolf (Canis lupus),Siamang (Symphalangus syndactylus),9612,9590,Canis lupus,Symphalangus syndactylus,Canis lupus,Symphalangus syndactylus,94.0,91.5,97.4,63.0,TimeTree API pairwise summaryjson,
Gray wolf (Canis lupus),"Gibbons (Hylobates spp., Nomascus spp., Hoolock spp.)",9612,9578,Canis lupus,Hylobates,Canis lupus,Hylobates,94.0,91.5,97.4,63.0,TimeTree API pairwise summaryjson,
Gray wolf (Canis lupus),Brown lemurs (Eulemur spp.),9612,13513,Canis lupus,Eulemur,Canis lupus,Eulemur,94.0,91.5,97.4,63.0,TimeTree API pairwise summaryjson,
Gray wolf (Canis lupus),Indri (Indri indri),9612,34827,Canis lupus,Indri indri,Canis lupus,Indri indri,94.0,91.5,97.4,63.0,TimeTree API pairwise summaryjson,
Gray wolf (Canis lupus),Rhesus macaque (Macaca mulatta),9612,9544,Canis lupus,Macaca mulatta,Canis lupus,Macaca mulatta,94.0,91.5,97.4,63.0,TimeTree API pairwise summaryjson,
Gray wolf (Canis lupus),Japanese macaque (Macaca fuscata),9612,9542,Canis lupus,Macaca fuscata,Canis lupus,Macaca fuscata,94.0,91.5,97.4,63.0,TimeTree API pairwise summaryjson,
Gray wolf (Canis lupus),Vervet monkey (Chlorocebus pygerythrus),9612,60710,Canis lupus,Chlorocebus pygerythrus,Canis lupus,Chlorocebus pygerythrus,94.0,91.5,97.4,63.0,TimeTree API pairwise summaryjson,
Gray wolf (Canis lupus),Campbell's monkey (Cercopithecus campbelli),9612,303588,Canis lupus,Cercopithecus campbelli,Canis lupus,Cercopithecus campbelli,94.0,91.5,97.4,63.0,TimeTree API pairwise summaryjson,
Gray wolf (Canis lupus),Olive baboon (Papio anubis),9612,9555,Canis lupus,Papio anubis,Canis lupus,Papio anubis,94.0,91.5,97.4,63.0,TimeTree API pairwise summaryjson,
Gray wolf (Canis lupus),Yellow baboon (Papio cynocephalus),9612,9556,Canis lupus,Papio cynocephalus,Canis lupus,Papio cynocephalus,94.0,91.5,97.4,63.0,TimeTree API pairwise summaryjson,
Gray wolf (Canis lupus),Ring-tailed lemur (Lemur catta),9612,9447,Canis lupus,Lemur catta,Canis lupus,Lemur catta,94.0,91.5,97.4,63.0,TimeTree API pairwise summaryjson,
Gray wolf (Canis lupus),Mouse lemurs (Microcebus spp.),9612,13149,Canis lupus,Microcebus,Canis lupus,Microcebus,94.0,91.5,97.4,63.0,TimeTree API pairwise summaryjson,
Gray wolf (Canis lupus),Tufted capuchin (Sapajus apella),9612,9515,Canis lupus,Sapajus apella,Canis lupus,Sapajus apella,94.0,91.5,97.4,63.0,TimeTree API pairwise summaryjson,
Gray wolf (Canis lupus),Common marmoset (Callithrix jacchus),9612,9483,Canis lupus,Callithrix jacchus,Canis lupus,Callithrix jacchus,94.0,91.5,97.4,63.0,TimeTree API pairwise summaryjson,
Gray wolf (Canis lupus),Howler monkey (Alouatta spp.),9612,9499,Canis lupus,Alouatta,Canis lupus,Alouatta,94.0,91.5,97.4,63.0,TimeTree API pairwise summaryjson,
Gray wolf (Canis lupus),Diana monkey (Cercopithecus diana),9612,36224,Canis lupus,Cercopithecus diana,Canis lupus,Cercopithecus diana,94.0,91.5,97.4,63.0,TimeTree API pairwise summaryjson,
Gray wolf (Canis lupus),Putty-nosed monkey (Cercopithecus nictitans),9612,36228,Canis lupus,Cercopithecus nictitans,Canis lupus,Cercopithecus nictitans,94.0,91.5,97.4,63.0,TimeTree API pairwise summaryjson,
Gray wolf (Canis lupus),Red-tailed monkey (Cercopithecus ascanius),9612,36223,Canis lupus,Cercopithecus ascanius,Canis lupus,Cercopithecus ascanius,94.0,91.5,97.4,63.0,TimeTree API pairwise summaryjson,
Gray wolf (Canis lupus),De Brazza’s monkey (Cercopithecus neglectus),9612,36227,Canis lupus,Cercopithecus neglectus,Canis lupus,Cercopithecus neglectus,94.0,91.5,97.4,63.0,TimeTree API pairwise summaryjson,
Gray wolf (Canis lupus),L’Hoest’s monkey (Allochrocebus lhoesti),9612,100224,Canis lupus,Allochrocebus lhoesti,Canis lupus,Allochrocebus lhoesti,94.0,91.5,97.4,63.0,TimeTree API pairwise summaryjson,
Gray wolf (Canis lupus),Patas monkey (Erythrocebus patas),9612,9538,Canis lupus,Erythrocebus patas,Canis lupus,Erythrocebus patas,94.0,91.5,97.4,63.0,TimeTree API pairwise summaryjson,
Gray wolf (Canis lupus),Talapoin monkey (Miopithecus talapoin),9612,36231,Canis lupus,Miopithecus talapoin,Canis lupus,Miopithecus talapoin,94.0,91.5,97.4,63.0,TimeTree API pairwise summaryjson,
Gray wolf (Canis lupus),Gelada (Theropithecus gelada),9612,9565,Canis lupus,Theropithecus gelada,Canis lupus,Theropithecus gelada,94.0,91.5,97.4,63.0,TimeTree API pairwise summaryjson,
Gray wolf (Canis lupus),Crowned monkey / Crowned guenon (Cercopithecus pogonias),9612,102108,Canis lupus,Cercopithecus pogonias,Canis lupus,Cercopithecus pogonias,94.0,91.5,97.4,63.0,TimeTree API pairwise summaryjson,
Gray wolf (Canis lupus),Mona monkey (Cercopithecus mona),9612,36226,Canis lupus,Cercopithecus mona,Canis lupus,Cercopithecus mona,94.0,91.5,97.4,63.0,TimeTree API pairwise summaryjson,
Gray wolf (Canis lupus),Chacma baboon (Papio ursinus),9612,36229,Canis lupus,Papio ursinus,Canis lupus,Papio ursinus,94.0,91.5,97.4,63.0,TimeTree API pairwise summaryjson,
Gray wolf (Canis lupus),Zebra finch (Taeniopygia guttata),9612,59729,Canis lupus,Taeniopygia guttata,Canis lupus,Taeniopygia guttata,318.95,316.0,322.37,30.0,TimeTree API pairwise summaryjson,
Egyptian fruit bat (Rousettus aegyptiacus),Greater sac-winged bat (Saccopteryx bilineata),9407,59482,Rousettus aegyptiacus,Saccopteryx bilineata,Rousettus aegyptiacus,Saccopteryx bilineata,62.0,57.9,64.0,29.0,TimeTree API pairwise summaryjson,
Egyptian fruit bat (Rousettus aegyptiacus),Bengalese finch (Lonchura striata domestica),9407,299123,Rousettus aegyptiacus,Lonchura striata domestica,Rousettus aegyptiacus,Lonchura striata domestica,318.95,316.0,322.37,30.0,TimeTree API pairwise summaryjson,
Egyptian fruit bat (Rousettus aegyptiacus),Japanese tit (Parus minor),9407,213890,Rousettus aegyptiacus,Parus minor,Rousettus aegyptiacus,Parus minor,318.95,316.0,322.37,30.0,TimeTree API pairwise summaryjson,
Egyptian fruit bat (Rousettus aegyptiacus),Plain-tailed wren (Pheugopedius euophrys),9407,2724890,Rousettus aegyptiacus,Pheugopedius euophrys,Rousettus aegyptiacus,Pheugopedius euophrys,318.95,316.0,322.37,30.0,TimeTree API pairwise summaryjson,
Egyptian fruit bat (Rousettus aegyptiacus),White-browed sparrow-weaver (Plocepasser mahali),9407,99181,Rousettus aegyptiacus,Plocepasser mahali,Rousettus aegyptiacus,Plocepasser mahali,318.95,316.0,322.37,30.0,TimeTree API pairwise summaryjson,
Egyptian fruit bat (Rousettus aegyptiacus),Chestnut-crowned babbler (Pomatostomus ruficeps),9407,9176,Rousettus aegyptiacus,Pomatostomus ruficeps,Rousettus aegyptiacus,Pomatostomus ruficeps,318.95,316.0,322.37,30.0,TimeTree API pairwise summaryjson,
Egyptian fruit bat (Rousettus aegyptiacus),European starling (Sturnus vulgaris),9407,9172,Rousettus aegyptiacus,Sturnus vulgaris,Rousettus aegyptiacus,Sturnus vulgaris,318.95,316.0,322.37,30.0,TimeTree API pairwise summaryjson,
Egyptian fruit bat (Rousettus aegyptiacus),African grey parrot (Psittacus erithacus),9407,57247,Rousettus aegyptiacus,Psittacus erithacus,Rousettus aegyptiacus,Psittacus erithacus,318.95,316.0,322.37,30.0,TimeTree API pairwise summaryjson,
Egyptian fruit bat (Rousettus aegyptiacus),Mandrill (Mandrillus sphinx),9407,9561,Rousettus aegyptiacus,Mandrillus sphinx,Rousettus aegyptiacus,Mandrillus sphinx,94.0,91.5,97.4,63.0,TimeTree API pairwise summaryjson,
Egyptian fruit bat (Rousettus aegyptiacus),Drill (Mandrillus leucophaeus),9407,9568,Rousettus aegyptiacus,Mandrillus leucophaeus,Rousettus aegyptiacus,Mandrillus leucophaeus,94.0,91.5,97.4,63.0,TimeTree API pairwise summaryjson,
Egyptian fruit bat (Rousettus aegyptiacus),Red colobus (Piliocolobus spp.),9407,591932,Rousettus aegyptiacus,Piliocolobus,Rousettus aegyptiacus,Piliocolobus,94.0,91.5,97.4,63.0,TimeTree API pairwise summaryjson,
Egyptian fruit bat (Rousettus aegyptiacus),Black-and-white colobus (Colobus guereza),9407,33548,Rousettus aegyptiacus,Colobus guereza,Rousettus aegyptiacus,Colobus guereza,94.0,91.5,97.4,63.0,TimeTree API pairwise summaryjson,
Egyptian fruit bat (Rousettus aegyptiacus),Langurs (Semnopithecus spp. / Trachypithecus spp.),9407,88028,Rousettus aegyptiacus,Semnopithecus,Rousettus aegyptiacus,Semnopithecus,94.0,91.5,97.4,63.0,TimeTree API pairwise summaryjson,
Egyptian fruit bat (Rousettus aegyptiacus),Chimpanzee (Pan troglodytes),9407,9598,Rousettus aegyptiacus,Pan troglodytes,Rousettus aegyptiacus,Pan troglodytes,94.0,91.5,97.4,63.0,TimeTree API pairwise summaryjson,
Egyptian fruit bat (Rousettus aegyptiacus),Bonobo (Pan paniscus),9407,9597,Rousettus aegyptiacus,Pan paniscus,Rousettus aegyptiacus,Pan paniscus,94.0,91.5,97.4,63.0,TimeTree API pairwise summaryjson,
Egyptian fruit bat (Rousettus aegyptiacus),Western Gorilla (Gorilla gorilla),9407,9593,Rousettus aegyptiacus,Gorilla gorilla,Rousettus aegyptiacus,Gorilla gorilla,94.0,91.5,97.4,63.0,TimeTree API pairwise summaryjson,
Egyptian fruit bat (Rousettus aegyptiacus),Eastern Gorilla (Gorilla beringei),9407,499232,Rousettus aegyptiacus,Gorilla beringei,Rousettus aegyptiacus,Gorilla beringei,94.0,91.5,97.4,63.0,TimeTree API pairwise summaryjson,
Egyptian fruit bat (Rousettus aegyptiacus),Bornean Orangutan (Pongo pygmaeus),9407,9600,Rousettus aegyptiacus,Pongo pygmaeus,Rousettus aegyptiacus,Pongo pygmaeus,94.0,91.5,97.4,63.0,TimeTree API pairwise summaryjson,
Egyptian fruit bat (Rousettus aegyptiacus),Siamang (Symphalangus syndactylus),9407,9590,Rousettus aegyptiacus,Symphalangus syndactylus,Rousettus aegyptiacus,Symphalangus syndactylus,94.0,91.5,97.4,63.0,TimeTree API pairwise summaryjson,
Egyptian fruit bat (Rousettus aegyptiacus),"Gibbons (Hylobates spp., Nomascus spp., Hoolock spp.)",9407,9578,Rousettus aegyptiacus,Hylobates,Rousettus aegyptiacus,Hylobates,94.0,91.5,97.4,63.0,TimeTree API pairwise summaryjson,
Egyptian fruit bat (Rousettus aegyptiacus),Brown lemurs (Eulemur spp.),9407,13513,Rousettus aegyptiacus,Eulemur,Rousettus aegyptiacus,Eulemur,94.0,91.5,97.4,63.0,TimeTree API pairwise summaryjson,
Egyptian fruit bat (Rousettus aegyptiacus),Indri (Indri indri),9407,34827,Rousettus aegyptiacus,Indri indri,Rousettus aegyptiacus,Indri indri,94.0,91.5,97.4,63.0,TimeTree API pairwise summaryjson,
Egyptian fruit bat (Rousettus aegyptiacus),Rhesus macaque (Macaca mulatta),9407,9544,Rousettus aegyptiacus,Macaca mulatta,Rousettus aegyptiacus,Macaca mulatta,94.0,91.5,97.4,63.0,TimeTree API pairwise summaryjson,
Egyptian fruit bat (Rousettus aegyptiacus),Japanese macaque (Macaca fuscata),9407,9542,Rousettus aegyptiacus,Macaca fuscata,Rousettus aegyptiacus,Macaca fuscata,94.0,91.5,97.4,63.0,TimeTree API pairwise summaryjson,
Egyptian fruit bat (Rousettus aegyptiacus),Vervet monkey (Chlorocebus pygerythrus),9407,60710,Rousettus aegyptiacus,Chlorocebus pygerythrus,Rousettus aegyptiacus,Chlorocebus pygerythrus,94.0,91.5,97.4,63.0,TimeTree API pairwise summaryjson,
Egyptian fruit bat (Rousettus aegyptiacus),Campbell's monkey (Cercopithecus campbelli),9407,303588,Rousettus aegyptiacus,Cercopithecus campbelli,Rousettus aegyptiacus,Cercopithecus campbelli,94.0,91.5,97.4,63.0,TimeTree API pairwise summaryjson,
Egyptian fruit bat (Rousettus aegyptiacus),Olive baboon (Papio anubis),9407,9555,Rousettus aegyptiacus,Papio anubis,Rousettus aegyptiacus,Papio anubis,94.0,91.5,97.4,63.0,TimeTree API pairwise summaryjson,
Egyptian fruit bat (Rousettus aegyptiacus),Yellow baboon (Papio cynocephalus),9407,9556,Rousettus aegyptiacus,Papio cynocephalus,Rousettus aegyptiacus,Papio cynocephalus,94.0,91.5,97.4,63.0,TimeTree API pairwise summaryjson,
Egyptian fruit bat (Rousettus aegyptiacus),Ring-tailed lemur (Lemur catta),9407,9447,Rousettus aegyptiacus,Lemur catta,Rousettus aegyptiacus,Lemur catta,94.0,91.5,97.4,63.0,TimeTree API pairwise summaryjson,
Egyptian fruit bat (Rousettus aegyptiacus),Mouse lemurs (Microcebus spp.),9407,13149,Rousettus aegyptiacus,Microcebus,Rousettus aegyptiacus,Microcebus,94.0,91.5,97.4,63.0,TimeTree API pairwise summaryjson,
Egyptian fruit bat (Rousettus aegyptiacus),Tufted capuchin (Sapajus apella),9407,9515,Rousettus aegyptiacus,Sapajus apella,Rousettus aegyptiacus,Sapajus apella,94.0,91.5,97.4,63.0,TimeTree API pairwise summaryjson,
Egyptian fruit bat (Rousettus aegyptiacus),Common marmoset (Callithrix jacchus),9407,9483,Rousettus aegyptiacus,Callithrix jacchus,Rousettus aegyptiacus,Callithrix jacchus,94.0,91.5,97.4,63.0,TimeTree API pairwise summaryjson,
Egyptian fruit bat (Rousettus aegyptiacus),Howler monkey (Alouatta spp.),9407,9499,Rousettus aegyptiacus,Alouatta,Rousettus aegyptiacus,Alouatta,94.0,91.5,97.4,63.0,TimeTree API pairwise summaryjson,
Egyptian fruit bat (Rousettus aegyptiacus),Diana monkey (Cercopithecus diana),9407,36224,Rousettus aegyptiacus,Cercopithecus diana,Rousettus aegyptiacus,Cercopithecus diana,94.0,91.5,97.4,63.0,TimeTree API pairwise summaryjson,
Egyptian fruit bat (Rousettus aegyptiacus),Putty-nosed monkey (Cercopithecus nictitans),9407,36228,Rousettus aegyptiacus,Cercopithecus nictitans,Rousettus aegyptiacus,Cercopithecus nictitans,94.0,91.5,97.4,63.0,TimeTree API pairwise summaryjson,
Egyptian fruit bat (Rousettus aegyptiacus),Red-tailed monkey (Cercopithecus ascanius),9407,36223,Rousettus aegyptiacus,Cercopithecus ascanius,Rousettus aegyptiacus,Cercopithecus ascanius,94.0,91.5,97.4,63.0,TimeTree API pairwise summaryjson,
Egyptian fruit bat (Rousettus aegyptiacus),De Brazza’s monkey (Cercopithecus neglectus),9407,36227,Rousettus aegyptiacus,Cercopithecus neglectus,Rousettus aegyptiacus,Cercopithecus neglectus,94.0,91.5,97.4,63.0,TimeTree API pairwise summaryjson,
Egyptian fruit bat (Rousettus aegyptiacus),L’Hoest’s monkey (Allochrocebus lhoesti),9407,100224,Rousettus aegyptiacus,Allochrocebus lhoesti,Rousettus aegyptiacus,Allochrocebus lhoesti,94.0,91.5,97.4,63.0,TimeTree API pairwise summaryjson,
Egyptian fruit bat (Rousettus aegyptiacus),Patas monkey (Erythrocebus patas),9407,9538,Rousettus aegyptiacus,Erythrocebus patas,Rousettus aegyptiacus,Erythrocebus patas,94.0,91.5,97.4,63.0,TimeTree API pairwise summaryjson,
Egyptian fruit bat (Rousettus aegyptiacus),Talapoin monkey (Miopithecus talapoin),9407,36231,Rousettus aegyptiacus,Miopithecus talapoin,Rousettus aegyptiacus,Miopithecus talapoin,94.0,91.5,97.4,63.0,TimeTree API pairwise summaryjson,
Egyptian fruit bat (Rousettus aegyptiacus),Gelada (Theropithecus gelada),9407,9565,Rousettus aegyptiacus,Theropithecus gelada,Rousettus aegyptiacus,Theropithecus gelada,94.0,91.5,97.4,63.0,TimeTree API pairwise summaryjson,
Egyptian fruit bat (Rousettus aegyptiacus),Crowned monkey / Crowned guenon (Cercopithecus pogonias),9407,102108,Rousettus aegyptiacus,Cercopithecus pogonias,Rousettus aegyptiacus,Cercopithecus pogonias,94.0,91.5,97.4,63.0,TimeTree API pairwise summaryjson,
Egyptian fruit bat (Rousettus aegyptiacus),Mona monkey (Cercopithecus mona),9407,36226,Rousettus aegyptiacus,Cercopithecus mona,Rousettus aegyptiacus,Cercopithecus mona,94.0,91.5,97.4,63.0,TimeTree API pairwise summaryjson,
Egyptian fruit bat (Rousettus aegyptiacus),Chacma baboon (Papio ursinus),9407,36229,Rousettus aegyptiacus,Papio ursinus,Rousettus aegyptiacus,Papio ursinus,94.0,91.5,97.4,63.0,TimeTree API pairwise summaryjson,
Egyptian fruit bat (Rousettus aegyptiacus),Zebra finch (Taeniopygia guttata),9407,59729,Rousettus aegyptiacus,Taeniopygia guttata,Rousettus aegyptiacus,Taeniopygia guttata,318.95,316.0,322.37,30.0,TimeTree API pairwise summaryjson,
Greater sac-winged bat (Saccopteryx bilineata),Bengalese finch (Lonchura striata domestica),59482,299123,Saccopteryx bilineata,Lonchura striata domestica,Saccopteryx bilineata,Lonchura striata domestica,318.95,316.0,322.37,30.0,TimeTree API pairwise summaryjson,
Greater sac-winged bat (Saccopteryx bilineata),Japanese tit (Parus minor),59482,213890,Saccopteryx bilineata,Parus minor,Saccopteryx bilineata,Parus minor,318.95,316.0,322.37,30.0,TimeTree API pairwise summaryjson,
Greater sac-winged bat (Saccopteryx bilineata),Plain-tailed wren (Pheugopedius euophrys),59482,2724890,Saccopteryx bilineata,Pheugopedius euophrys,Saccopteryx bilineata,Pheugopedius euophrys,318.95,316.0,322.37,30.0,TimeTree API pairwise summaryjson,
Greater sac-winged bat (Saccopteryx bilineata),White-browed sparrow-weaver (Plocepasser mahali),59482,99181,Saccopteryx bilineata,Plocepasser mahali,Saccopteryx bilineata,Plocepasser mahali,318.95,316.0,322.37,30.0,TimeTree API pairwise summaryjson,
Greater sac-winged bat (Saccopteryx bilineata),Chestnut-crowned babbler (Pomatostomus ruficeps),59482,9176,Saccopteryx bilineata,Pomatostomus ruficeps,Saccopteryx bilineata,Pomatostomus ruficeps,318.95,316.0,322.37,30.0,TimeTree API pairwise summaryjson,
Greater sac-winged bat (Saccopteryx bilineata),European starling (Sturnus vulgaris),59482,9172,Saccopteryx bilineata,Sturnus vulgaris,Saccopteryx bilineata,Sturnus vulgaris,318.95,316.0,322.37,30.0,TimeTree API pairwise summaryjson,
Greater sac-winged bat (Saccopteryx bilineata),African grey parrot (Psittacus erithacus),59482,57247,Saccopteryx bilineata,Psittacus erithacus,Saccopteryx bilineata,Psittacus erithacus,318.95,316.0,322.37,30.0,TimeTree API pairwise summaryjson,
Greater sac-winged bat (Saccopteryx bilineata),Mandrill (Mandrillus sphinx),59482,9561,Saccopteryx bilineata,Mandrillus sphinx,Saccopteryx bilineata,Mandrillus sphinx,94.0,91.5,97.4,63.0,TimeTree API pairwise summaryjson,
Greater sac-winged bat (Saccopteryx bilineata),Drill (Mandrillus leucophaeus),59482,9568,Saccopteryx bilineata,Mandrillus leucophaeus,Saccopteryx bilineata,Mandrillus leucophaeus,94.0,91.5,97.4,63.0,TimeTree API pairwise summaryjson,
Greater sac-winged bat (Saccopteryx bilineata),Red colobus (Piliocolobus spp.),59482,591932,Saccopteryx bilineata,Piliocolobus,Saccopteryx bilineata,Piliocolobus,94.0,91.5,97.4,63.0,TimeTree API pairwise summaryjson,
Greater sac-winged bat (Saccopteryx bilineata),Black-and-white colobus (Colobus guereza),59482,33548,Saccopteryx bilineata,Colobus guereza,Saccopteryx bilineata,Colobus guereza,94.0,91.5,97.4,63.0,TimeTree API pairwise summaryjson,
Greater sac-winged bat (Saccopteryx bilineata),Langurs (Semnopithecus spp. / Trachypithecus spp.),59482,88028,Saccopteryx bilineata,Semnopithecus,Saccopteryx bilineata,Semnopithecus,94.0,91.5,97.4,63.0,TimeTree API pairwise summaryjson,
Greater sac-winged bat (Saccopteryx bilineata),Chimpanzee (Pan troglodytes),59482,9598,Saccopteryx bilineata,Pan troglodytes,Saccopteryx bilineata,Pan troglodytes,94.0,91.5,97.4,63.0,TimeTree API pairwise summaryjson,
Greater sac-winged bat (Saccopteryx bilineata),Bonobo (Pan paniscus),59482,9597,Saccopteryx bilineata,Pan paniscus,Saccopteryx bilineata,Pan paniscus,94.0,91.5,97.4,63.0,TimeTree API pairwise summaryjson,
Greater sac-winged bat (Saccopteryx bilineata),Western Gorilla (Gorilla gorilla),59482,9593,Saccopteryx bilineata,Gorilla gorilla,Saccopteryx bilineata,Gorilla gorilla,94.0,91.5,97.4,63.0,TimeTree API pairwise summaryjson,
Greater sac-winged bat (Saccopteryx bilineata),Eastern Gorilla (Gorilla beringei),59482,499232,Saccopteryx bilineata,Gorilla beringei,Saccopteryx bilineata,Gorilla beringei,94.0,91.5,97.4,63.0,TimeTree API pairwise summaryjson,
Greater sac-winged bat (Saccopteryx bilineata),Bornean Orangutan (Pongo pygmaeus),59482,9600,Saccopteryx bilineata,Pongo pygmaeus,Saccopteryx bilineata,Pongo pygmaeus,94.0,91.5,97.4,63.0,TimeTree API pairwise summaryjson,
Greater sac-winged bat (Saccopteryx bilineata),Siamang (Symphalangus syndactylus),59482,9590,Saccopteryx bilineata,Symphalangus syndactylus,Saccopteryx bilineata,Symphalangus syndactylus,94.0,91.5,97.4,63.0,TimeTree API pairwise summaryjson,
Greater sac-winged bat (Saccopteryx bilineata),"Gibbons (Hylobates spp., Nomascus spp., Hoolock spp.)",59482,9578,Saccopteryx bilineata,Hylobates,Saccopteryx bilineata,Hylobates,94.0,91.5,97.4,63.0,TimeTree API pairwise summaryjson,
Greater sac-winged bat (Saccopteryx bilineata),Brown lemurs (Eulemur spp.),59482,13513,Saccopteryx bilineata,Eulemur,Saccopteryx bilineata,Eulemur,94.0,91.5,97.4,63.0,TimeTree API pairwise summaryjson,
Greater sac-winged bat (Saccopteryx bilineata),Indri (Indri indri),59482,34827,Saccopteryx bilineata,Indri indri,Saccopteryx bilineata,Indri indri,94.0,91.5,97.4,63.0,TimeTree API pairwise summaryjson,
Greater sac-winged bat (Saccopteryx bilineata),Rhesus macaque (Macaca mulatta),59482,9544,Saccopteryx bilineata,Macaca mulatta,Saccopteryx bilineata,Macaca mulatta,94.0,91.5,97.4,63.0,TimeTree API pairwise summaryjson,
Greater sac-winged bat (Saccopteryx bilineata),Japanese macaque (Macaca fuscata),59482,9542,Saccopteryx bilineata,Macaca fuscata,Saccopteryx bilineata,Macaca fuscata,94.0,91.5,97.4,63.0,TimeTree API pairwise summaryjson,
Greater sac-winged bat (Saccopteryx bilineata),Vervet monkey (Chlorocebus pygerythrus),59482,60710,Saccopteryx bilineata,Chlorocebus pygerythrus,Saccopteryx bilineata,Chlorocebus pygerythrus,94.0,91.5,97.4,63.0,TimeTree API pairwise summaryjson,
Greater sac-winged bat (Saccopteryx bilineata),Campbell's monkey (Cercopithecus campbelli),59482,303588,Saccopteryx bilineata,Cercopithecus campbelli,Saccopteryx bilineata,Cercopithecus campbelli,94.0,91.5,97.4,63.0,TimeTree API pairwise summaryjson,
Greater sac-winged bat (Saccopteryx bilineata),Olive baboon (Papio anubis),59482,9555,Saccopteryx bilineata,Papio anubis,Saccopteryx bilineata,Papio anubis,94.0,91.5,97.4,63.0,TimeTree API pairwise summaryjson,
Greater sac-winged bat (Saccopteryx bilineata),Yellow baboon (Papio cynocephalus),59482,9556,Saccopteryx bilineata,Papio cynocephalus,Saccopteryx bilineata,Papio cynocephalus,94.0,91.5,97.4,63.0,TimeTree API pairwise summaryjson,
Greater sac-winged bat (Saccopteryx bilineata),Ring-tailed lemur (Lemur catta),59482,9447,Saccopteryx bilineata,Lemur catta,Saccopteryx bilineata,Lemur catta,94.0,91.5,97.4,63.0,TimeTree API pairwise summaryjson,
Greater sac-winged bat (Saccopteryx bilineata),Mouse lemurs (Microcebus spp.),59482,13149,Saccopteryx bilineata,Microcebus,Saccopteryx bilineata,Microcebus,94.0,91.5,97.4,63.0,TimeTree API pairwise summaryjson,
Greater sac-winged bat (Saccopteryx bilineata),Tufted capuchin (Sapajus apella),59482,9515,Saccopteryx bilineata,Sapajus apella,Saccopteryx bilineata,Sapajus apella,94.0,91.5,97.4,63.0,TimeTree API pairwise summaryjson,
Greater sac-winged bat (Saccopteryx bilineata),Common marmoset (Callithrix jacchus),59482,9483,Saccopteryx bilineata,Callithrix jacchus,Saccopteryx bilineata,Callithrix jacchus,94.0,91.5,97.4,63.0,TimeTree API pairwise summaryjson,
Greater sac-winged bat (Saccopteryx bilineata),Howler monkey (Alouatta spp.),59482,9499,Saccopteryx bilineata,Alouatta,Saccopteryx bilineata,Alouatta,94.0,91.5,97.4,63.0,TimeTree API pairwise summaryjson,
Greater sac-winged bat (Saccopteryx bilineata),Diana monkey (Cercopithecus diana),59482,36224,Saccopteryx bilineata,Cercopithecus diana,Saccopteryx bilineata,Cercopithecus diana,94.0,91.5,97.4,63.0,TimeTree API pairwise summaryjson,
Greater sac-winged bat (Saccopteryx bilineata),Putty-nosed monkey (Cercopithecus nictitans),59482,36228,Saccopteryx bilineata,Cercopithecus nictitans,Saccopteryx bilineata,Cercopithecus nictitans,94.0,91.5,97.4,63.0,TimeTree API pairwise summaryjson,
Greater sac-winged bat (Saccopteryx bilineata),Red-tailed monkey (Cercopithecus ascanius),59482,36223,Saccopteryx bilineata,Cercopithecus ascanius,Saccopteryx bilineata,Cercopithecus ascanius,94.0,91.5,97.4,63.0,TimeTree API pairwise summaryjson,
Greater sac-winged bat (Saccopteryx bilineata),De Brazza’s monkey (Cercopithecus neglectus),59482,36227,Saccopteryx bilineata,Cercopithecus neglectus,Saccopteryx bilineata,Cercopithecus neglectus,94.0,91.5,97.4,63.0,TimeTree API pairwise summaryjson,
Greater sac-winged bat (Saccopteryx bilineata),L’Hoest’s monkey (Allochrocebus lhoesti),59482,100224,Saccopteryx bilineata,Allochrocebus lhoesti,Saccopteryx bilineata,Allochrocebus lhoesti,94.0,91.5,97.4,63.0,TimeTree API pairwise summaryjson,
Greater sac-winged bat (Saccopteryx bilineata),Patas monkey (Erythrocebus patas),59482,9538,Saccopteryx bilineata,Erythrocebus patas,Saccopteryx bilineata,Erythrocebus patas,94.0,91.5,97.4,63.0,TimeTree API pairwise summaryjson,
Greater sac-winged bat (Saccopteryx bilineata),Talapoin monkey (Miopithecus talapoin),59482,36231,Saccopteryx bilineata,Miopithecus talapoin,Saccopteryx bilineata,Miopithecus talapoin,94.0,91.5,97.4,63.0,TimeTree API pairwise summaryjson,
Greater sac-winged bat (Saccopteryx bilineata),Gelada (Theropithecus gelada),59482,9565,Saccopteryx bilineata,Theropithecus gelada,Saccopteryx bilineata,Theropithecus gelada,94.0,91.5,97.4,63.0,TimeTree API pairwise summaryjson,
Greater sac-winged bat (Saccopteryx bilineata),Crowned monkey / Crowned guenon (Cercopithecus pogonias),59482,102108,Saccopteryx bilineata,Cercopithecus pogonias,Saccopteryx bilineata,Cercopithecus pogonias,94.0,91.5,97.4,63.0,TimeTree API pairwise summaryjson,
Greater sac-winged bat (Saccopteryx bilineata),Mona monkey (Cercopithecus mona),59482,36226,Saccopteryx bilineata,Cercopithecus mona,Saccopteryx bilineata,Cercopithecus mona,94.0,91.5,97.4,63.0,TimeTree API pairwise summaryjson,
Greater sac-winged bat (Saccopteryx bilineata),Chacma baboon (Papio ursinus),59482,36229,Saccopteryx bilineata,Papio ursinus,Saccopteryx bilineata,Papio ursinus,94.0,91.5,97.4,63.0,TimeTree API pairwise summaryjson,
Greater sac-winged bat (Saccopteryx bilineata),Zebra finch (Taeniopygia guttata),59482,59729,Saccopteryx bilineata,Taeniopygia guttata,Saccopteryx bilineata,Taeniopygia guttata,318.95,316.0,322.37,30.0,TimeTree API pairwise summaryjson,
Bengalese finch (Lonchura striata domestica),Japanese tit (Parus minor),299123,213890,Lonchura striata domestica,Parus minor,Lonchura striata domestica,Parus minor,29.793515,21.544868,36.99,8.0,TimeTree API pairwise summaryjson,
Bengalese finch (Lonchura striata domestica),Plain-tailed wren (Pheugopedius euophrys),299123,2724890,Lonchura striata domestica,Pheugopedius euophrys,Lonchura striata domestica,Pheugopedius euophrys,35.99253,21.364678,72.0,7.0,TimeTree API pairwise summaryjson,
Bengalese finch (Lonchura striata domestica),White-browed sparrow-weaver (Plocepasser mahali),299123,99181,Lonchura striata domestica,Plocepasser mahali,Lonchura striata domestica,Plocepasser mahali,19.8884,13.6916,33.60349,5.0,TimeTree API pairwise summaryjson,
Bengalese finch (Lonchura striata domestica),Chestnut-crowned babbler (Pomatostomus ruficeps),299123,9176,Lonchura striata domestica,Pomatostomus ruficeps,Lonchura striata domestica,Pomatostomus ruficeps,,,,,TimeTree API pairwise summaryjson,JSONDecodeError('Expecting value: line 1 column 1 (char 0)')
Bengalese finch (Lonchura striata domestica),European starling (Sturnus vulgaris),299123,9172,Lonchura striata domestica,Sturnus vulgaris,Lonchura striata domestica,Sturnus vulgaris,35.99253,21.364678,72.0,7.0,TimeTree API pairwise summaryjson,
Bengalese finch (Lonchura striata domestica),African grey parrot (Psittacus erithacus),299123,57247,Lonchura striata domestica,Psittacus erithacus,Lonchura striata domestica,Psittacus erithacus,67.814305,56.259865,86.0,12.0,TimeTree API pairwise summaryjson,
Bengalese finch (Lonchura striata domestica),Mandrill (Mandrillus sphinx),299123,9561,Lonchura striata domestica,Mandrillus sphinx,Lonchura striata domestica,Mandrillus sphinx,318.95,316.0,322.37,30.0,TimeTree API pairwise summaryjson,
Bengalese finch (Lonchura striata domestica),Drill (Mandrillus leucophaeus),299123,9568,Lonchura striata domestica,Mandrillus leucophaeus,Lonchura striata domestica,Mandrillus leucophaeus,318.95,316.0,322.37,30.0,TimeTree API pairwise summaryjson,
Bengalese finch (Lonchura striata domestica),Red colobus (Piliocolobus spp.),299123,591932,Lonchura striata domestica,Piliocolobus,Lonchura striata domestica,Piliocolobus,318.95,316.0,322.37,30.0,TimeTree API pairwise summaryjson,
Bengalese finch (Lonchura striata domestica),Black-and-white colobus (Colobus guereza),299123,33548,Lonchura striata domestica,Colobus guereza,Lonchura striata domestica,Colobus guereza,318.95,316.0,322.37,30.0,TimeTree API pairwise summaryjson,
Bengalese finch (Lonchura striata domestica),Langurs (Semnopithecus spp. / Trachypithecus spp.),299123,88028,Lonchura striata domestica,Semnopithecus,Lonchura striata domestica,Semnopithecus,318.95,316.0,322.37,30.0,TimeTree API pairwise summaryjson,
Bengalese finch (Lonchura striata domestica),Chimpanzee (Pan troglodytes),299123,9598,Lonchura striata domestica,Pan troglodytes,Lonchura striata domestica,Pan troglodytes,318.95,316.0,322.37,30.0,TimeTree API pairwise summaryjson,
Bengalese finch (Lonchura striata domestica),Bonobo (Pan paniscus),299123,9597,Lonchura striata domestica,Pan paniscus,Lonchura striata domestica,Pan paniscus,318.95,316.0,322.37,30.0,TimeTree API pairwise summaryjson,
Bengalese finch (Lonchura striata domestica),Western Gorilla (Gorilla gorilla),299123,9593,Lonchura striata domestica,Gorilla gorilla,Lonchura striata domestica,Gorilla gorilla,318.95,316.0,322.37,30.0,TimeTree API pairwise summaryjson,
Bengalese finch (Lonchura striata domestica),Eastern Gorilla (Gorilla beringei),299123,499232,Lonchura striata domestica,Gorilla beringei,Lonchura striata domestica,Gorilla beringei,318.95,316.0,322.37,30.0,TimeTree API pairwise summaryjson,
Bengalese finch (Lonchura striata domestica),Bornean Orangutan (Pongo pygmaeus),299123,9600,Lonchura striata domestica,Pongo pygmaeus,Lonchura striata domestica,Pongo pygmaeus,318.95,316.0,322.37,30.0,TimeTree API pairwise summaryjson,
Bengalese finch (Lonchura striata domestica),Siamang (Symphalangus syndactylus),299123,9590,Lonchura striata domestica,Symphalangus syndactylus,Lonchura striata domestica,Symphalangus syndactylus,318.95,316.0,322.37,30.0,TimeTree API pairwise summaryjson,
Bengalese finch (Lonchura striata domestica),"Gibbons (Hylobates spp., Nomascus spp., Hoolock spp.)",299123,9578,Lonchura striata domestica,Hylobates,Lonchura striata domestica,Hylobates,318.95,316.0,322.37,30.0,TimeTree API pairwise summaryjson,
Bengalese finch (Lonchura striata domestica),Brown lemurs (Eulemur spp.),299123,13513,Lonchura striata domestica,Eulemur,Lonchura striata domestica,Eulemur,318.95,316.0,322.37,30.0,TimeTree API pairwise summaryjson,
Bengalese finch (Lonchura striata domestica),Indri (Indri indri),299123,34827,Lonchura striata domestica,Indri indri,Lonchura striata domestica,Indri indri,318.95,316.0,322.37,30.0,TimeTree API pairwise summaryjson,
Bengalese finch (Lonchura striata domestica),Rhesus macaque (Macaca mulatta),299123,9544,Lonchura striata domestica,Macaca mulatta,Lonchura striata domestica,Macaca mulatta,318.95,316.0,322.37,30.0,TimeTree API pairwise summaryjson,
Bengalese finch (Lonchura striata domestica),Japanese macaque (Macaca fuscata),299123,9542,Lonchura striata domestica,Macaca fuscata,Lonchura striata domestica,Macaca fuscata,318.95,316.0,322.37,30.0,TimeTree API pairwise summaryjson,
Bengalese finch (Lonchura striata domestica),Vervet monkey (Chlorocebus pygerythrus),299123,60710,Lonchura striata domestica,Chlorocebus pygerythrus,Lonchura striata domestica,Chlorocebus pygerythrus,318.95,316.0,322.37,30.0,TimeTree API pairwise summaryjson,
Bengalese finch (Lonchura striata domestica),Campbell's monkey (Cercopithecus campbelli),299123,303588,Lonchura striata domestica,Cercopithecus campbelli,Lonchura striata domestica,Cercopithecus campbelli,318.95,316.0,322.37,30.0,TimeTree API pairwise summaryjson,
Bengalese finch (Lonchura striata domestica),Olive baboon (Papio anubis),299123,9555,Lonchura striata domestica,Papio anubis,Lonchura striata domestica,Papio anubis,318.95,316.0,322.37,30.0,TimeTree API pairwise summaryjson,
Bengalese finch (Lonchura striata domestica),Yellow baboon (Papio cynocephalus),299123,9556,Lonchura striata domestica,Papio cynocephalus,Lonchura striata domestica,Papio cynocephalus,318.95,316.0,322.37,30.0,TimeTree API pairwise summaryjson,
Bengalese finch (Lonchura striata domestica),Ring-tailed lemur (Lemur catta),299123,9447,Lonchura striata domestica,Lemur catta,Lonchura striata domestica,Lemur catta,318.95,316.0,322.37,30.0,TimeTree API pairwise summaryjson,
Bengalese finch (Lonchura striata domestica),Mouse lemurs (Microcebus spp.),299123,13149,Lonchura striata domestica,Microcebus,Lonchura striata domestica,Microcebus,318.95,316.0,322.37,30.0,TimeTree API pairwise summaryjson,
Bengalese finch (Lonchura striata domestica),Tufted capuchin (Sapajus apella),299123,9515,Lonchura striata domestica,Sapajus apella,Lonchura striata domestica,Sapajus apella,318.95,316.0,322.37,30.0,TimeTree API pairwise summaryjson,
Bengalese finch (Lonchura striata domestica),Common marmoset (Callithrix jacchus),299123,9483,Lonchura striata domestica,Callithrix jacchus,Lonchura striata domestica,Callithrix jacchus,318.95,316.0,322.37,30.0,TimeTree API pairwise summaryjson,
Bengalese finch (Lonchura striata domestica),Howler monkey (Alouatta spp.),299123,9499,Lonchura striata domestica,Alouatta,Lonchura striata domestica,Alouatta,318.95,316.0,322.37,30.0,TimeTree API pairwise summaryjson,
Bengalese finch (Lonchura striata domestica),Diana monkey (Cercopithecus diana),299123,36224,Lonchura striata domestica,Cercopithecus diana,Lonchura striata domestica,Cercopithecus diana,318.95,316.0,322.37,30.0,TimeTree API pairwise summaryjson,
Bengalese finch (Lonchura striata domestica),Putty-nosed monkey (Cercopithecus nictitans),299123,36228,Lonchura striata domestica,Cercopithecus nictitans,Lonchura striata domestica,Cercopithecus nictitans,318.95,316.0,322.37,30.0,TimeTree API pairwise summaryjson,
Bengalese finch (Lonchura striata domestica),Red-tailed monkey (Cercopithecus ascanius),299123,36223,Lonchura striata domestica,Cercopithecus ascanius,Lonchura striata domestica,Cercopithecus ascanius,318.95,316.0,322.37,30.0,TimeTree API pairwise summaryjson,
Bengalese finch (Lonchura striata domestica),De Brazza’s monkey (Cercopithecus neglectus),299123,36227,Lonchura striata domestica,Cercopithecus neglectus,Lonchura striata domestica,Cercopithecus neglectus,318.95,316.0,322.37,30.0,TimeTree API pairwise summaryjson,
Bengalese finch (Lonchura striata domestica),L’Hoest’s monkey (Allochrocebus lhoesti),299123,100224,Lonchura striata domestica,Allochrocebus lhoesti,Lonchura striata domestica,Allochrocebus lhoesti,318.95,316.0,322.37,30.0,TimeTree API pairwise summaryjson,
Bengalese finch (Lonchura striata domestica),Patas monkey (Erythrocebus patas),299123,9538,Lonchura striata domestica,Erythrocebus patas,Lonchura striata domestica,Erythrocebus patas,318.95,316.0,322.37,30.0,TimeTree API pairwise summaryjson,
Bengalese finch (Lonchura striata domestica),Talapoin monkey (Miopithecus talapoin),299123,36231,Lonchura striata domestica,Miopithecus talapoin,Lonchura striata domestica,Miopithecus talapoin,318.95,316.0,322.37,30.0,TimeTree API pairwise summaryjson,
Bengalese finch (Lonchura striata domestica),Gelada (Theropithecus gelada),299123,9565,Lonchura striata domestica,Theropithecus gelada,Lonchura striata domestica,Theropithecus gelada,318.95,316.0,322.37,30.0,TimeTree API pairwise summaryjson,
Bengalese finch (Lonchura striata domestica),Crowned monkey / Crowned guenon (Cercopithecus pogonias),299123,102108,Lonchura striata domestica,Cercopithecus pogonias,Lonchura striata domestica,Cercopithecus pogonias,318.95,316.0,322.37,30.0,TimeTree API pairwise summaryjson,
Bengalese finch (Lonchura striata domestica),Mona monkey (Cercopithecus mona),299123,36226,Lonchura striata domestica,Cercopithecus mona,Lonchura striata domestica,Cercopithecus mona,318.95,316.0,322.37,30.0,TimeTree API pairwise summaryjson,
Bengalese finch (Lonchura striata domestica),Chacma baboon (Papio ursinus),299123,36229,Lonchura striata domestica,Papio ursinus,Lonchura striata domestica,Papio ursinus,318.95,316.0,322.37,30.0,TimeTree API pairwise summaryjson,
Bengalese finch (Lonchura striata domestica),Zebra finch (Taeniopygia guttata),299123,59729,Lonchura striata domestica,Taeniopygia guttata,Lonchura striata domestica,Taeniopygia guttata,9.5293,8.66,10.3986,2.0,TimeTree API pairwise summaryjson,
Japanese tit (Parus minor),Plain-tailed wren (Pheugopedius euophrys),213890,2724890,Parus minor,Pheugopedius euophrys,Parus minor,Pheugopedius euophrys,29.793515,21.544868,36.99,8.0,TimeTree API pairwise summaryjson,
Japanese tit (Parus minor),White-browed sparrow-weaver (Plocepasser mahali),213890,99181,Parus minor,Plocepasser mahali,Parus minor,Plocepasser mahali,29.793515,21.544868,36.99,8.0,TimeTree API pairwise summaryjson,
Japanese tit (Parus minor),Chestnut-crowned babbler (Pomatostomus ruficeps),213890,9176,Parus minor,Pomatostomus ruficeps,Parus minor,Pomatostomus ruficeps,,,,,TimeTree API pairwise summaryjson,JSONDecodeError('Expecting value: line 1 column 1 (char 0)')
Japanese tit (Parus minor),European starling (Sturnus vulgaris),213890,9172,Parus minor,Sturnus vulgaris,Parus minor,Sturnus vulgaris,29.793515,21.544868,36.99,8.0,TimeTree API pairwise summaryjson,
Japanese tit (Parus minor),African grey parrot (Psittacus erithacus),213890,57247,Parus minor,Psittacus erithacus,Parus minor,Psittacus erithacus,67.814305,56.259865,86.0,12.0,TimeTree API pairwise summaryjson,
Japanese tit (Parus minor),Mandrill (Mandrillus sphinx),213890,9561,Parus minor,Mandrillus sphinx,Parus minor,Mandrillus sphinx,318.95,316.0,322.37,30.0,TimeTree API pairwise summaryjson,
Japanese tit (Parus minor),Drill (Mandrillus leucophaeus),213890,9568,Parus minor,Mandrillus leucophaeus,Parus minor,Mandrillus leucophaeus,318.95,316.0,322.37,30.0,TimeTree API pairwise summaryjson,
Japanese tit (Parus minor),Red colobus (Piliocolobus spp.),213890,591932,Parus minor,Piliocolobus,Parus minor,Piliocolobus,318.95,316.0,322.37,30.0,TimeTree API pairwise summaryjson,
Japanese tit (Parus minor),Black-and-white colobus (Colobus guereza),213890,33548,Parus minor,Colobus guereza,Parus minor,Colobus guereza,318.95,316.0,322.37,30.0,TimeTree API pairwise summaryjson,
Japanese tit (Parus minor),Langurs (Semnopithecus spp. / Trachypithecus spp.),213890,88028,Parus minor,Semnopithecus,Parus minor,Semnopithecus,318.95,316.0,322.37,30.0,TimeTree API pairwise summaryjson,
Japanese tit (Parus minor),Chimpanzee (Pan troglodytes),213890,9598,Parus minor,Pan troglodytes,Parus minor,Pan troglodytes,318.95,316.0,322.37,30.0,TimeTree API pairwise summaryjson,
Japanese tit (Parus minor),Bonobo (Pan paniscus),213890,9597,Parus minor,Pan paniscus,Parus minor,Pan paniscus,318.95,316.0,322.37,30.0,TimeTree API pairwise summaryjson,
Japanese tit (Parus minor),Western Gorilla (Gorilla gorilla),213890,9593,Parus minor,Gorilla gorilla,Parus minor,Gorilla gorilla,318.95,316.0,322.37,30.0,TimeTree API pairwise summaryjson,
Japanese tit (Parus minor),Eastern Gorilla (Gorilla beringei),213890,499232,Parus minor,Gorilla beringei,Parus minor,Gorilla beringei,318.95,316.0,322.37,30.0,TimeTree API pairwise summaryjson,
Japanese tit (Parus minor),Bornean Orangutan (Pongo pygmaeus),213890,9600,Parus minor,Pongo pygmaeus,Parus minor,Pongo pygmaeus,318.95,316.0,322.37,30.0,TimeTree API pairwise summaryjson,
Japanese tit (Parus minor),Siamang (Symphalangus syndactylus),213890,9590,Parus minor,Symphalangus syndactylus,Parus minor,Symphalangus syndactylus,318.95,316.0,322.37,30.0,TimeTree API pairwise summaryjson,
Japanese tit (Parus minor),"Gibbons (Hylobates spp., Nomascus spp., Hoolock spp.)",213890,9578,Parus minor,Hylobates,Parus minor,Hylobates,318.95,316.0,322.37,30.0,TimeTree API pairwise summaryjson,
Japanese tit (Parus minor),Brown lemurs (Eulemur spp.),213890,13513,Parus minor,Eulemur,Parus minor,Eulemur,318.95,316.0,322.37,30.0,TimeTree API pairwise summaryjson,
Japanese tit (Parus minor),Indri (Indri indri),213890,34827,Parus minor,Indri indri,Parus minor,Indri indri,318.95,316.0,322.37,30.0,TimeTree API pairwise summaryjson,
Japanese tit (Parus minor),Rhesus macaque (Macaca mulatta),213890,9544,Parus minor,Macaca mulatta,Parus minor,Macaca mulatta,318.95,316.0,322.37,30.0,TimeTree API pairwise summaryjson,
Japanese tit (Parus minor),Japanese macaque (Macaca fuscata),213890,9542,Parus minor,Macaca fuscata,Parus minor,Macaca fuscata,318.95,316.0,322.37,30.0,TimeTree API pairwise summaryjson,
Japanese tit (Parus minor),Vervet monkey (Chlorocebus pygerythrus),213890,60710,Parus minor,Chlorocebus pygerythrus,Parus minor,Chlorocebus pygerythrus,318.95,316.0,322.37,30.0,TimeTree API pairwise summaryjson,
Japanese tit (Parus minor),Campbell's monkey (Cercopithecus campbelli),213890,303588,Parus minor,Cercopithecus campbelli,Parus minor,Cercopithecus campbelli,318.95,316.0,322.37,30.0,TimeTree API pairwise summaryjson,
Japanese tit (Parus minor),Olive baboon (Papio anubis),213890,9555,Parus minor,Papio anubis,Parus minor,Papio anubis,318.95,316.0,322.37,30.0,TimeTree API pairwise summaryjson,
Japanese tit (Parus minor),Yellow baboon (Papio cynocephalus),213890,9556,Parus minor,Papio cynocephalus,Parus minor,Papio cynocephalus,318.95,316.0,322.37,30.0,TimeTree API pairwise summaryjson,
Japanese tit (Parus minor),Ring-tailed lemur (Lemur catta),213890,9447,Parus minor,Lemur catta,Parus minor,Lemur catta,318.95,316.0,322.37,30.0,TimeTree API pairwise summaryjson,
Japanese tit (Parus minor),Mouse lemurs (Microcebus spp.),213890,13149,Parus minor,Microcebus,Parus minor,Microcebus,318.95,316.0,322.37,30.0,TimeTree API pairwise summaryjson,
Japanese tit (Parus minor),Tufted capuchin (Sapajus apella),213890,9515,Parus minor,Sapajus apella,Parus minor,Sapajus apella,318.95,316.0,322.37,30.0,TimeTree API pairwise summaryjson,
Japanese tit (Parus minor),Common marmoset (Callithrix jacchus),213890,9483,Parus minor,Callithrix jacchus,Parus minor,Callithrix jacchus,318.95,316.0,322.37,30.0,TimeTree API pairwise summaryjson,
Japanese tit (Parus minor),Howler monkey (Alouatta spp.),213890,9499,Parus minor,Alouatta,Parus minor,Alouatta,318.95,316.0,322.37,30.0,TimeTree API pairwise summaryjson,
Japanese tit (Parus minor),Diana monkey (Cercopithecus diana),213890,36224,Parus minor,Cercopithecus diana,Parus minor,Cercopithecus diana,318.95,316.0,322.37,30.0,TimeTree API pairwise summaryjson,
Japanese tit (Parus minor),Putty-nosed monkey (Cercopithecus nictitans),213890,36228,Parus minor,Cercopithecus nictitans,Parus minor,Cercopithecus nictitans,318.95,316.0,322.37,30.0,TimeTree API pairwise summaryjson,
Japanese tit (Parus minor),Red-tailed monkey (Cercopithecus ascanius),213890,36223,Parus minor,Cercopithecus ascanius,Parus minor,Cercopithecus ascanius,318.95,316.0,322.37,30.0,TimeTree API pairwise summaryjson,
Japanese tit (Parus minor),De Brazza’s monkey (Cercopithecus neglectus),213890,36227,Parus minor,Cercopithecus neglectus,Parus minor,Cercopithecus neglectus,318.95,316.0,322.37,30.0,TimeTree API pairwise summaryjson,
Japanese tit (Parus minor),L’Hoest’s monkey (Allochrocebus lhoesti),213890,100224,Parus minor,Allochrocebus lhoesti,Parus minor,Allochrocebus lhoesti,318.95,316.0,322.37,30.0,TimeTree API pairwise summaryjson,
Japanese tit (Parus minor),Patas monkey (Erythrocebus patas),213890,9538,Parus minor,Erythrocebus patas,Parus minor,Erythrocebus patas,318.95,316.0,322.37,30.0,TimeTree API pairwise summaryjson,
Japanese tit (Parus minor),Talapoin monkey (Miopithecus talapoin),213890,36231,Parus minor,Miopithecus talapoin,Parus minor,Miopithecus talapoin,318.95,316.0,322.37,30.0,TimeTree API pairwise summaryjson,
Japanese tit (Parus minor),Gelada (Theropithecus gelada),213890,9565,Parus minor,Theropithecus gelada,Parus minor,Theropithecus gelada,318.95,316.0,322.37,30.0,TimeTree API pairwise summaryjson,
Japanese tit (Parus minor),Crowned monkey / Crowned guenon (Cercopithecus pogonias),213890,102108,Parus minor,Cercopithecus pogonias,Parus minor,Cercopithecus pogonias,318.95,316.0,322.37,30.0,TimeTree API pairwise summaryjson,
Japanese tit (Parus minor),Mona monkey (Cercopithecus mona),213890,36226,Parus minor,Cercopithecus mona,Parus minor,Cercopithecus mona,318.95,316.0,322.37,30.0,TimeTree API pairwise summaryjson,
Japanese tit (Parus minor),Chacma baboon (Papio ursinus),213890,36229,Parus minor,Papio ursinus,Parus minor,Papio ursinus,318.95,316.0,322.37,30.0,TimeTree API pairwise summaryjson,
Japanese tit (Parus minor),Zebra finch (Taeniopygia guttata),213890,59729,Parus minor,Taeniopygia guttata,Parus minor,Taeniopygia guttata,29.793515,21.544868,36.99,8.0,TimeTree API pairwise summaryjson,
Plain-tailed wren (Pheugopedius euophrys),White-browed sparrow-weaver (Plocepasser mahali),2724890,99181,Pheugopedius euophrys,Plocepasser mahali,Pheugopedius euophrys,Plocepasser mahali,35.99253,21.364678,72.0,7.0,TimeTree API pairwise summaryjson,
Plain-tailed wren (Pheugopedius euophrys),Chestnut-crowned babbler (Pomatostomus ruficeps),2724890,9176,Pheugopedius euophrys,Pomatostomus ruficeps,Pheugopedius euophrys,Pomatostomus ruficeps,,,,,TimeTree API pairwise summaryjson,JSONDecodeError('Expecting value: line 1 column 1 (char 0)')
Plain-tailed wren (Pheugopedius euophrys),European starling (Sturnus vulgaris),2724890,9172,Pheugopedius euophrys,Sturnus vulgaris,Pheugopedius euophrys,Sturnus vulgaris,36.768705,19.8887,44.38974,8.0,TimeTree API pairwise summaryjson,
Plain-tailed wren (Pheugopedius euophrys),African grey parrot (Psittacus erithacus),2724890,57247,Pheugopedius euophrys,Psittacus erithacus,Pheugopedius euophrys,Psittacus erithacus,67.814305,56.259865,86.0,12.0,TimeTree API pairwise summaryjson,
Plain-tailed wren (Pheugopedius euophrys),Mandrill (Mandrillus sphinx),2724890,9561,Pheugopedius euophrys,Mandrillus sphinx,Pheugopedius euophrys,Mandrillus sphinx,318.95,316.0,322.37,30.0,TimeTree API pairwise summaryjson,
Plain-tailed wren (Pheugopedius euophrys),Drill (Mandrillus leucophaeus),2724890,9568,Pheugopedius euophrys,Mandrillus leucophaeus,Pheugopedius euophrys,Mandrillus leucophaeus,318.95,316.0,322.37,30.0,TimeTree API pairwise summaryjson,
Plain-tailed wren (Pheugopedius euophrys),Red colobus (Piliocolobus spp.),2724890,591932,Pheugopedius euophrys,Piliocolobus,Pheugopedius euophrys,Piliocolobus,318.95,316.0,322.37,30.0,TimeTree API pairwise summaryjson,
Plain-tailed wren (Pheugopedius euophrys),Black-and-white colobus (Colobus guereza),2724890,33548,Pheugopedius euophrys,Colobus guereza,Pheugopedius euophrys,Colobus guereza,318.95,316.0,322.37,30.0,TimeTree API pairwise summaryjson,
Plain-tailed wren (Pheugopedius euophrys),Langurs (Semnopithecus spp. / Trachypithecus spp.),2724890,88028,Pheugopedius euophrys,Semnopithecus,Pheugopedius euophrys,Semnopithecus,318.95,316.0,322.37,30.0,TimeTree API pairwise summaryjson,
Plain-tailed wren (Pheugopedius euophrys),Chimpanzee (Pan troglodytes),2724890,9598,Pheugopedius euophrys,Pan troglodytes,Pheugopedius euophrys,Pan troglodytes,318.95,316.0,322.37,30.0,TimeTree API pairwise summaryjson,
Plain-tailed wren (Pheugopedius euophrys),Bonobo (Pan paniscus),2724890,9597,Pheugopedius euophrys,Pan paniscus,Pheugopedius euophrys,Pan paniscus,318.95,316.0,322.37,30.0,TimeTree API pairwise summaryjson,
Plain-tailed wren (Pheugopedius euophrys),Western Gorilla (Gorilla gorilla),2724890,9593,Pheugopedius euophrys,Gorilla gorilla,Pheugopedius euophrys,Gorilla gorilla,318.95,316.0,322.37,30.0,TimeTree API pairwise summaryjson,
Plain-tailed wren (Pheugopedius euophrys),Eastern Gorilla (Gorilla beringei),2724890,499232,Pheugopedius euophrys,Gorilla beringei,Pheugopedius euophrys,Gorilla beringei,318.95,316.0,322.37,30.0,TimeTree API pairwise summaryjson,
Plain-tailed wren (Pheugopedius euophrys),Bornean Orangutan (Pongo pygmaeus),2724890,9600,Pheugopedius euophrys,Pongo pygmaeus,Pheugopedius euophrys,Pongo pygmaeus,318.95,316.0,322.37,30.0,TimeTree API pairwise summaryjson,
Plain-tailed wren (Pheugopedius euophrys),Siamang (Symphalangus syndactylus),2724890,9590,Pheugopedius euophrys,Symphalangus syndactylus,Pheugopedius euophrys,Symphalangus syndactylus,318.95,316.0,322.37,30.0,TimeTree API pairwise summaryjson,
Plain-tailed wren (Pheugopedius euophrys),"Gibbons (Hylobates spp., Nomascus spp., Hoolock spp.)",2724890,9578,Pheugopedius euophrys,Hylobates,Pheugopedius euophrys,Hylobates,318.95,316.0,322.37,30.0,TimeTree API pairwise summaryjson,
Plain-tailed wren (Pheugopedius euophrys),Brown lemurs (Eulemur spp.),2724890,13513,Pheugopedius euophrys,Eulemur,Pheugopedius euophrys,Eulemur,318.95,316.0,322.37,30.0,TimeTree API pairwise summaryjson,
Plain-tailed wren (Pheugopedius euophrys),Indri (Indri indri),2724890,34827,Pheugopedius euophrys,Indri indri,Pheugopedius euophrys,Indri indri,318.95,316.0,322.37,30.0,TimeTree API pairwise summaryjson,
Plain-tailed wren (Pheugopedius euophrys),Rhesus macaque (Macaca mulatta),2724890,9544,Pheugopedius euophrys,Macaca mulatta,Pheugopedius euophrys,Macaca mulatta,318.95,316.0,322.37,30.0,TimeTree API pairwise summaryjson,
Plain-tailed wren (Pheugopedius euophrys),Japanese macaque (Macaca fuscata),2724890,9542,Pheugopedius euophrys,Macaca fuscata,Pheugopedius euophrys,Macaca fuscata,318.95,316.0,322.37,30.0,TimeTree API pairwise summaryjson,
Plain-tailed wren (Pheugopedius euophrys),Vervet monkey (Chlorocebus pygerythrus),2724890,60710,Pheugopedius euophrys,Chlorocebus pygerythrus,Pheugopedius euophrys,Chlorocebus pygerythrus,318.95,316.0,322.37,30.0,TimeTree API pairwise summaryjson,
Plain-tailed wren (Pheugopedius euophrys),Campbell's monkey (Cercopithecus campbelli),2724890,303588,Pheugopedius euophrys,Cercopithecus campbelli,Pheugopedius euophrys,Cercopithecus campbelli,318.95,316.0,322.37,30.0,TimeTree API pairwise summaryjson,
Plain-tailed wren (Pheugopedius euophrys),Olive baboon (Papio anubis),2724890,9555,Pheugopedius euophrys,Papio anubis,Pheugopedius euophrys,Papio anubis,318.95,316.0,322.37,30.0,TimeTree API pairwise summaryjson,
Plain-tailed wren (Pheugopedius euophrys),Yellow baboon (Papio cynocephalus),2724890,9556,Pheugopedius euophrys,Papio cynocephalus,Pheugopedius euophrys,Papio cynocephalus,318.95,316.0,322.37,30.0,TimeTree API pairwise summaryjson,
Plain-tailed wren (Pheugopedius euophrys),Ring-tailed lemur (Lemur catta),2724890,9447,Pheugopedius euophrys,Lemur catta,Pheugopedius euophrys,Lemur catta,318.95,316.0,322.37,30.0,TimeTree API pairwise summaryjson,
Plain-tailed wren (Pheugopedius euophrys),Mouse lemurs (Microcebus spp.),2724890,13149,Pheugopedius euophrys,Microcebus,Pheugopedius euophrys,Microcebus,318.95,316.0,322.37,30.0,TimeTree API pairwise summaryjson,
Plain-tailed wren (Pheugopedius euophrys),Tufted capuchin (Sapajus apella),2724890,9515,Pheugopedius euophrys,Sapajus apella,Pheugopedius euophrys,Sapajus apella,318.95,316.0,322.37,30.0,TimeTree API pairwise summaryjson,
Plain-tailed wren (Pheugopedius euophrys),Common marmoset (Callithrix jacchus),2724890,9483,Pheugopedius euophrys,Callithrix jacchus,Pheugopedius euophrys,Callithrix jacchus,318.95,316.0,322.37,30.0,TimeTree API pairwise summaryjson,
Plain-tailed wren (Pheugopedius euophrys),Howler monkey (Alouatta spp.),2724890,9499,Pheugopedius euophrys,Alouatta,Pheugopedius euophrys,Alouatta,318.95,316.0,322.37,30.0,TimeTree API pairwise summaryjson,
Plain-tailed wren (Pheugopedius euophrys),Diana monkey (Cercopithecus diana),2724890,36224,Pheugopedius euophrys,Cercopithecus diana,Pheugopedius euophrys,Cercopithecus diana,318.95,316.0,322.37,30.0,TimeTree API pairwise summaryjson,
Plain-tailed wren (Pheugopedius euophrys),Putty-nosed monkey (Cercopithecus nictitans),2724890,36228,Pheugopedius euophrys,Cercopithecus nictitans,Pheugopedius euophrys,Cercopithecus nictitans,318.95,316.0,322.37,30.0,TimeTree API pairwise summaryjson,
Plain-tailed wren (Pheugopedius euophrys),Red-tailed monkey (Cercopithecus ascanius),2724890,36223,Pheugopedius euophrys,Cercopithecus ascanius,Pheugopedius euophrys,Cercopithecus ascanius,318.95,316.0,322.37,30.0,TimeTree API pairwise summaryjson,
Plain-tailed wren (Pheugopedius euophrys),De Brazza’s monkey (Cercopithecus neglectus),2724890,36227,Pheugopedius euophrys,Cercopithecus neglectus,Pheugopedius euophrys,Cercopithecus neglectus,318.95,316.0,322.37,30.0,TimeTree API pairwise summaryjson,
Plain-tailed wren (Pheugopedius euophrys),L’Hoest’s monkey (Allochrocebus lhoesti),2724890,100224,Pheugopedius euophrys,Allochrocebus lhoesti,Pheugopedius euophrys,Allochrocebus lhoesti,318.95,316.0,322.37,30.0,TimeTree API pairwise summaryjson,
Plain-tailed wren (Pheugopedius euophrys),Patas monkey (Erythrocebus patas),2724890,9538,Pheugopedius euophrys,Erythrocebus patas,Pheugopedius euophrys,Erythrocebus patas,318.95,316.0,322.37,30.0,TimeTree API pairwise summaryjson,
Plain-tailed wren (Pheugopedius euophrys),Talapoin monkey (Miopithecus talapoin),2724890,36231,Pheugopedius euophrys,Miopithecus talapoin,Pheugopedius euophrys,Miopithecus talapoin,318.95,316.0,322.37,30.0,TimeTree API pairwise summaryjson,
Plain-tailed wren (Pheugopedius euophrys),Gelada (Theropithecus gelada),2724890,9565,Pheugopedius euophrys,Theropithecus gelada,Pheugopedius euophrys,Theropithecus gelada,318.95,316.0,322.37,30.0,TimeTree API pairwise summaryjson,
Plain-tailed wren (Pheugopedius euophrys),Crowned monkey / Crowned guenon (Cercopithecus pogonias),2724890,102108,Pheugopedius euophrys,Cercopithecus pogonias,Pheugopedius euophrys,Cercopithecus pogonias,318.95,316.0,322.37,30.0,TimeTree API pairwise summaryjson,
Plain-tailed wren (Pheugopedius euophrys),Mona monkey (Cercopithecus mona),2724890,36226,Pheugopedius euophrys,Cercopithecus mona,Pheugopedius euophrys,Cercopithecus mona,318.95,316.0,322.37,30.0,TimeTree API pairwise summaryjson,
Plain-tailed wren (Pheugopedius euophrys),Chacma baboon (Papio ursinus),2724890,36229,Pheugopedius euophrys,Papio ursinus,Pheugopedius euophrys,Papio ursinus,318.95,316.0,322.37,30.0,TimeTree API pairwise summaryjson,
Plain-tailed wren (Pheugopedius euophrys),Zebra finch (Taeniopygia guttata),2724890,59729,Pheugopedius euophrys,Taeniopygia guttata,Pheugopedius euophrys,Taeniopygia guttata,35.99253,21.364678,72.0,7.0,TimeTree API pairwise summaryjson,
White-browed sparrow-weaver (Plocepasser mahali),Chestnut-crowned babbler (Pomatostomus ruficeps),99181,9176,Plocepasser mahali,Pomatostomus ruficeps,Plocepasser mahali,Pomatostomus ruficeps,,,,,TimeTree API pairwise summaryjson,JSONDecodeError('Expecting value: line 1 column 1 (char 0)')
White-browed sparrow-weaver (Plocepasser mahali),European starling (Sturnus vulgaris),99181,9172,Plocepasser mahali,Sturnus vulgaris,Plocepasser mahali,Sturnus vulgaris,35.99253,21.364678,72.0,7.0,TimeTree API pairwise summaryjson,
White-browed sparrow-weaver (Plocepasser mahali),African grey parrot (Psittacus erithacus),99181,57247,Plocepasser mahali,Psittacus erithacus,Plocepasser mahali,Psittacus erithacus,67.814305,56.259865,86.0,12.0,TimeTree API pairwise summaryjson,
White-browed sparrow-weaver (Plocepasser mahali),Mandrill (Mandrillus sphinx),99181,9561,Plocepasser mahali,Mandrillus sphinx,Plocepasser mahali,Mandrillus sphinx,318.95,316.0,322.37,30.0,TimeTree API pairwise summaryjson,
White-browed sparrow-weaver (Plocepasser mahali),Drill (Mandrillus leucophaeus),99181,9568,Plocepasser mahali,Mandrillus leucophaeus,Plocepasser mahali,Mandrillus leucophaeus,318.95,316.0,322.37,30.0,TimeTree API pairwise summaryjson,
White-browed sparrow-weaver (Plocepasser mahali),Red colobus (Piliocolobus spp.),99181,591932,Plocepasser mahali,Piliocolobus,Plocepasser mahali,Piliocolobus,318.95,316.0,322.37,30.0,TimeTree API pairwise summaryjson,
White-browed sparrow-weaver (Plocepasser mahali),Black-and-white colobus (Colobus guereza),99181,33548,Plocepasser mahali,Colobus guereza,Plocepasser mahali,Colobus guereza,318.95,316.0,322.37,30.0,TimeTree API pairwise summaryjson,
White-browed sparrow-weaver (Plocepasser mahali),Langurs (Semnopithecus spp. / Trachypithecus spp.),99181,88028,Plocepasser mahali,Semnopithecus,Plocepasser mahali,Semnopithecus,318.95,316.0,322.37,30.0,TimeTree API pairwise summaryjson,
White-browed sparrow-weaver (Plocepasser mahali),Chimpanzee (Pan troglodytes),99181,9598,Plocepasser mahali,Pan troglodytes,Plocepasser mahali,Pan troglodytes,318.95,316.0,322.37,30.0,TimeTree API pairwise summaryjson,
White-browed sparrow-weaver (Plocepasser mahali),Bonobo (Pan paniscus),99181,9597,Plocepasser mahali,Pan paniscus,Plocepasser mahali,Pan paniscus,318.95,316.0,322.37,30.0,TimeTree API pairwise summaryjson,
White-browed sparrow-weaver (Plocepasser mahali),Western Gorilla (Gorilla gorilla),99181,9593,Plocepasser mahali,Gorilla gorilla,Plocepasser mahali,Gorilla gorilla,318.95,316.0,322.37,30.0,TimeTree API pairwise summaryjson,
White-browed sparrow-weaver (Plocepasser mahali),Eastern Gorilla (Gorilla beringei),99181,499232,Plocepasser mahali,Gorilla beringei,Plocepasser mahali,Gorilla beringei,318.95,316.0,322.37,30.0,TimeTree API pairwise summaryjson,
White-browed sparrow-weaver (Plocepasser mahali),Bornean Orangutan (Pongo pygmaeus),99181,9600,Plocepasser mahali,Pongo pygmaeus,Plocepasser mahali,Pongo pygmaeus,318.95,316.0,322.37,30.0,TimeTree API pairwise summaryjson,
White-browed sparrow-weaver (Plocepasser mahali),Siamang (Symphalangus syndactylus),99181,9590,Plocepasser mahali,Symphalangus syndactylus,Plocepasser mahali,Symphalangus syndactylus,318.95,316.0,322.37,30.0,TimeTree API pairwise summaryjson,
White-browed sparrow-weaver (Plocepasser mahali),"Gibbons (Hylobates spp., Nomascus spp., Hoolock spp.)",99181,9578,Plocepasser mahali,Hylobates,Plocepasser mahali,Hylobates,318.95,316.0,322.37,30.0,TimeTree API pairwise summaryjson,
White-browed sparrow-weaver (Plocepasser mahali),Brown lemurs (Eulemur spp.),99181,13513,Plocepasser mahali,Eulemur,Plocepasser mahali,Eulemur,318.95,316.0,322.37,30.0,TimeTree API pairwise summaryjson,
White-browed sparrow-weaver (Plocepasser mahali),Indri (Indri indri),99181,34827,Plocepasser mahali,Indri indri,Plocepasser mahali,Indri indri,318.95,316.0,322.37,30.0,TimeTree API pairwise summaryjson,
White-browed sparrow-weaver (Plocepasser mahali),Rhesus macaque (Macaca mulatta),99181,9544,Plocepasser mahali,Macaca mulatta,Plocepasser mahali,Macaca mulatta,318.95,316.0,322.37,30.0,TimeTree API pairwise summaryjson,
White-browed sparrow-weaver (Plocepasser mahali),Japanese macaque (Macaca fuscata),99181,9542,Plocepasser mahali,Macaca fuscata,Plocepasser mahali,Macaca fuscata,318.95,316.0,322.37,30.0,TimeTree API pairwise summaryjson,
White-browed sparrow-weaver (Plocepasser mahali),Vervet monkey (Chlorocebus pygerythrus),99181,60710,Plocepasser mahali,Chlorocebus pygerythrus,Plocepasser mahali,Chlorocebus pygerythrus,318.95,316.0,322.37,30.0,TimeTree API pairwise summaryjson,
White-browed sparrow-weaver (Plocepasser mahali),Campbell's monkey (Cercopithecus campbelli),99181,303588,Plocepasser mahali,Cercopithecus campbelli,Plocepasser mahali,Cercopithecus campbelli,318.95,316.0,322.37,30.0,TimeTree API pairwise summaryjson,
White-browed sparrow-weaver (Plocepasser mahali),Olive baboon (Papio anubis),99181,9555,Plocepasser mahali,Papio anubis,Plocepasser mahali,Papio anubis,318.95,316.0,322.37,30.0,TimeTree API pairwise summaryjson,
White-browed sparrow-weaver (Plocepasser mahali),Yellow baboon (Papio cynocephalus),99181,9556,Plocepasser mahali,Papio cynocephalus,Plocepasser mahali,Papio cynocephalus,318.95,316.0,322.37,30.0,TimeTree API pairwise summaryjson,
White-browed sparrow-weaver (Plocepasser mahali),Ring-tailed lemur (Lemur catta),99181,9447,Plocepasser mahali,Lemur catta,Plocepasser mahali,Lemur catta,318.95,316.0,322.37,30.0,TimeTree API pairwise summaryjson,
White-browed sparrow-weaver (Plocepasser mahali),Mouse lemurs (Microcebus spp.),99181,13149,Plocepasser mahali,Microcebus,Plocepasser mahali,Microcebus,318.95,316.0,322.37,30.0,TimeTree API pairwise summaryjson,
White-browed sparrow-weaver (Plocepasser mahali),Tufted capuchin (Sapajus apella),99181,9515,Plocepasser mahali,Sapajus apella,Plocepasser mahali,Sapajus apella,318.95,316.0,322.37,30.0,TimeTree API pairwise summaryjson,
White-browed sparrow-weaver (Plocepasser mahali),Common marmoset (Callithrix jacchus),99181,9483,Plocepasser mahali,Callithrix jacchus,Plocepasser mahali,Callithrix jacchus,318.95,316.0,322.37,30.0,TimeTree API pairwise summaryjson,
White-browed sparrow-weaver (Plocepasser mahali),Howler monkey (Alouatta spp.),99181,9499,Plocepasser mahali,Alouatta,Plocepasser mahali,Alouatta,318.95,316.0,322.37,30.0,TimeTree API pairwise summaryjson,
White-browed sparrow-weaver (Plocepasser mahali),Diana monkey (Cercopithecus diana),99181,36224,Plocepasser mahali,Cercopithecus diana,Plocepasser mahali,Cercopithecus diana,318.95,316.0,322.37,30.0,TimeTree API pairwise summaryjson,
White-browed sparrow-weaver (Plocepasser mahali),Putty-nosed monkey (Cercopithecus nictitans),99181,36228,Plocepasser mahali,Cercopithecus nictitans,Plocepasser mahali,Cercopithecus nictitans,318.95,316.0,322.37,30.0,TimeTree API pairwise summaryjson,
White-browed sparrow-weaver (Plocepasser mahali),Red-tailed monkey (Cercopithecus ascanius),99181,36223,Plocepasser mahali,Cercopithecus ascanius,Plocepasser mahali,Cercopithecus ascanius,318.95,316.0,322.37,30.0,TimeTree API pairwise summaryjson,
White-browed sparrow-weaver (Plocepasser mahali),De Brazza’s monkey (Cercopithecus neglectus),99181,36227,Plocepasser mahali,Cercopithecus neglectus,Plocepasser mahali,Cercopithecus neglectus,318.95,316.0,322.37,30.0,TimeTree API pairwise summaryjson,
White-browed sparrow-weaver (Plocepasser mahali),L’Hoest’s monkey (Allochrocebus lhoesti),99181,100224,Plocepasser mahali,Allochrocebus lhoesti,Plocepasser mahali,Allochrocebus lhoesti,318.95,316.0,322.37,30.0,TimeTree API pairwise summaryjson,
White-browed sparrow-weaver (Plocepasser mahali),Patas monkey (Erythrocebus patas),99181,9538,Plocepasser mahali,Erythrocebus patas,Plocepasser mahali,Erythrocebus patas,318.95,316.0,322.37,30.0,TimeTree API pairwise summaryjson,
White-browed sparrow-weaver (Plocepasser mahali),Talapoin monkey (Miopithecus talapoin),99181,36231,Plocepasser mahali,Miopithecus talapoin,Plocepasser mahali,Miopithecus talapoin,318.95,316.0,322.37,30.0,TimeTree API pairwise summaryjson,
White-browed sparrow-weaver (Plocepasser mahali),Gelada (Theropithecus gelada),99181,9565,Plocepasser mahali,Theropithecus gelada,Plocepasser mahali,Theropithecus gelada,318.95,316.0,322.37,30.0,TimeTree API pairwise summaryjson,
White-browed sparrow-weaver (Plocepasser mahali),Crowned monkey / Crowned guenon (Cercopithecus pogonias),99181,102108,Plocepasser mahali,Cercopithecus pogonias,Plocepasser mahali,Cercopithecus pogonias,318.95,316.0,322.37,30.0,TimeTree API pairwise summaryjson,
White-browed sparrow-weaver (Plocepasser mahali),Mona monkey (Cercopithecus mona),99181,36226,Plocepasser mahali,Cercopithecus mona,Plocepasser mahali,Cercopithecus mona,318.95,316.0,322.37,30.0,TimeTree API pairwise summaryjson,
White-browed sparrow-weaver (Plocepasser mahali),Chacma baboon (Papio ursinus),99181,36229,Plocepasser mahali,Papio ursinus,Plocepasser mahali,Papio ursinus,318.95,316.0,322.37,30.0,TimeTree API pairwise summaryjson,
White-browed sparrow-weaver (Plocepasser mahali),Zebra finch (Taeniopygia guttata),99181,59729,Plocepasser mahali,Taeniopygia guttata,Plocepasser mahali,Taeniopygia guttata,19.8884,13.6916,33.60349,5.0,TimeTree API pairwise summaryjson,
Chestnut-crowned babbler (Pomatostomus ruficeps),European starling (Sturnus vulgaris),9176,9172,Pomatostomus ruficeps,Sturnus vulgaris,Pomatostomus ruficeps,Sturnus vulgaris,,,,,TimeTree API pairwise summaryjson,JSONDecodeError('Expecting value: line 1 column 1 (char 0)')
Chestnut-crowned babbler (Pomatostomus ruficeps),African grey parrot (Psittacus erithacus),9176,57247,Pomatostomus ruficeps,Psittacus erithacus,Pomatostomus ruficeps,Psittacus erithacus,67.814305,56.259865,86.0,12.0,TimeTree API pairwise summaryjson,
Chestnut-crowned babbler (Pomatostomus ruficeps),Mandrill (Mandrillus sphinx),9176,9561,Pomatostomus ruficeps,Mandrillus sphinx,Pomatostomus ruficeps,Mandrillus sphinx,318.95,316.0,322.37,30.0,TimeTree API pairwise summaryjson,
Chestnut-crowned babbler (Pomatostomus ruficeps),Drill (Mandrillus leucophaeus),9176,9568,Pomatostomus ruficeps,Mandrillus leucophaeus,Pomatostomus ruficeps,Mandrillus leucophaeus,318.95,316.0,322.37,30.0,TimeTree API pairwise summaryjson,
Chestnut-crowned babbler (Pomatostomus ruficeps),Red colobus (Piliocolobus spp.),9176,591932,Pomatostomus ruficeps,Piliocolobus,Pomatostomus ruficeps,Piliocolobus,318.95,316.0,322.37,30.0,TimeTree API pairwise summaryjson,
Chestnut-crowned babbler (Pomatostomus ruficeps),Black-and-white colobus (Colobus guereza),9176,33548,Pomatostomus ruficeps,Colobus guereza,Pomatostomus ruficeps,Colobus guereza,318.95,316.0,322.37,30.0,TimeTree API pairwise summaryjson,
Chestnut-crowned babbler (Pomatostomus ruficeps),Langurs (Semnopithecus spp. / Trachypithecus spp.),9176,88028,Pomatostomus ruficeps,Semnopithecus,Pomatostomus ruficeps,Semnopithecus,318.95,316.0,322.37,30.0,TimeTree API pairwise summaryjson,
Chestnut-crowned babbler (Pomatostomus ruficeps),Chimpanzee (Pan troglodytes),9176,9598,Pomatostomus ruficeps,Pan troglodytes,Pomatostomus ruficeps,Pan troglodytes,318.95,316.0,322.37,30.0,TimeTree API pairwise summaryjson,
Chestnut-crowned babbler (Pomatostomus ruficeps),Bonobo (Pan paniscus),9176,9597,Pomatostomus ruficeps,Pan paniscus,Pomatostomus ruficeps,Pan paniscus,318.95,316.0,322.37,30.0,TimeTree API pairwise summaryjson,
Chestnut-crowned babbler (Pomatostomus ruficeps),Western Gorilla (Gorilla gorilla),9176,9593,Pomatostomus ruficeps,Gorilla gorilla,Pomatostomus ruficeps,Gorilla gorilla,318.95,316.0,322.37,30.0,TimeTree API pairwise summaryjson,
Chestnut-crowned babbler (Pomatostomus ruficeps),Eastern Gorilla (Gorilla beringei),9176,499232,Pomatostomus ruficeps,Gorilla beringei,Pomatostomus ruficeps,Gorilla beringei,318.95,316.0,322.37,30.0,TimeTree API pairwise summaryjson,
Chestnut-crowned babbler (Pomatostomus ruficeps),Bornean Orangutan (Pongo pygmaeus),9176,9600,Pomatostomus ruficeps,Pongo pygmaeus,Pomatostomus ruficeps,Pongo pygmaeus,318.95,316.0,322.37,30.0,TimeTree API pairwise summaryjson,
Chestnut-crowned babbler (Pomatostomus ruficeps),Siamang (Symphalangus syndactylus),9176,9590,Pomatostomus ruficeps,Symphalangus syndactylus,Pomatostomus ruficeps,Symphalangus syndactylus,318.95,316.0,322.37,30.0,TimeTree API pairwise summaryjson,
Chestnut-crowned babbler (Pomatostomus ruficeps),"Gibbons (Hylobates spp., Nomascus spp., Hoolock spp.)",9176,9578,Pomatostomus ruficeps,Hylobates,Pomatostomus ruficeps,Hylobates,318.95,316.0,322.37,30.0,TimeTree API pairwise summaryjson,
Chestnut-crowned babbler (Pomatostomus ruficeps),Brown lemurs (Eulemur spp.),9176,13513,Pomatostomus ruficeps,Eulemur,Pomatostomus ruficeps,Eulemur,318.95,316.0,322.37,30.0,TimeTree API pairwise summaryjson,
Chestnut-crowned babbler (Pomatostomus ruficeps),Indri (Indri indri),9176,34827,Pomatostomus ruficeps,Indri indri,Pomatostomus ruficeps,Indri indri,318.95,316.0,322.37,30.0,TimeTree API pairwise summaryjson,
Chestnut-crowned babbler (Pomatostomus ruficeps),Rhesus macaque (Macaca mulatta),9176,9544,Pomatostomus ruficeps,Macaca mulatta,Pomatostomus ruficeps,Macaca mulatta,318.95,316.0,322.37,30.0,TimeTree API pairwise summaryjson,
Chestnut-crowned babbler (Pomatostomus ruficeps),Japanese macaque (Macaca fuscata),9176,9542,Pomatostomus ruficeps,Macaca fuscata,Pomatostomus ruficeps,Macaca fuscata,318.95,316.0,322.37,30.0,TimeTree API pairwise summaryjson,
Chestnut-crowned babbler (Pomatostomus ruficeps),Vervet monkey (Chlorocebus pygerythrus),9176,60710,Pomatostomus ruficeps,Chlorocebus pygerythrus,Pomatostomus ruficeps,Chlorocebus pygerythrus,318.95,316.0,322.37,30.0,TimeTree API pairwise summaryjson,
Chestnut-crowned babbler (Pomatostomus ruficeps),Campbell's monkey (Cercopithecus campbelli),9176,303588,Pomatostomus ruficeps,Cercopithecus campbelli,Pomatostomus ruficeps,Cercopithecus campbelli,318.95,316.0,322.37,30.0,TimeTree API pairwise summaryjson,
Chestnut-crowned babbler (Pomatostomus ruficeps),Olive baboon (Papio anubis),9176,9555,Pomatostomus ruficeps,Papio anubis,Pomatostomus ruficeps,Papio anubis,318.95,316.0,322.37,30.0,TimeTree API pairwise summaryjson,
Chestnut-crowned babbler (Pomatostomus ruficeps),Yellow baboon (Papio cynocephalus),9176,9556,Pomatostomus ruficeps,Papio cynocephalus,Pomatostomus ruficeps,Papio cynocephalus,318.95,316.0,322.37,30.0,TimeTree API pairwise summaryjson,
Chestnut-crowned babbler (Pomatostomus ruficeps),Ring-tailed lemur (Lemur catta),9176,9447,Pomatostomus ruficeps,Lemur catta,Pomatostomus ruficeps,Lemur catta,318.95,316.0,322.37,30.0,TimeTree API pairwise summaryjson,
Chestnut-crowned babbler (Pomatostomus ruficeps),Mouse lemurs (Microcebus spp.),9176,13149,Pomatostomus ruficeps,Microcebus,Pomatostomus ruficeps,Microcebus,318.95,316.0,322.37,30.0,TimeTree API pairwise summaryjson,
Chestnut-crowned babbler (Pomatostomus ruficeps),Tufted capuchin (Sapajus apella),9176,9515,Pomatostomus ruficeps,Sapajus apella,Pomatostomus ruficeps,Sapajus apella,318.95,316.0,322.37,30.0,TimeTree API pairwise summaryjson,
Chestnut-crowned babbler (Pomatostomus ruficeps),Common marmoset (Callithrix jacchus),9176,9483,Pomatostomus ruficeps,Callithrix jacchus,Pomatostomus ruficeps,Callithrix jacchus,318.95,316.0,322.37,30.0,TimeTree API pairwise summaryjson,
Chestnut-crowned babbler (Pomatostomus ruficeps),Howler monkey (Alouatta spp.),9176,9499,Pomatostomus ruficeps,Alouatta,Pomatostomus ruficeps,Alouatta,318.95,316.0,322.37,30.0,TimeTree API pairwise summaryjson,
Chestnut-crowned babbler (Pomatostomus ruficeps),Diana monkey (Cercopithecus diana),9176,36224,Pomatostomus ruficeps,Cercopithecus diana,Pomatostomus ruficeps,Cercopithecus diana,318.95,316.0,322.37,30.0,TimeTree API pairwise summaryjson,
Chestnut-crowned babbler (Pomatostomus ruficeps),Putty-nosed monkey (Cercopithecus nictitans),9176,36228,Pomatostomus ruficeps,Cercopithecus nictitans,Pomatostomus ruficeps,Cercopithecus nictitans,318.95,316.0,322.37,30.0,TimeTree API pairwise summaryjson,
Chestnut-crowned babbler (Pomatostomus ruficeps),Red-tailed monkey (Cercopithecus ascanius),9176,36223,Pomatostomus ruficeps,Cercopithecus ascanius,Pomatostomus ruficeps,Cercopithecus ascanius,318.95,316.0,322.37,30.0,TimeTree API pairwise summaryjson,
Chestnut-crowned babbler (Pomatostomus ruficeps),De Brazza’s monkey (Cercopithecus neglectus),9176,36227,Pomatostomus ruficeps,Cercopithecus neglectus,Pomatostomus ruficeps,Cercopithecus neglectus,318.95,316.0,322.37,30.0,TimeTree API pairwise summaryjson,
Chestnut-crowned babbler (Pomatostomus ruficeps),L’Hoest’s monkey (Allochrocebus lhoesti),9176,100224,Pomatostomus ruficeps,Allochrocebus lhoesti,Pomatostomus ruficeps,Allochrocebus lhoesti,318.95,316.0,322.37,30.0,TimeTree API pairwise summaryjson,
Chestnut-crowned babbler (Pomatostomus ruficeps),Patas monkey (Erythrocebus patas),9176,9538,Pomatostomus ruficeps,Erythrocebus patas,Pomatostomus ruficeps,Erythrocebus patas,318.95,316.0,322.37,30.0,TimeTree API pairwise summaryjson,
Chestnut-crowned babbler (Pomatostomus ruficeps),Talapoin monkey (Miopithecus talapoin),9176,36231,Pomatostomus ruficeps,Miopithecus talapoin,Pomatostomus ruficeps,Miopithecus talapoin,318.95,316.0,322.37,30.0,TimeTree API pairwise summaryjson,
Chestnut-crowned babbler (Pomatostomus ruficeps),Gelada (Theropithecus gelada),9176,9565,Pomatostomus ruficeps,Theropithecus gelada,Pomatostomus ruficeps,Theropithecus gelada,318.95,316.0,322.37,30.0,TimeTree API pairwise summaryjson,
Chestnut-crowned babbler (Pomatostomus ruficeps),Crowned monkey / Crowned guenon (Cercopithecus pogonias),9176,102108,Pomatostomus ruficeps,Cercopithecus pogonias,Pomatostomus ruficeps,Cercopithecus pogonias,318.95,316.0,322.37,30.0,TimeTree API pairwise summaryjson,
Chestnut-crowned babbler (Pomatostomus ruficeps),Mona monkey (Cercopithecus mona),9176,36226,Pomatostomus ruficeps,Cercopithecus mona,Pomatostomus ruficeps,Cercopithecus mona,318.95,316.0,322.37,30.0,TimeTree API pairwise summaryjson,
Chestnut-crowned babbler (Pomatostomus ruficeps),Chacma baboon (Papio ursinus),9176,36229,Pomatostomus ruficeps,Papio ursinus,Pomatostomus ruficeps,Papio ursinus,318.95,316.0,322.37,30.0,TimeTree API pairwise summaryjson,
Chestnut-crowned babbler (Pomatostomus ruficeps),Zebra finch (Taeniopygia guttata),9176,59729,Pomatostomus ruficeps,Taeniopygia guttata,Pomatostomus ruficeps,Taeniopygia guttata,,,,,TimeTree API pairwise summaryjson,JSONDecodeError('Expecting value: line 1 column 1 (char 0)')
European starling (Sturnus vulgaris),African grey parrot (Psittacus erithacus),9172,57247,Sturnus vulgaris,Psittacus erithacus,Sturnus vulgaris,Psittacus erithacus,67.814305,56.259865,86.0,12.0,TimeTree API pairwise summaryjson,
European starling (Sturnus vulgaris),Mandrill (Mandrillus sphinx),9172,9561,Sturnus vulgaris,Mandrillus sphinx,Sturnus vulgaris,Mandrillus sphinx,318.95,316.0,322.37,30.0,TimeTree API pairwise summaryjson,
European starling (Sturnus vulgaris),Drill (Mandrillus leucophaeus),9172,9568,Sturnus vulgaris,Mandrillus leucophaeus,Sturnus vulgaris,Mandrillus leucophaeus,318.95,316.0,322.37,30.0,TimeTree API pairwise summaryjson,
European starling (Sturnus vulgaris),Red colobus (Piliocolobus spp.),9172,591932,Sturnus vulgaris,Piliocolobus,Sturnus vulgaris,Piliocolobus,318.95,316.0,322.37,30.0,TimeTree API pairwise summaryjson,
European starling (Sturnus vulgaris),Black-and-white colobus (Colobus guereza),9172,33548,Sturnus vulgaris,Colobus guereza,Sturnus vulgaris,Colobus guereza,318.95,316.0,322.37,30.0,TimeTree API pairwise summaryjson,
European starling (Sturnus vulgaris),Langurs (Semnopithecus spp. / Trachypithecus spp.),9172,88028,Sturnus vulgaris,Semnopithecus,Sturnus vulgaris,Semnopithecus,318.95,316.0,322.37,30.0,TimeTree API pairwise summaryjson,
European starling (Sturnus vulgaris),Chimpanzee (Pan troglodytes),9172,9598,Sturnus vulgaris,Pan troglodytes,Sturnus vulgaris,Pan troglodytes,318.95,316.0,322.37,30.0,TimeTree API pairwise summaryjson,
European starling (Sturnus vulgaris),Bonobo (Pan paniscus),9172,9597,Sturnus vulgaris,Pan paniscus,Sturnus vulgaris,Pan paniscus,318.95,316.0,322.37,30.0,TimeTree API pairwise summaryjson,
European starling (Sturnus vulgaris),Western Gorilla (Gorilla gorilla),9172,9593,Sturnus vulgaris,Gorilla gorilla,Sturnus vulgaris,Gorilla gorilla,318.95,316.0,322.37,30.0,TimeTree API pairwise summaryjson,
European starling (Sturnus vulgaris),Eastern Gorilla (Gorilla beringei),9172,499232,Sturnus vulgaris,Gorilla beringei,Sturnus vulgaris,Gorilla beringei,318.95,316.0,322.37,30.0,TimeTree API pairwise summaryjson,
European starling (Sturnus vulgaris),Bornean Orangutan (Pongo pygmaeus),9172,9600,Sturnus vulgaris,Pongo pygmaeus,Sturnus vulgaris,Pongo pygmaeus,318.95,316.0,322.37,30.0,TimeTree API pairwise summaryjson,
European starling (Sturnus vulgaris),Siamang (Symphalangus syndactylus),9172,9590,Sturnus vulgaris,Symphalangus syndactylus,Sturnus vulgaris,Symphalangus syndactylus,318.95,316.0,322.37,30.0,TimeTree API pairwise summaryjson,
European starling (Sturnus vulgaris),"Gibbons (Hylobates spp., Nomascus spp., Hoolock spp.)",9172,9578,Sturnus vulgaris,Hylobates,Sturnus vulgaris,Hylobates,318.95,316.0,322.37,30.0,TimeTree API pairwise summaryjson,
European starling (Sturnus vulgaris),Brown lemurs (Eulemur spp.),9172,13513,Sturnus vulgaris,Eulemur,Sturnus vulgaris,Eulemur,318.95,316.0,322.37,30.0,TimeTree API pairwise summaryjson,
European starling (Sturnus vulgaris),Indri (Indri indri),9172,34827,Sturnus vulgaris,Indri indri,Sturnus vulgaris,Indri indri,318.95,316.0,322.37,30.0,TimeTree API pairwise summaryjson,
European starling (Sturnus vulgaris),Rhesus macaque (Macaca mulatta),9172,9544,Sturnus vulgaris,Macaca mulatta,Sturnus vulgaris,Macaca mulatta,318.95,316.0,322.37,30.0,TimeTree API pairwise summaryjson,
European starling (Sturnus vulgaris),Japanese macaque (Macaca fuscata),9172,9542,Sturnus vulgaris,Macaca fuscata,Sturnus vulgaris,Macaca fuscata,318.95,316.0,322.37,30.0,TimeTree API pairwise summaryjson,
European starling (Sturnus vulgaris),Vervet monkey (Chlorocebus pygerythrus),9172,60710,Sturnus vulgaris,Chlorocebus pygerythrus,Sturnus vulgaris,Chlorocebus pygerythrus,318.95,316.0,322.37,30.0,TimeTree API pairwise summaryjson,
European starling (Sturnus vulgaris),Campbell's monkey (Cercopithecus campbelli),9172,303588,Sturnus vulgaris,Cercopithecus campbelli,Sturnus vulgaris,Cercopithecus campbelli,318.95,316.0,322.37,30.0,TimeTree API pairwise summaryjson,
European starling (Sturnus vulgaris),Olive baboon (Papio anubis),9172,9555,Sturnus vulgaris,Papio anubis,Sturnus vulgaris,Papio anubis,318.95,316.0,322.37,30.0,TimeTree API pairwise summaryjson,
European starling (Sturnus vulgaris),Yellow baboon (Papio cynocephalus),9172,9556,Sturnus vulgaris,Papio cynocephalus,Sturnus vulgaris,Papio cynocephalus,318.95,316.0,322.37,30.0,TimeTree API pairwise summaryjson,
European starling (Sturnus vulgaris),Ring-tailed lemur (Lemur catta),9172,9447,Sturnus vulgaris,Lemur catta,Sturnus vulgaris,Lemur catta,318.95,316.0,322.37,30.0,TimeTree API pairwise summaryjson,
European starling (Sturnus vulgaris),Mouse lemurs (Microcebus spp.),9172,13149,Sturnus vulgaris,Microcebus,Sturnus vulgaris,Microcebus,318.95,316.0,322.37,30.0,TimeTree API pairwise summaryjson,
European starling (Sturnus vulgaris),Tufted capuchin (Sapajus apella),9172,9515,Sturnus vulgaris,Sapajus apella,Sturnus vulgaris,Sapajus apella,318.95,316.0,322.37,30.0,TimeTree API pairwise summaryjson,
European starling (Sturnus vulgaris),Common marmoset (Callithrix jacchus),9172,9483,Sturnus vulgaris,Callithrix jacchus,Sturnus vulgaris,Callithrix jacchus,318.95,316.0,322.37,30.0,TimeTree API pairwise summaryjson,
European starling (Sturnus vulgaris),Howler monkey (Alouatta spp.),9172,9499,Sturnus vulgaris,Alouatta,Sturnus vulgaris,Alouatta,318.95,316.0,322.37,30.0,TimeTree API pairwise summaryjson,
European starling (Sturnus vulgaris),Diana monkey (Cercopithecus diana),9172,36224,Sturnus vulgaris,Cercopithecus diana,Sturnus vulgaris,Cercopithecus diana,318.95,316.0,322.37,30.0,TimeTree API pairwise summaryjson,
European starling (Sturnus vulgaris),Putty-nosed monkey (Cercopithecus nictitans),9172,36228,Sturnus vulgaris,Cercopithecus nictitans,Sturnus vulgaris,Cercopithecus nictitans,318.95,316.0,322.37,30.0,TimeTree API pairwise summaryjson,
European starling (Sturnus vulgaris),Red-tailed monkey (Cercopithecus ascanius),9172,36223,Sturnus vulgaris,Cercopithecus ascanius,Sturnus vulgaris,Cercopithecus ascanius,318.95,316.0,322.37,30.0,TimeTree API pairwise summaryjson,
European starling (Sturnus vulgaris),De Brazza’s monkey (Cercopithecus neglectus),9172,36227,Sturnus vulgaris,Cercopithecus neglectus,Sturnus vulgaris,Cercopithecus neglectus,318.95,316.0,322.37,30.0,TimeTree API pairwise summaryjson,
European starling (Sturnus vulgaris),L’Hoest’s monkey (Allochrocebus lhoesti),9172,100224,Sturnus vulgaris,Allochrocebus lhoesti,Sturnus vulgaris,Allochrocebus lhoesti,318.95,316.0,322.37,30.0,TimeTree API pairwise summaryjson,
European starling (Sturnus vulgaris),Patas monkey (Erythrocebus patas),9172,9538,Sturnus vulgaris,Erythrocebus patas,Sturnus vulgaris,Erythrocebus patas,318.95,316.0,322.37,30.0,TimeTree API pairwise summaryjson,
European starling (Sturnus vulgaris),Talapoin monkey (Miopithecus talapoin),9172,36231,Sturnus vulgaris,Miopithecus talapoin,Sturnus vulgaris,Miopithecus talapoin,318.95,316.0,322.37,30.0,TimeTree API pairwise summaryjson,
European starling (Sturnus vulgaris),Gelada (Theropithecus gelada),9172,9565,Sturnus vulgaris,Theropithecus gelada,Sturnus vulgaris,Theropithecus gelada,318.95,316.0,322.37,30.0,TimeTree API pairwise summaryjson,
European starling (Sturnus vulgaris),Crowned monkey / Crowned guenon (Cercopithecus pogonias),9172,102108,Sturnus vulgaris,Cercopithecus pogonias,Sturnus vulgaris,Cercopithecus pogonias,318.95,316.0,322.37,30.0,TimeTree API pairwise summaryjson,
European starling (Sturnus vulgaris),Mona monkey (Cercopithecus mona),9172,36226,Sturnus vulgaris,Cercopithecus mona,Sturnus vulgaris,Cercopithecus mona,318.95,316.0,322.37,30.0,TimeTree API pairwise summaryjson,
European starling (Sturnus vulgaris),Chacma baboon (Papio ursinus),9172,36229,Sturnus vulgaris,Papio ursinus,Sturnus vulgaris,Papio ursinus,318.95,316.0,322.37,30.0,TimeTree API pairwise summaryjson,
European starling (Sturnus vulgaris),Zebra finch (Taeniopygia guttata),9172,59729,Sturnus vulgaris,Taeniopygia guttata,Sturnus vulgaris,Taeniopygia guttata,35.99253,21.364678,72.0,7.0,TimeTree API pairwise summaryjson,
African grey parrot (Psittacus erithacus),Mandrill (Mandrillus sphinx),57247,9561,Psittacus erithacus,Mandrillus sphinx,Psittacus erithacus,Mandrillus sphinx,318.95,316.0,322.37,30.0,TimeTree API pairwise summaryjson,
African grey parrot (Psittacus erithacus),Drill (Mandrillus leucophaeus),57247,9568,Psittacus erithacus,Mandrillus leucophaeus,Psittacus erithacus,Mandrillus leucophaeus,318.95,316.0,322.37,30.0,TimeTree API pairwise summaryjson,
African grey parrot (Psittacus erithacus),Red colobus (Piliocolobus spp.),57247,591932,Psittacus erithacus,Piliocolobus,Psittacus erithacus,Piliocolobus,318.95,316.0,322.37,30.0,TimeTree API pairwise summaryjson,
African grey parrot (Psittacus erithacus),Black-and-white colobus (Colobus guereza),57247,33548,Psittacus erithacus,Colobus guereza,Psittacus erithacus,Colobus guereza,318.95,316.0,322.37,30.0,TimeTree API pairwise summaryjson,
African grey parrot (Psittacus erithacus),Langurs (Semnopithecus spp. / Trachypithecus spp.),57247,88028,Psittacus erithacus,Semnopithecus,Psittacus erithacus,Semnopithecus,318.95,316.0,322.37,30.0,TimeTree API pairwise summaryjson,
African grey parrot (Psittacus erithacus),Chimpanzee (Pan troglodytes),57247,9598,Psittacus erithacus,Pan troglodytes,Psittacus erithacus,Pan troglodytes,318.95,316.0,322.37,30.0,TimeTree API pairwise summaryjson,
African grey parrot (Psittacus erithacus),Bonobo (Pan paniscus),57247,9597,Psittacus erithacus,Pan paniscus,Psittacus erithacus,Pan paniscus,318.95,316.0,322.37,30.0,TimeTree API pairwise summaryjson,
African grey parrot (Psittacus erithacus),Western Gorilla (Gorilla gorilla),57247,9593,Psittacus erithacus,Gorilla gorilla,Psittacus erithacus,Gorilla gorilla,318.95,316.0,322.37,30.0,TimeTree API pairwise summaryjson,
African grey parrot (Psittacus erithacus),Eastern Gorilla (Gorilla beringei),57247,499232,Psittacus erithacus,Gorilla beringei,Psittacus erithacus,Gorilla beringei,318.95,316.0,322.37,30.0,TimeTree API pairwise summaryjson,
African grey parrot (Psittacus erithacus),Bornean Orangutan (Pongo pygmaeus),57247,9600,Psittacus erithacus,Pongo pygmaeus,Psittacus erithacus,Pongo pygmaeus,318.95,316.0,322.37,30.0,TimeTree API pairwise summaryjson,
African grey parrot (Psittacus erithacus),Siamang (Symphalangus syndactylus),57247,9590,Psittacus erithacus,Symphalangus syndactylus,Psittacus erithacus,Symphalangus syndactylus,318.95,316.0,322.37,30.0,TimeTree API pairwise summaryjson,
African grey parrot (Psittacus erithacus),"Gibbons (Hylobates spp., Nomascus spp., Hoolock spp.)",57247,9578,Psittacus erithacus,Hylobates,Psittacus erithacus,Hylobates,318.95,316.0,322.37,30.0,TimeTree API pairwise summaryjson,
African grey parrot (Psittacus erithacus),Brown lemurs (Eulemur spp.),57247,13513,Psittacus erithacus,Eulemur,Psittacus erithacus,Eulemur,318.95,316.0,322.37,30.0,TimeTree API pairwise summaryjson,
African grey parrot (Psittacus erithacus),Indri (Indri indri),57247,34827,Psittacus erithacus,Indri indri,Psittacus erithacus,Indri indri,318.95,316.0,322.37,30.0,TimeTree API pairwise summaryjson,
African grey parrot (Psittacus erithacus),Rhesus macaque (Macaca mulatta),57247,9544,Psittacus erithacus,Macaca mulatta,Psittacus erithacus,Macaca mulatta,318.95,316.0,322.37,30.0,TimeTree API pairwise summaryjson,
African grey parrot (Psittacus erithacus),Japanese macaque (Macaca fuscata),57247,9542,Psittacus erithacus,Macaca fuscata,Psittacus erithacus,Macaca fuscata,318.95,316.0,322.37,30.0,TimeTree API pairwise summaryjson,
African grey parrot (Psittacus erithacus),Vervet monkey (Chlorocebus pygerythrus),57247,60710,Psittacus erithacus,Chlorocebus pygerythrus,Psittacus erithacus,Chlorocebus pygerythrus,318.95,316.0,322.37,30.0,TimeTree API pairwise summaryjson,
African grey parrot (Psittacus erithacus),Campbell's monkey (Cercopithecus campbelli),57247,303588,Psittacus erithacus,Cercopithecus campbelli,Psittacus erithacus,Cercopithecus campbelli,318.95,316.0,322.37,30.0,TimeTree API pairwise summaryjson,
African grey parrot (Psittacus erithacus),Olive baboon (Papio anubis),57247,9555,Psittacus erithacus,Papio anubis,Psittacus erithacus,Papio anubis,318.95,316.0,322.37,30.0,TimeTree API pairwise summaryjson,
African grey parrot (Psittacus erithacus),Yellow baboon (Papio cynocephalus),57247,9556,Psittacus erithacus,Papio cynocephalus,Psittacus erithacus,Papio cynocephalus,318.95,316.0,322.37,30.0,TimeTree API pairwise summaryjson,
African grey parrot (Psittacus erithacus),Ring-tailed lemur (Lemur catta),57247,9447,Psittacus erithacus,Lemur catta,Psittacus erithacus,Lemur catta,318.95,316.0,322.37,30.0,TimeTree API pairwise summaryjson,
African grey parrot (Psittacus erithacus),Mouse lemurs (Microcebus spp.),57247,13149,Psittacus erithacus,Microcebus,Psittacus erithacus,Microcebus,318.95,316.0,322.37,30.0,TimeTree API pairwise summaryjson,
African grey parrot (Psittacus erithacus),Tufted capuchin (Sapajus apella),57247,9515,Psittacus erithacus,Sapajus apella,Psittacus erithacus,Sapajus apella,318.95,316.0,322.37,30.0,TimeTree API pairwise summaryjson,
African grey parrot (Psittacus erithacus),Common marmoset (Callithrix jacchus),57247,9483,Psittacus erithacus,Callithrix jacchus,Psittacus erithacus,Callithrix jacchus,318.95,316.0,322.37,30.0,TimeTree API pairwise summaryjson,
African grey parrot (Psittacus erithacus),Howler monkey (Alouatta spp.),57247,9499,Psittacus erithacus,Alouatta,Psittacus erithacus,Alouatta,318.95,316.0,322.37,30.0,TimeTree API pairwise summaryjson,
African grey parrot (Psittacus erithacus),Diana monkey (Cercopithecus diana),57247,36224,Psittacus erithacus,Cercopithecus diana,Psittacus erithacus,Cercopithecus diana,318.95,316.0,322.37,30.0,TimeTree API pairwise summaryjson,
African grey parrot (Psittacus erithacus),Putty-nosed monkey (Cercopithecus nictitans),57247,36228,Psittacus erithacus,Cercopithecus nictitans,Psittacus erithacus,Cercopithecus nictitans,318.95,316.0,322.37,30.0,TimeTree API pairwise summaryjson,
African grey parrot (Psittacus erithacus),Red-tailed monkey (Cercopithecus ascanius),57247,36223,Psittacus erithacus,Cercopithecus ascanius,Psittacus erithacus,Cercopithecus ascanius,318.95,316.0,322.37,30.0,TimeTree API pairwise summaryjson,
African grey parrot (Psittacus erithacus),De Brazza’s monkey (Cercopithecus neglectus),57247,36227,Psittacus erithacus,Cercopithecus neglectus,Psittacus erithacus,Cercopithecus neglectus,318.95,316.0,322.37,30.0,TimeTree API pairwise summaryjson,
African grey parrot (Psittacus erithacus),L’Hoest’s monkey (Allochrocebus lhoesti),57247,100224,Psittacus erithacus,Allochrocebus lhoesti,Psittacus erithacus,Allochrocebus lhoesti,318.95,316.0,322.37,30.0,TimeTree API pairwise summaryjson,
African grey parrot (Psittacus erithacus),Patas monkey (Erythrocebus patas),57247,9538,Psittacus erithacus,Erythrocebus patas,Psittacus erithacus,Erythrocebus patas,318.95,316.0,322.37,30.0,TimeTree API pairwise summaryjson,
African grey parrot (Psittacus erithacus),Talapoin monkey (Miopithecus talapoin),57247,36231,Psittacus erithacus,Miopithecus talapoin,Psittacus erithacus,Miopithecus talapoin,318.95,316.0,322.37,30.0,TimeTree API pairwise summaryjson,
African grey parrot (Psittacus erithacus),Gelada (Theropithecus gelada),57247,9565,Psittacus erithacus,Theropithecus gelada,Psittacus erithacus,Theropithecus gelada,318.95,316.0,322.37,30.0,TimeTree API pairwise summaryjson,
African grey parrot (Psittacus erithacus),Crowned monkey / Crowned guenon (Cercopithecus pogonias),57247,102108,Psittacus erithacus,Cercopithecus pogonias,Psittacus erithacus,Cercopithecus pogonias,318.95,316.0,322.37,30.0,TimeTree API pairwise summaryjson,
African grey parrot (Psittacus erithacus),Mona monkey (Cercopithecus mona),57247,36226,Psittacus erithacus,Cercopithecus mona,Psittacus erithacus,Cercopithecus mona,318.95,316.0,322.37,30.0,TimeTree API pairwise summaryjson,
African grey parrot (Psittacus erithacus),Chacma baboon (Papio ursinus),57247,36229,Psittacus erithacus,Papio ursinus,Psittacus erithacus,Papio ursinus,318.95,316.0,322.37,30.0,TimeTree API pairwise summaryjson,
African grey parrot (Psittacus erithacus),Zebra finch (Taeniopygia guttata),57247,59729,Psittacus erithacus,Taeniopygia guttata,Psittacus erithacus,Taeniopygia guttata,67.814305,56.259865,86.0,12.0,TimeTree API pairwise summaryjson,
Mandrill (Mandrillus sphinx),Drill (Mandrillus leucophaeus),9561,9568,Mandrillus sphinx,Mandrillus leucophaeus,Mandrillus sphinx,Mandrillus leucophaeus,2.876,1.0,3.85168,7.0,TimeTree API pairwise summaryjson,
Mandrill (Mandrillus sphinx),Red colobus (Piliocolobus spp.),9561,591932,Mandrillus sphinx,Piliocolobus,Mandrillus sphinx,Piliocolobus,17.755,15.5,19.8,29.0,TimeTree API pairwise summaryjson,
Mandrill (Mandrillus sphinx),Black-and-white colobus (Colobus guereza),9561,33548,Mandrillus sphinx,Colobus guereza,Mandrillus sphinx,Colobus guereza,17.755,15.5,19.8,29.0,TimeTree API pairwise summaryjson,
Mandrill (Mandrillus sphinx),Langurs (Semnopithecus spp. / Trachypithecus spp.),9561,88028,Mandrillus sphinx,Semnopithecus,Mandrillus sphinx,Semnopithecus,17.755,15.5,19.8,29.0,TimeTree API pairwise summaryjson,
Mandrill (Mandrillus sphinx),Chimpanzee (Pan troglodytes),9561,9598,Mandrillus sphinx,Pan troglodytes,Mandrillus sphinx,Pan troglodytes,28.82,26.8,30.6,83.0,TimeTree API pairwise summaryjson,
Mandrill (Mandrillus sphinx),Bonobo (Pan paniscus),9561,9597,Mandrillus sphinx,Pan paniscus,Mandrillus sphinx,Pan paniscus,28.82,26.8,30.6,83.0,TimeTree API pairwise summaryjson,
Mandrill (Mandrillus sphinx),Western Gorilla (Gorilla gorilla),9561,9593,Mandrillus sphinx,Gorilla gorilla,Mandrillus sphinx,Gorilla gorilla,28.82,26.8,30.6,83.0,TimeTree API pairwise summaryjson,
Mandrill (Mandrillus sphinx),Eastern Gorilla (Gorilla beringei),9561,499232,Mandrillus sphinx,Gorilla beringei,Mandrillus sphinx,Gorilla beringei,28.82,26.8,30.6,83.0,TimeTree API pairwise summaryjson,
Mandrill (Mandrillus sphinx),Bornean Orangutan (Pongo pygmaeus),9561,9600,Mandrillus sphinx,Pongo pygmaeus,Mandrillus sphinx,Pongo pygmaeus,28.82,26.8,30.6,83.0,TimeTree API pairwise summaryjson,
Mandrill (Mandrillus sphinx),Siamang (Symphalangus syndactylus),9561,9590,Mandrillus sphinx,Symphalangus syndactylus,Mandrillus sphinx,Symphalangus syndactylus,28.82,26.8,30.6,83.0,TimeTree API pairwise summaryjson,
Mandrill (Mandrillus sphinx),"Gibbons (Hylobates spp., Nomascus spp., Hoolock spp.)",9561,9578,Mandrillus sphinx,Hylobates,Mandrillus sphinx,Hylobates,28.82,26.8,30.6,83.0,TimeTree API pairwise summaryjson,
Mandrill (Mandrillus sphinx),Brown lemurs (Eulemur spp.),9561,13513,Mandrillus sphinx,Eulemur,Mandrillus sphinx,Eulemur,73.75492,71.4,77.5,50.0,TimeTree API pairwise summaryjson,
Mandrill (Mandrillus sphinx),Indri (Indri indri),9561,34827,Mandrillus sphinx,Indri indri,Mandrillus sphinx,Indri indri,73.75492,71.4,77.5,50.0,TimeTree API pairwise summaryjson,
Mandrill (Mandrillus sphinx),Rhesus macaque (Macaca mulatta),9561,9544,Mandrillus sphinx,Macaca mulatta,Mandrillus sphinx,Macaca mulatta,10.454,8.78921,11.05064,42.0,TimeTree API pairwise summaryjson,
Mandrill (Mandrillus sphinx),Japanese macaque (Macaca fuscata),9561,9542,Mandrillus sphinx,Macaca fuscata,Mandrillus sphinx,Macaca fuscata,10.454,8.78921,11.05064,42.0,TimeTree API pairwise summaryjson,
Mandrill (Mandrillus sphinx),Vervet monkey (Chlorocebus pygerythrus),9561,60710,Mandrillus sphinx,Chlorocebus pygerythrus,Mandrillus sphinx,Chlorocebus pygerythrus,12.32716,11.5,13.0889,28.0,TimeTree API pairwise summaryjson,
Mandrill (Mandrillus sphinx),Campbell's monkey (Cercopithecus campbelli),9561,303588,Mandrillus sphinx,Cercopithecus campbelli,Mandrillus sphinx,Cercopithecus campbelli,12.32716,11.5,13.0889,28.0,TimeTree API pairwise summaryjson,
Mandrill (Mandrillus sphinx),Olive baboon (Papio anubis),9561,9555,Mandrillus sphinx,Papio anubis,Mandrillus sphinx,Papio anubis,7.5,6.1,11.737,11.0,TimeTree API pairwise summaryjson,
Mandrill (Mandrillus sphinx),Yellow baboon (Papio cynocephalus),9561,9556,Mandrillus sphinx,Papio cynocephalus,Mandrillus sphinx,Papio cynocephalus,7.5,6.1,11.737,11.0,TimeTree API pairwise summaryjson,
Mandrill (Mandrillus sphinx),Ring-tailed lemur (Lemur catta),9561,9447,Mandrillus sphinx,Lemur catta,Mandrillus sphinx,Lemur catta,73.75492,71.4,77.5,50.0,TimeTree API pairwise summaryjson,
Mandrill (Mandrillus sphinx),Mouse lemurs (Microcebus spp.),9561,13149,Mandrillus sphinx,Microcebus,Mandrillus sphinx,Microcebus,73.75492,71.4,77.5,50.0,TimeTree API pairwise summaryjson,
Mandrill (Mandrillus sphinx),Tufted capuchin (Sapajus apella),9561,9515,Mandrillus sphinx,Sapajus apella,Mandrillus sphinx,Sapajus apella,42.9,40.0,44.2,68.0,TimeTree API pairwise summaryjson,
Mandrill (Mandrillus sphinx),Common marmoset (Callithrix jacchus),9561,9483,Mandrillus sphinx,Callithrix jacchus,Mandrillus sphinx,Callithrix jacchus,42.9,40.0,44.2,68.0,TimeTree API pairwise summaryjson,
Mandrill (Mandrillus sphinx),Howler monkey (Alouatta spp.),9561,9499,Mandrillus sphinx,Alouatta,Mandrillus sphinx,Alouatta,42.9,40.0,44.2,68.0,TimeTree API pairwise summaryjson,
Mandrill (Mandrillus sphinx),Diana monkey (Cercopithecus diana),9561,36224,Mandrillus sphinx,Cercopithecus diana,Mandrillus sphinx,Cercopithecus diana,12.32716,11.5,13.0889,28.0,TimeTree API pairwise summaryjson,
Mandrill (Mandrillus sphinx),Putty-nosed monkey (Cercopithecus nictitans),9561,36228,Mandrillus sphinx,Cercopithecus nictitans,Mandrillus sphinx,Cercopithecus nictitans,12.32716,11.5,13.0889,28.0,TimeTree API pairwise summaryjson,
Mandrill (Mandrillus sphinx),Red-tailed monkey (Cercopithecus ascanius),9561,36223,Mandrillus sphinx,Cercopithecus ascanius,Mandrillus sphinx,Cercopithecus ascanius,12.32716,11.5,13.0889,28.0,TimeTree API pairwise summaryjson,
Mandrill (Mandrillus sphinx),De Brazza’s monkey (Cercopithecus neglectus),9561,36227,Mandrillus sphinx,Cercopithecus neglectus,Mandrillus sphinx,Cercopithecus neglectus,12.32716,11.5,13.0889,28.0,TimeTree API pairwise summaryjson,
Mandrill (Mandrillus sphinx),L’Hoest’s monkey (Allochrocebus lhoesti),9561,100224,Mandrillus sphinx,Allochrocebus lhoesti,Mandrillus sphinx,Allochrocebus lhoesti,12.32716,11.5,13.0889,28.0,TimeTree API pairwise summaryjson,
Mandrill (Mandrillus sphinx),Patas monkey (Erythrocebus patas),9561,9538,Mandrillus sphinx,Erythrocebus patas,Mandrillus sphinx,Erythrocebus patas,12.32716,11.5,13.0889,28.0,TimeTree API pairwise summaryjson,
Mandrill (Mandrillus sphinx),Talapoin monkey (Miopithecus talapoin),9561,36231,Mandrillus sphinx,Miopithecus talapoin,Mandrillus sphinx,Miopithecus talapoin,12.32716,11.5,13.0889,28.0,TimeTree API pairwise summaryjson,
Mandrill (Mandrillus sphinx),Gelada (Theropithecus gelada),9561,9565,Mandrillus sphinx,Theropithecus gelada,Mandrillus sphinx,Theropithecus gelada,7.5,6.1,11.737,11.0,TimeTree API pairwise summaryjson,
Mandrill (Mandrillus sphinx),Crowned monkey / Crowned guenon (Cercopithecus pogonias),9561,102108,Mandrillus sphinx,Cercopithecus pogonias,Mandrillus sphinx,Cercopithecus pogonias,12.32716,11.5,13.0889,28.0,TimeTree API pairwise summaryjson,
Mandrill (Mandrillus sphinx),Mona monkey (Cercopithecus mona),9561,36226,Mandrillus sphinx,Cercopithecus mona,Mandrillus sphinx,Cercopithecus mona,12.32716,11.5,13.0889,28.0,TimeTree API pairwise summaryjson,
Mandrill (Mandrillus sphinx),Chacma baboon (Papio ursinus),9561,36229,Mandrillus sphinx,Papio ursinus,Mandrillus sphinx,Papio ursinus,7.5,6.1,11.737,11.0,TimeTree API pairwise summaryjson,
Mandrill (Mandrillus sphinx),Zebra finch (Taeniopygia guttata),9561,59729,Mandrillus sphinx,Taeniopygia guttata,Mandrillus sphinx,Taeniopygia guttata,318.95,316.0,322.37,30.0,TimeTree API pairwise summaryjson,
Drill (Mandrillus leucophaeus),Red colobus (Piliocolobus spp.),9568,591932,Mandrillus leucophaeus,Piliocolobus,Mandrillus leucophaeus,Piliocolobus,17.755,15.5,19.8,29.0,TimeTree API pairwise summaryjson,
Drill (Mandrillus leucophaeus),Black-and-white colobus (Colobus guereza),9568,33548,Mandrillus leucophaeus,Colobus guereza,Mandrillus leucophaeus,Colobus guereza,17.755,15.5,19.8,29.0,TimeTree API pairwise summaryjson,
Drill (Mandrillus leucophaeus),Langurs (Semnopithecus spp. / Trachypithecus spp.),9568,88028,Mandrillus leucophaeus,Semnopithecus,Mandrillus leucophaeus,Semnopithecus,17.755,15.5,19.8,29.0,TimeTree API pairwise summaryjson,
Drill (Mandrillus leucophaeus),Chimpanzee (Pan troglodytes),9568,9598,Mandrillus leucophaeus,Pan troglodytes,Mandrillus leucophaeus,Pan troglodytes,28.82,26.8,30.6,83.0,TimeTree API pairwise summaryjson,
Drill (Mandrillus leucophaeus),Bonobo (Pan paniscus),9568,9597,Mandrillus leucophaeus,Pan paniscus,Mandrillus leucophaeus,Pan paniscus,28.82,26.8,30.6,83.0,TimeTree API pairwise summaryjson,
Drill (Mandrillus leucophaeus),Western Gorilla (Gorilla gorilla),9568,9593,Mandrillus leucophaeus,Gorilla gorilla,Mandrillus leucophaeus,Gorilla gorilla,28.82,26.8,30.6,83.0,TimeTree API pairwise summaryjson,
Drill (Mandrillus leucophaeus),Eastern Gorilla (Gorilla beringei),9568,499232,Mandrillus leucophaeus,Gorilla beringei,Mandrillus leucophaeus,Gorilla beringei,28.82,26.8,30.6,83.0,TimeTree API pairwise summaryjson,
Drill (Mandrillus leucophaeus),Bornean Orangutan (Pongo pygmaeus),9568,9600,Mandrillus leucophaeus,Pongo pygmaeus,Mandrillus leucophaeus,Pongo pygmaeus,28.82,26.8,30.6,83.0,TimeTree API pairwise summaryjson,
Drill (Mandrillus leucophaeus),Siamang (Symphalangus syndactylus),9568,9590,Mandrillus leucophaeus,Symphalangus syndactylus,Mandrillus leucophaeus,Symphalangus syndactylus,28.82,26.8,30.6,83.0,TimeTree API pairwise summaryjson,
Drill (Mandrillus leucophaeus),"Gibbons (Hylobates spp., Nomascus spp., Hoolock spp.)",9568,9578,Mandrillus leucophaeus,Hylobates,Mandrillus leucophaeus,Hylobates,28.82,26.8,30.6,83.0,TimeTree API pairwise summaryjson,
Drill (Mandrillus leucophaeus),Brown lemurs (Eulemur spp.),9568,13513,Mandrillus leucophaeus,Eulemur,Mandrillus leucophaeus,Eulemur,73.75492,71.4,77.5,50.0,TimeTree API pairwise summaryjson,
Drill (Mandrillus leucophaeus),Indri (Indri indri),9568,34827,Mandrillus leucophaeus,Indri indri,Mandrillus leucophaeus,Indri indri,73.75492,71.4,77.5,50.0,TimeTree API pairwise summaryjson,
Drill (Mandrillus leucophaeus),Rhesus macaque (Macaca mulatta),9568,9544,Mandrillus leucophaeus,Macaca mulatta,Mandrillus leucophaeus,Macaca mulatta,10.454,8.78921,11.05064,42.0,TimeTree API pairwise summaryjson,
Drill (Mandrillus leucophaeus),Japanese macaque (Macaca fuscata),9568,9542,Mandrillus leucophaeus,Macaca fuscata,Mandrillus leucophaeus,Macaca fuscata,10.454,8.78921,11.05064,42.0,TimeTree API pairwise summaryjson,
Drill (Mandrillus leucophaeus),Vervet monkey (Chlorocebus pygerythrus),9568,60710,Mandrillus leucophaeus,Chlorocebus pygerythrus,Mandrillus leucophaeus,Chlorocebus pygerythrus,12.32716,11.5,13.0889,28.0,TimeTree API pairwise summaryjson,
Drill (Mandrillus leucophaeus),Campbell's monkey (Cercopithecus campbelli),9568,303588,Mandrillus leucophaeus,Cercopithecus campbelli,Mandrillus leucophaeus,Cercopithecus campbelli,12.32716,11.5,13.0889,28.0,TimeTree API pairwise summaryjson,
Drill (Mandrillus leucophaeus),Olive baboon (Papio anubis),9568,9555,Mandrillus leucophaeus,Papio anubis,Mandrillus leucophaeus,Papio anubis,7.5,6.1,11.737,11.0,TimeTree API pairwise summaryjson,
Drill (Mandrillus leucophaeus),Yellow baboon (Papio cynocephalus),9568,9556,Mandrillus leucophaeus,Papio cynocephalus,Mandrillus leucophaeus,Papio cynocephalus,7.5,6.1,11.737,11.0,TimeTree API pairwise summaryjson,
Drill (Mandrillus leucophaeus),Ring-tailed lemur (Lemur catta),9568,9447,Mandrillus leucophaeus,Lemur catta,Mandrillus leucophaeus,Lemur catta,73.75492,71.4,77.5,50.0,TimeTree API pairwise summaryjson,
Drill (Mandrillus leucophaeus),Mouse lemurs (Microcebus spp.),9568,13149,Mandrillus leucophaeus,Microcebus,Mandrillus leucophaeus,Microcebus,73.75492,71.4,77.5,50.0,TimeTree API pairwise summaryjson,
Drill (Mandrillus leucophaeus),Tufted capuchin (Sapajus apella),9568,9515,Mandrillus leucophaeus,Sapajus apella,Mandrillus leucophaeus,Sapajus apella,42.9,40.0,44.2,68.0,TimeTree API pairwise summaryjson,
Drill (Mandrillus leucophaeus),Common marmoset (Callithrix jacchus),9568,9483,Mandrillus leucophaeus,Callithrix jacchus,Mandrillus leucophaeus,Callithrix jacchus,42.9,40.0,44.2,68.0,TimeTree API pairwise summaryjson,
Drill (Mandrillus leucophaeus),Howler monkey (Alouatta spp.),9568,9499,Mandrillus leucophaeus,Alouatta,Mandrillus leucophaeus,Alouatta,42.9,40.0,44.2,68.0,TimeTree API pairwise summaryjson,
Drill (Mandrillus leucophaeus),Diana monkey (Cercopithecus diana),9568,36224,Mandrillus leucophaeus,Cercopithecus diana,Mandrillus leucophaeus,Cercopithecus diana,12.32716,11.5,13.0889,28.0,TimeTree API pairwise summaryjson,
Drill (Mandrillus leucophaeus),Putty-nosed monkey (Cercopithecus nictitans),9568,36228,Mandrillus leucophaeus,Cercopithecus nictitans,Mandrillus leucophaeus,Cercopithecus nictitans,12.32716,11.5,13.0889,28.0,TimeTree API pairwise summaryjson,
Drill (Mandrillus leucophaeus),Red-tailed monkey (Cercopithecus ascanius),9568,36223,Mandrillus leucophaeus,Cercopithecus ascanius,Mandrillus leucophaeus,Cercopithecus ascanius,12.32716,11.5,13.0889,28.0,TimeTree API pairwise summaryjson,
Drill (Mandrillus leucophaeus),De Brazza’s monkey (Cercopithecus neglectus),9568,36227,Mandrillus leucophaeus,Cercopithecus neglectus,Mandrillus leucophaeus,Cercopithecus neglectus,12.32716,11.5,13.0889,28.0,TimeTree API pairwise summaryjson,
Drill (Mandrillus leucophaeus),L’Hoest’s monkey (Allochrocebus lhoesti),9568,100224,Mandrillus leucophaeus,Allochrocebus lhoesti,Mandrillus leucophaeus,Allochrocebus lhoesti,12.32716,11.5,13.0889,28.0,TimeTree API pairwise summaryjson,
Drill (Mandrillus leucophaeus),Patas monkey (Erythrocebus patas),9568,9538,Mandrillus leucophaeus,Erythrocebus patas,Mandrillus leucophaeus,Erythrocebus patas,12.32716,11.5,13.0889,28.0,TimeTree API pairwise summaryjson,
Drill (Mandrillus leucophaeus),Talapoin monkey (Miopithecus talapoin),9568,36231,Mandrillus leucophaeus,Miopithecus talapoin,Mandrillus leucophaeus,Miopithecus talapoin,12.32716,11.5,13.0889,28.0,TimeTree API pairwise summaryjson,
Drill (Mandrillus leucophaeus),Gelada (Theropithecus gelada),9568,9565,Mandrillus leucophaeus,Theropithecus gelada,Mandrillus leucophaeus,Theropithecus gelada,7.5,6.1,11.737,11.0,TimeTree API pairwise summaryjson,
Drill (Mandrillus leucophaeus),Crowned monkey / Crowned guenon (Cercopithecus pogonias),9568,102108,Mandrillus leucophaeus,Cercopithecus pogonias,Mandrillus leucophaeus,Cercopithecus pogonias,12.32716,11.5,13.0889,28.0,TimeTree API pairwise summaryjson,
Drill (Mandrillus leucophaeus),Mona monkey (Cercopithecus mona),9568,36226,Mandrillus leucophaeus,Cercopithecus mona,Mandrillus leucophaeus,Cercopithecus mona,12.32716,11.5,13.0889,28.0,TimeTree API pairwise summaryjson,
Drill (Mandrillus leucophaeus),Chacma baboon (Papio ursinus),9568,36229,Mandrillus leucophaeus,Papio ursinus,Mandrillus leucophaeus,Papio ursinus,7.5,6.1,11.737,11.0,TimeTree API pairwise summaryjson,
Drill (Mandrillus leucophaeus),Zebra finch (Taeniopygia guttata),9568,59729,Mandrillus leucophaeus,Taeniopygia guttata,Mandrillus leucophaeus,Taeniopygia guttata,318.95,316.0,322.37,30.0,TimeTree API pairwise summaryjson,
Red colobus (Piliocolobus spp.),Black-and-white colobus (Colobus guereza),591932,33548,Piliocolobus,Colobus guereza,Piliocolobus,Colobus guereza,10.355,8.3,11.3181,18.0,TimeTree API pairwise summaryjson,
Red colobus (Piliocolobus spp.),Langurs (Semnopithecus spp. / Trachypithecus spp.),591932,88028,Piliocolobus,Semnopithecus,Piliocolobus,Semnopithecus,12.78655,10.323,14.12,20.0,TimeTree API pairwise summaryjson,
Red colobus (Piliocolobus spp.),Chimpanzee (Pan troglodytes),591932,9598,Piliocolobus,Pan troglodytes,Piliocolobus,Pan troglodytes,28.82,26.8,30.6,83.0,TimeTree API pairwise summaryjson,
Red colobus (Piliocolobus spp.),Bonobo (Pan paniscus),591932,9597,Piliocolobus,Pan paniscus,Piliocolobus,Pan paniscus,28.82,26.8,30.6,83.0,TimeTree API pairwise summaryjson,
Red colobus (Piliocolobus spp.),Western Gorilla (Gorilla gorilla),591932,9593,Piliocolobus,Gorilla gorilla,Piliocolobus,Gorilla gorilla,28.82,26.8,30.6,83.0,TimeTree API pairwise summaryjson,
Red colobus (Piliocolobus spp.),Eastern Gorilla (Gorilla beringei),591932,499232,Piliocolobus,Gorilla beringei,Piliocolobus,Gorilla beringei,28.82,26.8,30.6,83.0,TimeTree API pairwise summaryjson,
Red colobus (Piliocolobus spp.),Bornean Orangutan (Pongo pygmaeus),591932,9600,Piliocolobus,Pongo pygmaeus,Piliocolobus,Pongo pygmaeus,28.82,26.8,30.6,83.0,TimeTree API pairwise summaryjson,
Red colobus (Piliocolobus spp.),Siamang (Symphalangus syndactylus),591932,9590,Piliocolobus,Symphalangus syndactylus,Piliocolobus,Symphalangus syndactylus,28.82,26.8,30.6,83.0,TimeTree API pairwise summaryjson,
Red colobus (Piliocolobus spp.),"Gibbons (Hylobates spp., Nomascus spp., Hoolock spp.)",591932,9578,Piliocolobus,Hylobates,Piliocolobus,Hylobates,28.82,26.8,30.6,83.0,TimeTree API pairwise summaryjson,
Red colobus (Piliocolobus spp.),Brown lemurs (Eulemur spp.),591932,13513,Piliocolobus,Eulemur,Piliocolobus,Eulemur,73.75492,71.4,77.5,50.0,TimeTree API pairwise summaryjson,
Red colobus (Piliocolobus spp.),Indri (Indri indri),591932,34827,Piliocolobus,Indri indri,Piliocolobus,Indri indri,73.75492,71.4,77.5,50.0,TimeTree API pairwise summaryjson,
Red colobus (Piliocolobus spp.),Rhesus macaque (Macaca mulatta),591932,9544,Piliocolobus,Macaca mulatta,Piliocolobus,Macaca mulatta,17.755,15.5,19.8,29.0,TimeTree API pairwise summaryjson,
Red colobus (Piliocolobus spp.),Japanese macaque (Macaca fuscata),591932,9542,Piliocolobus,Macaca fuscata,Piliocolobus,Macaca fuscata,17.755,15.5,19.8,29.0,TimeTree API pairwise summaryjson,
Red colobus (Piliocolobus spp.),Vervet monkey (Chlorocebus pygerythrus),591932,60710,Piliocolobus,Chlorocebus pygerythrus,Piliocolobus,Chlorocebus pygerythrus,17.755,15.5,19.8,29.0,TimeTree API pairwise summaryjson,
Red colobus (Piliocolobus spp.),Campbell's monkey (Cercopithecus campbelli),591932,303588,Piliocolobus,Cercopithecus campbelli,Piliocolobus,Cercopithecus campbelli,17.755,15.5,19.8,29.0,TimeTree API pairwise summaryjson,
Red colobus (Piliocolobus spp.),Olive baboon (Papio anubis),591932,9555,Piliocolobus,Papio anubis,Piliocolobus,Papio anubis,17.755,15.5,19.8,29.0,TimeTree API pairwise summaryjson,
Red colobus (Piliocolobus spp.),Yellow baboon (Papio cynocephalus),591932,9556,Piliocolobus,Papio cynocephalus,Piliocolobus,Papio cynocephalus,17.755,15.5,19.8,29.0,TimeTree API pairwise summaryjson,
Red colobus (Piliocolobus spp.),Ring-tailed lemur (Lemur catta),591932,9447,Piliocolobus,Lemur catta,Piliocolobus,Lemur catta,73.75492,71.4,77.5,50.0,TimeTree API pairwise summaryjson,
Red colobus (Piliocolobus spp.),Mouse lemurs (Microcebus spp.),591932,13149,Piliocolobus,Microcebus,Piliocolobus,Microcebus,73.75492,71.4,77.5,50.0,TimeTree API pairwise summaryjson,
Red colobus (Piliocolobus spp.),Tufted capuchin (Sapajus apella),591932,9515,Piliocolobus,Sapajus apella,Piliocolobus,Sapajus apella,42.9,40.0,44.2,68.0,TimeTree API pairwise summaryjson,
Red colobus (Piliocolobus spp.),Common marmoset (Callithrix jacchus),591932,9483,Piliocolobus,Callithrix jacchus,Piliocolobus,Callithrix jacchus,42.9,40.0,44.2,68.0,TimeTree API pairwise summaryjson,
Red colobus (Piliocolobus spp.),Howler monkey (Alouatta spp.),591932,9499,Piliocolobus,Alouatta,Piliocolobus,Alouatta,42.9,40.0,44.2,68.0,TimeTree API pairwise summaryjson,
Red colobus (Piliocolobus spp.),Diana monkey (Cercopithecus diana),591932,36224,Piliocolobus,Cercopithecus diana,Piliocolobus,Cercopithecus diana,17.755,15.5,19.8,29.0,TimeTree API pairwise summaryjson,
Red colobus (Piliocolobus spp.),Putty-nosed monkey (Cercopithecus nictitans),591932,36228,Piliocolobus,Cercopithecus nictitans,Piliocolobus,Cercopithecus nictitans,17.755,15.5,19.8,29.0,TimeTree API pairwise summaryjson,
Red colobus (Piliocolobus spp.),Red-tailed monkey (Cercopithecus ascanius),591932,36223,Piliocolobus,Cercopithecus ascanius,Piliocolobus,Cercopithecus ascanius,17.755,15.5,19.8,29.0,TimeTree API pairwise summaryjson,
Red colobus (Piliocolobus spp.),De Brazza’s monkey (Cercopithecus neglectus),591932,36227,Piliocolobus,Cercopithecus neglectus,Piliocolobus,Cercopithecus neglectus,17.755,15.5,19.8,29.0,TimeTree API pairwise summaryjson,
Red colobus (Piliocolobus spp.),L’Hoest’s monkey (Allochrocebus lhoesti),591932,100224,Piliocolobus,Allochrocebus lhoesti,Piliocolobus,Allochrocebus lhoesti,17.755,15.5,19.8,29.0,TimeTree API pairwise summaryjson,
Red colobus (Piliocolobus spp.),Patas monkey (Erythrocebus patas),591932,9538,Piliocolobus,Erythrocebus patas,Piliocolobus,Erythrocebus patas,17.755,15.5,19.8,29.0,TimeTree API pairwise summaryjson,
Red colobus (Piliocolobus spp.),Talapoin monkey (Miopithecus talapoin),591932,36231,Piliocolobus,Miopithecus talapoin,Piliocolobus,Miopithecus talapoin,17.755,15.5,19.8,29.0,TimeTree API pairwise summaryjson,
Red colobus (Piliocolobus spp.),Gelada (Theropithecus gelada),591932,9565,Piliocolobus,Theropithecus gelada,Piliocolobus,Theropithecus gelada,17.755,15.5,19.8,29.0,TimeTree API pairwise summaryjson,
Red colobus (Piliocolobus spp.),Crowned monkey / Crowned guenon (Cercopithecus pogonias),591932,102108,Piliocolobus,Cercopithecus pogonias,Piliocolobus,Cercopithecus pogonias,17.755,15.5,19.8,29.0,TimeTree API pairwise summaryjson,
Red colobus (Piliocolobus spp.),Mona monkey (Cercopithecus mona),591932,36226,Piliocolobus,Cercopithecus mona,Piliocolobus,Cercopithecus mona,17.755,15.5,19.8,29.0,TimeTree API pairwise summaryjson,
Red colobus (Piliocolobus spp.),Chacma baboon (Papio ursinus),591932,36229,Piliocolobus,Papio ursinus,Piliocolobus,Papio ursinus,17.755,15.5,19.8,29.0,TimeTree API pairwise summaryjson,
Red colobus (Piliocolobus spp.),Zebra finch (Taeniopygia guttata),591932,59729,Piliocolobus,Taeniopygia guttata,Piliocolobus,Taeniopygia guttata,318.95,316.0,322.37,30.0,TimeTree API pairwise summaryjson,
Black-and-white colobus (Colobus guereza),Langurs (Semnopithecus spp. / Trachypithecus spp.),33548,88028,Colobus guereza,Semnopithecus,Colobus guereza,Semnopithecus,12.78655,10.323,14.12,20.0,TimeTree API pairwise summaryjson,
Black-and-white colobus (Colobus guereza),Chimpanzee (Pan troglodytes),33548,9598,Colobus guereza,Pan troglodytes,Colobus guereza,Pan troglodytes,28.82,26.8,30.6,83.0,TimeTree API pairwise summaryjson,
Black-and-white colobus (Colobus guereza),Bonobo (Pan paniscus),33548,9597,Colobus guereza,Pan paniscus,Colobus guereza,Pan paniscus,28.82,26.8,30.6,83.0,TimeTree API pairwise summaryjson,
Black-and-white colobus (Colobus guereza),Western Gorilla (Gorilla gorilla),33548,9593,Colobus guereza,Gorilla gorilla,Colobus guereza,Gorilla gorilla,28.82,26.8,30.6,83.0,TimeTree API pairwise summaryjson,
Black-and-white colobus (Colobus guereza),Eastern Gorilla (Gorilla beringei),33548,499232,Colobus guereza,Gorilla beringei,Colobus guereza,Gorilla beringei,28.82,26.8,30.6,83.0,TimeTree API pairwise summaryjson,
Black-and-white colobus (Colobus guereza),Bornean Orangutan (Pongo pygmaeus),33548,9600,Colobus guereza,Pongo pygmaeus,Colobus guereza,Pongo pygmaeus,28.82,26.8,30.6,83.0,TimeTree API pairwise summaryjson,
Black-and-white colobus (Colobus guereza),Siamang (Symphalangus syndactylus),33548,9590,Colobus guereza,Symphalangus syndactylus,Colobus guereza,Symphalangus syndactylus,28.82,26.8,30.6,83.0,TimeTree API pairwise summaryjson,
Black-and-white colobus (Colobus guereza),"Gibbons (Hylobates spp., Nomascus spp., Hoolock spp.)",33548,9578,Colobus guereza,Hylobates,Colobus guereza,Hylobates,28.82,26.8,30.6,83.0,TimeTree API pairwise summaryjson,
Black-and-white colobus (Colobus guereza),Brown lemurs (Eulemur spp.),33548,13513,Colobus guereza,Eulemur,Colobus guereza,Eulemur,73.75492,71.4,77.5,50.0,TimeTree API pairwise summaryjson,
Black-and-white colobus (Colobus guereza),Indri (Indri indri),33548,34827,Colobus guereza,Indri indri,Colobus guereza,Indri indri,73.75492,71.4,77.5,50.0,TimeTree API pairwise summaryjson,
Black-and-white colobus (Colobus guereza),Rhesus macaque (Macaca mulatta),33548,9544,Colobus guereza,Macaca mulatta,Colobus guereza,Macaca mulatta,17.755,15.5,19.8,29.0,TimeTree API pairwise summaryjson,
Black-and-white colobus (Colobus guereza),Japanese macaque (Macaca fuscata),33548,9542,Colobus guereza,Macaca fuscata,Colobus guereza,Macaca fuscata,17.755,15.5,19.8,29.0,TimeTree API pairwise summaryjson,
Black-and-white colobus (Colobus guereza),Vervet monkey (Chlorocebus pygerythrus),33548,60710,Colobus guereza,Chlorocebus pygerythrus,Colobus guereza,Chlorocebus pygerythrus,17.755,15.5,19.8,29.0,TimeTree API pairwise summaryjson,
Black-and-white colobus (Colobus guereza),Campbell's monkey (Cercopithecus campbelli),33548,303588,Colobus guereza,Cercopithecus campbelli,Colobus guereza,Cercopithecus campbelli,17.755,15.5,19.8,29.0,TimeTree API pairwise summaryjson,
Black-and-white colobus (Colobus guereza),Olive baboon (Papio anubis),33548,9555,Colobus guereza,Papio anubis,Colobus guereza,Papio anubis,17.755,15.5,19.8,29.0,TimeTree API pairwise summaryjson,
Black-and-white colobus (Colobus guereza),Yellow baboon (Papio cynocephalus),33548,9556,Colobus guereza,Papio cynocephalus,Colobus guereza,Papio cynocephalus,17.755,15.5,19.8,29.0,TimeTree API pairwise summaryjson,
Black-and-white colobus (Colobus guereza),Ring-tailed lemur (Lemur catta),33548,9447,Colobus guereza,Lemur catta,Colobus guereza,Lemur catta,73.75492,71.4,77.5,50.0,TimeTree API pairwise summaryjson,
Black-and-white colobus (Colobus guereza),Mouse lemurs (Microcebus spp.),33548,13149,Colobus guereza,Microcebus,Colobus guereza,Microcebus,73.75492,71.4,77.5,50.0,TimeTree API pairwise summaryjson,
Black-and-white colobus (Colobus guereza),Tufted capuchin (Sapajus apella),33548,9515,Colobus guereza,Sapajus apella,Colobus guereza,Sapajus apella,42.9,40.0,44.2,68.0,TimeTree API pairwise summaryjson,
Black-and-white colobus (Colobus guereza),Common marmoset (Callithrix jacchus),33548,9483,Colobus guereza,Callithrix jacchus,Colobus guereza,Callithrix jacchus,42.9,40.0,44.2,68.0,TimeTree API pairwise summaryjson,
Black-and-white colobus (Colobus guereza),Howler monkey (Alouatta spp.),33548,9499,Colobus guereza,Alouatta,Colobus guereza,Alouatta,42.9,40.0,44.2,68.0,TimeTree API pairwise summaryjson,
Black-and-white colobus (Colobus guereza),Diana monkey (Cercopithecus diana),33548,36224,Colobus guereza,Cercopithecus diana,Colobus guereza,Cercopithecus diana,17.755,15.5,19.8,29.0,TimeTree API pairwise summaryjson,
Black-and-white colobus (Colobus guereza),Putty-nosed monkey (Cercopithecus nictitans),33548,36228,Colobus guereza,Cercopithecus nictitans,Colobus guereza,Cercopithecus nictitans,17.755,15.5,19.8,29.0,TimeTree API pairwise summaryjson,
Black-and-white colobus (Colobus guereza),Red-tailed monkey (Cercopithecus ascanius),33548,36223,Colobus guereza,Cercopithecus ascanius,Colobus guereza,Cercopithecus ascanius,17.755,15.5,19.8,29.0,TimeTree API pairwise summaryjson,
Black-and-white colobus (Colobus guereza),De Brazza’s monkey (Cercopithecus neglectus),33548,36227,Colobus guereza,Cercopithecus neglectus,Colobus guereza,Cercopithecus neglectus,17.755,15.5,19.8,29.0,TimeTree API pairwise summaryjson,
Black-and-white colobus (Colobus guereza),L’Hoest’s monkey (Allochrocebus lhoesti),33548,100224,Colobus guereza,Allochrocebus lhoesti,Colobus guereza,Allochrocebus lhoesti,17.755,15.5,19.8,29.0,TimeTree API pairwise summaryjson,
Black-and-white colobus (Colobus guereza),Patas monkey (Erythrocebus patas),33548,9538,Colobus guereza,Erythrocebus patas,Colobus guereza,Erythrocebus patas,17.755,15.5,19.8,29.0,TimeTree API pairwise summaryjson,
Black-and-white colobus (Colobus guereza),Talapoin monkey (Miopithecus talapoin),33548,36231,Colobus guereza,Miopithecus talapoin,Colobus guereza,Miopithecus talapoin,17.755,15.5,19.8,29.0,TimeTree API pairwise summaryjson,
Black-and-white colobus (Colobus guereza),Gelada (Theropithecus gelada),33548,9565,Colobus guereza,Theropithecus gelada,Colobus guereza,Theropithecus gelada,17.755,15.5,19.8,29.0,TimeTree API pairwise summaryjson,
Black-and-white colobus (Colobus guereza),Crowned monkey / Crowned guenon (Cercopithecus pogonias),33548,102108,Colobus guereza,Cercopithecus pogonias,Colobus guereza,Cercopithecus pogonias,17.755,15.5,19.8,29.0,TimeTree API pairwise summaryjson,
Black-and-white colobus (Colobus guereza),Mona monkey (Cercopithecus mona),33548,36226,Colobus guereza,Cercopithecus mona,Colobus guereza,Cercopithecus mona,17.755,15.5,19.8,29.0,TimeTree API pairwise summaryjson,
Black-and-white colobus (Colobus guereza),Chacma baboon (Papio ursinus),33548,36229,Colobus guereza,Papio ursinus,Colobus guereza,Papio ursinus,17.755,15.5,19.8,29.0,TimeTree API pairwise summaryjson,
Black-and-white colobus (Colobus guereza),Zebra finch (Taeniopygia guttata),33548,59729,Colobus guereza,Taeniopygia guttata,Colobus guereza,Taeniopygia guttata,318.95,316.0,322.37,30.0,TimeTree API pairwise summaryjson,
Langurs (Semnopithecus spp. / Trachypithecus spp.),Chimpanzee (Pan troglodytes),88028,9598,Semnopithecus,Pan troglodytes,Semnopithecus,Pan troglodytes,28.82,26.8,30.6,83.0,TimeTree API pairwise summaryjson,
Langurs (Semnopithecus spp. / Trachypithecus spp.),Bonobo (Pan paniscus),88028,9597,Semnopithecus,Pan paniscus,Semnopithecus,Pan paniscus,28.82,26.8,30.6,83.0,TimeTree API pairwise summaryjson,
Langurs (Semnopithecus spp. / Trachypithecus spp.),Western Gorilla (Gorilla gorilla),88028,9593,Semnopithecus,Gorilla gorilla,Semnopithecus,Gorilla gorilla,28.82,26.8,30.6,83.0,TimeTree API pairwise summaryjson,
Langurs (Semnopithecus spp. / Trachypithecus spp.),Eastern Gorilla (Gorilla beringei),88028,499232,Semnopithecus,Gorilla beringei,Semnopithecus,Gorilla beringei,28.82,26.8,30.6,83.0,TimeTree API pairwise summaryjson,
Langurs (Semnopithecus spp. / Trachypithecus spp.),Bornean Orangutan (Pongo pygmaeus),88028,9600,Semnopithecus,Pongo pygmaeus,Semnopithecus,Pongo pygmaeus,28.82,26.8,30.6,83.0,TimeTree API pairwise summaryjson,
Langurs (Semnopithecus spp. / Trachypithecus spp.),Siamang (Symphalangus syndactylus),88028,9590,Semnopithecus,Symphalangus syndactylus,Semnopithecus,Symphalangus syndactylus,28.82,26.8,30.6,83.0,TimeTree API pairwise summaryjson,
Langurs (Semnopithecus spp. / Trachypithecus spp.),"Gibbons (Hylobates spp., Nomascus spp., Hoolock spp.)",88028,9578,Semnopithecus,Hylobates,Semnopithecus,Hylobates,28.82,26.8,30.6,83.0,TimeTree API pairwise summaryjson,
Langurs (Semnopithecus spp. / Trachypithecus spp.),Brown lemurs (Eulemur spp.),88028,13513,Semnopithecus,Eulemur,Semnopithecus,Eulemur,73.75492,71.4,77.5,50.0,TimeTree API pairwise summaryjson,
Langurs (Semnopithecus spp. / Trachypithecus spp.),Indri (Indri indri),88028,34827,Semnopithecus,Indri indri,Semnopithecus,Indri indri,73.75492,71.4,77.5,50.0,TimeTree API pairwise summaryjson,
Langurs (Semnopithecus spp. / Trachypithecus spp.),Rhesus macaque (Macaca mulatta),88028,9544,Semnopithecus,Macaca mulatta,Semnopithecus,Macaca mulatta,17.755,15.5,19.8,29.0,TimeTree API pairwise summaryjson,
Langurs (Semnopithecus spp. / Trachypithecus spp.),Japanese macaque (Macaca fuscata),88028,9542,Semnopithecus,Macaca fuscata,Semnopithecus,Macaca fuscata,17.755,15.5,19.8,29.0,TimeTree API pairwise summaryjson,
Langurs (Semnopithecus spp. / Trachypithecus spp.),Vervet monkey (Chlorocebus pygerythrus),88028,60710,Semnopithecus,Chlorocebus pygerythrus,Semnopithecus,Chlorocebus pygerythrus,17.755,15.5,19.8,29.0,TimeTree API pairwise summaryjson,
Langurs (Semnopithecus spp. / Trachypithecus spp.),Campbell's monkey (Cercopithecus campbelli),88028,303588,Semnopithecus,Cercopithecus campbelli,Semnopithecus,Cercopithecus campbelli,17.755,15.5,19.8,29.0,TimeTree API pairwise summaryjson,
Langurs (Semnopithecus spp. / Trachypithecus spp.),Olive baboon (Papio anubis),88028,9555,Semnopithecus,Papio anubis,Semnopithecus,Papio anubis,17.755,15.5,19.8,29.0,TimeTree API pairwise summaryjson,
Langurs (Semnopithecus spp. / Trachypithecus spp.),Yellow baboon (Papio cynocephalus),88028,9556,Semnopithecus,Papio cynocephalus,Semnopithecus,Papio cynocephalus,17.755,15.5,19.8,29.0,TimeTree API pairwise summaryjson,
Langurs (Semnopithecus spp. / Trachypithecus spp.),Ring-tailed lemur (Lemur catta),88028,9447,Semnopithecus,Lemur catta,Semnopithecus,Lemur catta,73.75492,71.4,77.5,50.0,TimeTree API pairwise summaryjson,
Langurs (Semnopithecus spp. / Trachypithecus spp.),Mouse lemurs (Microcebus spp.),88028,13149,Semnopithecus,Microcebus,Semnopithecus,Microcebus,73.75492,71.4,77.5,50.0,TimeTree API pairwise summaryjson,
Langurs (Semnopithecus spp. / Trachypithecus spp.),Tufted capuchin (Sapajus apella),88028,9515,Semnopithecus,Sapajus apella,Semnopithecus,Sapajus apella,42.9,40.0,44.2,68.0,TimeTree API pairwise summaryjson,
Langurs (Semnopithecus spp. / Trachypithecus spp.),Common marmoset (Callithrix jacchus),88028,9483,Semnopithecus,Callithrix jacchus,Semnopithecus,Callithrix jacchus,42.9,40.0,44.2,68.0,TimeTree API pairwise summaryjson,
Langurs (Semnopithecus spp. / Trachypithecus spp.),Howler monkey (Alouatta spp.),88028,9499,Semnopithecus,Alouatta,Semnopithecus,Alouatta,42.9,40.0,44.2,68.0,TimeTree API pairwise summaryjson,
Langurs (Semnopithecus spp. / Trachypithecus spp.),Diana monkey (Cercopithecus diana),88028,36224,Semnopithecus,Cercopithecus diana,Semnopithecus,Cercopithecus diana,17.755,15.5,19.8,29.0,TimeTree API pairwise summaryjson,
Langurs (Semnopithecus spp. / Trachypithecus spp.),Putty-nosed monkey (Cercopithecus nictitans),88028,36228,Semnopithecus,Cercopithecus nictitans,Semnopithecus,Cercopithecus nictitans,17.755,15.5,19.8,29.0,TimeTree API pairwise summaryjson,
Langurs (Semnopithecus spp. / Trachypithecus spp.),Red-tailed monkey (Cercopithecus ascanius),88028,36223,Semnopithecus,Cercopithecus ascanius,Semnopithecus,Cercopithecus ascanius,17.755,15.5,19.8,29.0,TimeTree API pairwise summaryjson,
Langurs (Semnopithecus spp. / Trachypithecus spp.),De Brazza’s monkey (Cercopithecus neglectus),88028,36227,Semnopithecus,Cercopithecus neglectus,Semnopithecus,Cercopithecus neglectus,17.755,15.5,19.8,29.0,TimeTree API pairwise summaryjson,
Langurs (Semnopithecus spp. / Trachypithecus spp.),L’Hoest’s monkey (Allochrocebus lhoesti),88028,100224,Semnopithecus,Allochrocebus lhoesti,Semnopithecus,Allochrocebus lhoesti,17.755,15.5,19.8,29.0,TimeTree API pairwise summaryjson,
Langurs (Semnopithecus spp. / Trachypithecus spp.),Patas monkey (Erythrocebus patas),88028,9538,Semnopithecus,Erythrocebus patas,Semnopithecus,Erythrocebus patas,17.755,15.5,19.8,29.0,TimeTree API pairwise summaryjson,
Langurs (Semnopithecus spp. / Trachypithecus spp.),Talapoin monkey (Miopithecus talapoin),88028,36231,Semnopithecus,Miopithecus talapoin,Semnopithecus,Miopithecus talapoin,17.755,15.5,19.8,29.0,TimeTree API pairwise summaryjson,
Langurs (Semnopithecus spp. / Trachypithecus spp.),Gelada (Theropithecus gelada),88028,9565,Semnopithecus,Theropithecus gelada,Semnopithecus,Theropithecus gelada,17.755,15.5,19.8,29.0,TimeTree API pairwise summaryjson,
Langurs (Semnopithecus spp. / Trachypithecus spp.),Crowned monkey / Crowned guenon (Cercopithecus pogonias),88028,102108,Semnopithecus,Cercopithecus pogonias,Semnopithecus,Cercopithecus pogonias,17.755,15.5,19.8,29.0,TimeTree API pairwise summaryjson,
Langurs (Semnopithecus spp. / Trachypithecus spp.),Mona monkey (Cercopithecus mona),88028,36226,Semnopithecus,Cercopithecus mona,Semnopithecus,Cercopithecus mona,17.755,15.5,19.8,29.0,TimeTree API pairwise summaryjson,
Langurs (Semnopithecus spp. / Trachypithecus spp.),Chacma baboon (Papio ursinus),88028,36229,Semnopithecus,Papio ursinus,Semnopithecus,Papio ursinus,17.755,15.5,19.8,29.0,TimeTree API pairwise summaryjson,
Langurs (Semnopithecus spp. / Trachypithecus spp.),Zebra finch (Taeniopygia guttata),88028,59729,Semnopithecus,Taeniopygia guttata,Semnopithecus,Taeniopygia guttata,318.95,316.0,322.37,30.0,TimeTree API pairwise summaryjson,
Chimpanzee (Pan troglodytes),Bonobo (Pan paniscus),9598,9597,Pan troglodytes,Pan paniscus,Pan troglodytes,Pan paniscus,2.3981,2.18,2.97076,43.0,TimeTree API pairwise summaryjson,
Chimpanzee (Pan troglodytes),Western Gorilla (Gorilla gorilla),9598,9593,Pan troglodytes,Gorilla gorilla,Pan troglodytes,Gorilla gorilla,8.6,8.25,9.3,70.0,TimeTree API pairwise summaryjson,
Chimpanzee (Pan troglodytes),Eastern Gorilla (Gorilla beringei),9598,499232,Pan troglodytes,Gorilla beringei,Pan troglodytes,Gorilla beringei,8.6,8.25,9.3,70.0,TimeTree API pairwise summaryjson,
Chimpanzee (Pan troglodytes),Bornean Orangutan (Pongo pygmaeus),9598,9600,Pan troglodytes,Pongo pygmaeus,Pan troglodytes,Pongo pygmaeus,15.2,14.5,16.3,72.0,TimeTree API pairwise summaryjson,
Chimpanzee (Pan troglodytes),Siamang (Symphalangus syndactylus),9598,9590,Pan troglodytes,Symphalangus syndactylus,Pan troglodytes,Symphalangus syndactylus,19.45714,18.8,20.3,64.0,TimeTree API pairwise summaryjson,
Chimpanzee (Pan troglodytes),"Gibbons (Hylobates spp., Nomascus spp., Hoolock spp.)",9598,9578,Pan troglodytes,Hylobates,Pan troglodytes,Hylobates,19.45714,18.8,20.3,64.0,TimeTree API pairwise summaryjson,
Chimpanzee (Pan troglodytes),Brown lemurs (Eulemur spp.),9598,13513,Pan troglodytes,Eulemur,Pan troglodytes,Eulemur,73.75492,71.4,77.5,50.0,TimeTree API pairwise summaryjson,
Chimpanzee (Pan troglodytes),Indri (Indri indri),9598,34827,Pan troglodytes,Indri indri,Pan troglodytes,Indri indri,73.75492,71.4,77.5,50.0,TimeTree API pairwise summaryjson,
Chimpanzee (Pan troglodytes),Rhesus macaque (Macaca mulatta),9598,9544,Pan troglodytes,Macaca mulatta,Pan troglodytes,Macaca mulatta,28.82,26.8,30.6,83.0,TimeTree API pairwise summaryjson,
Chimpanzee (Pan troglodytes),Japanese macaque (Macaca fuscata),9598,9542,Pan troglodytes,Macaca fuscata,Pan troglodytes,Macaca fuscata,28.82,26.8,30.6,83.0,TimeTree API pairwise summaryjson,
Chimpanzee (Pan troglodytes),Vervet monkey (Chlorocebus pygerythrus),9598,60710,Pan troglodytes,Chlorocebus pygerythrus,Pan troglodytes,Chlorocebus pygerythrus,28.82,26.8,30.6,83.0,TimeTree API pairwise summaryjson,
Chimpanzee (Pan troglodytes),Campbell's monkey (Cercopithecus campbelli),9598,303588,Pan troglodytes,Cercopithecus campbelli,Pan troglodytes,Cercopithecus campbelli,28.82,26.8,30.6,83.0,TimeTree API pairwise summaryjson,
Chimpanzee (Pan troglodytes),Olive baboon (Papio anubis),9598,9555,Pan troglodytes,Papio anubis,Pan troglodytes,Papio anubis,28.82,26.8,30.6,83.0,TimeTree API pairwise summaryjson,
Chimpanzee (Pan troglodytes),Yellow baboon (Papio cynocephalus),9598,9556,Pan troglodytes,Papio cynocephalus,Pan troglodytes,Papio cynocephalus,28.82,26.8,30.6,83.0,TimeTree API pairwise summaryjson,
Chimpanzee (Pan troglodytes),Ring-tailed lemur (Lemur catta),9598,9447,Pan troglodytes,Lemur catta,Pan troglodytes,Lemur catta,73.75492,71.4,77.5,50.0,TimeTree API pairwise summaryjson,
Chimpanzee (Pan troglodytes),Mouse lemurs (Microcebus spp.),9598,13149,Pan troglodytes,Microcebus,Pan troglodytes,Microcebus,73.75492,71.4,77.5,50.0,TimeTree API pairwise summaryjson,
Chimpanzee (Pan troglodytes),Tufted capuchin (Sapajus apella),9598,9515,Pan troglodytes,Sapajus apella,Pan troglodytes,Sapajus apella,42.9,40.0,44.2,68.0,TimeTree API pairwise summaryjson,
Chimpanzee (Pan troglodytes),Common marmoset (Callithrix jacchus),9598,9483,Pan troglodytes,Callithrix jacchus,Pan troglodytes,Callithrix jacchus,42.9,40.0,44.2,68.0,TimeTree API pairwise summaryjson,
Chimpanzee (Pan troglodytes),Howler monkey (Alouatta spp.),9598,9499,Pan troglodytes,Alouatta,Pan troglodytes,Alouatta,42.9,40.0,44.2,68.0,TimeTree API pairwise summaryjson,
Chimpanzee (Pan troglodytes),Diana monkey (Cercopithecus diana),9598,36224,Pan troglodytes,Cercopithecus diana,Pan troglodytes,Cercopithecus diana,28.82,26.8,30.6,83.0,TimeTree API pairwise summaryjson,
Chimpanzee (Pan troglodytes),Putty-nosed monkey (Cercopithecus nictitans),9598,36228,Pan troglodytes,Cercopithecus nictitans,Pan troglodytes,Cercopithecus nictitans,28.82,26.8,30.6,83.0,TimeTree API pairwise summaryjson,
Chimpanzee (Pan troglodytes),Red-tailed monkey (Cercopithecus ascanius),9598,36223,Pan troglodytes,Cercopithecus ascanius,Pan troglodytes,Cercopithecus ascanius,28.82,26.8,30.6,83.0,TimeTree API pairwise summaryjson,
Chimpanzee (Pan troglodytes),De Brazza’s monkey (Cercopithecus neglectus),9598,36227,Pan troglodytes,Cercopithecus neglectus,Pan troglodytes,Cercopithecus neglectus,28.82,26.8,30.6,83.0,TimeTree API pairwise summaryjson,
Chimpanzee (Pan troglodytes),L’Hoest’s monkey (Allochrocebus lhoesti),9598,100224,Pan troglodytes,Allochrocebus lhoesti,Pan troglodytes,Allochrocebus lhoesti,28.82,26.8,30.6,83.0,TimeTree API pairwise summaryjson,
Chimpanzee (Pan troglodytes),Patas monkey (Erythrocebus patas),9598,9538,Pan troglodytes,Erythrocebus patas,Pan troglodytes,Erythrocebus patas,28.82,26.8,30.6,83.0,TimeTree API pairwise summaryjson,
Chimpanzee (Pan troglodytes),Talapoin monkey (Miopithecus talapoin),9598,36231,Pan troglodytes,Miopithecus talapoin,Pan troglodytes,Miopithecus talapoin,28.82,26.8,30.6,83.0,TimeTree API pairwise summaryjson,
Chimpanzee (Pan troglodytes),Gelada (Theropithecus gelada),9598,9565,Pan troglodytes,Theropithecus gelada,Pan troglodytes,Theropithecus gelada,28.82,26.8,30.6,83.0,TimeTree API pairwise summaryjson,
Chimpanzee (Pan troglodytes),Crowned monkey / Crowned guenon (Cercopithecus pogonias),9598,102108,Pan troglodytes,Cercopithecus pogonias,Pan troglodytes,Cercopithecus pogonias,28.82,26.8,30.6,83.0,TimeTree API pairwise summaryjson,
Chimpanzee (Pan troglodytes),Mona monkey (Cercopithecus mona),9598,36226,Pan troglodytes,Cercopithecus mona,Pan troglodytes,Cercopithecus mona,28.82,26.8,30.6,83.0,TimeTree API pairwise summaryjson,
Chimpanzee (Pan troglodytes),Chacma baboon (Papio ursinus),9598,36229,Pan troglodytes,Papio ursinus,Pan troglodytes,Papio ursinus,28.82,26.8,30.6,83.0,TimeTree API pairwise summaryjson,
Chimpanzee (Pan troglodytes),Zebra finch (Taeniopygia guttata),9598,59729,Pan troglodytes,Taeniopygia guttata,Pan troglodytes,Taeniopygia guttata,318.95,316.0,322.37,30.0,TimeTree API pairwise summaryjson,
Bonobo (Pan paniscus),Western Gorilla (Gorilla gorilla),9597,9593,Pan paniscus,Gorilla gorilla,Pan paniscus,Gorilla gorilla,8.6,8.25,9.3,70.0,TimeTree API pairwise summaryjson,
Bonobo (Pan paniscus),Eastern Gorilla (Gorilla beringei),9597,499232,Pan paniscus,Gorilla beringei,Pan paniscus,Gorilla beringei,8.6,8.25,9.3,70.0,TimeTree API pairwise summaryjson,
Bonobo (Pan paniscus),Bornean Orangutan (Pongo pygmaeus),9597,9600,Pan paniscus,Pongo pygmaeus,Pan paniscus,Pongo pygmaeus,15.2,14.5,16.3,72.0,TimeTree API pairwise summaryjson,
Bonobo (Pan paniscus),Siamang (Symphalangus syndactylus),9597,9590,Pan paniscus,Symphalangus syndactylus,Pan paniscus,Symphalangus syndactylus,19.45714,18.8,20.3,64.0,TimeTree API pairwise summaryjson,
Bonobo (Pan paniscus),"Gibbons (Hylobates spp., Nomascus spp., Hoolock spp.)",9597,9578,Pan paniscus,Hylobates,Pan paniscus,Hylobates,19.45714,18.8,20.3,64.0,TimeTree API pairwise summaryjson,
Bonobo (Pan paniscus),Brown lemurs (Eulemur spp.),9597,13513,Pan paniscus,Eulemur,Pan paniscus,Eulemur,73.75492,71.4,77.5,50.0,TimeTree API pairwise summaryjson,
Bonobo (Pan paniscus),Indri (Indri indri),9597,34827,Pan paniscus,Indri indri,Pan paniscus,Indri indri,73.75492,71.4,77.5,50.0,TimeTree API pairwise summaryjson,
Bonobo (Pan paniscus),Rhesus macaque (Macaca mulatta),9597,9544,Pan paniscus,Macaca mulatta,Pan paniscus,Macaca mulatta,28.82,26.8,30.6,83.0,TimeTree API pairwise summaryjson,
Bonobo (Pan paniscus),Japanese macaque (Macaca fuscata),9597,9542,Pan paniscus,Macaca fuscata,Pan paniscus,Macaca fuscata,28.82,26.8,30.6,83.0,TimeTree API pairwise summaryjson,
Bonobo (Pan paniscus),Vervet monkey (Chlorocebus pygerythrus),9597,60710,Pan paniscus,Chlorocebus pygerythrus,Pan paniscus,Chlorocebus pygerythrus,28.82,26.8,30.6,83.0,TimeTree API pairwise summaryjson,
Bonobo (Pan paniscus),Campbell's monkey (Cercopithecus campbelli),9597,303588,Pan paniscus,Cercopithecus campbelli,Pan paniscus,Cercopithecus campbelli,28.82,26.8,30.6,83.0,TimeTree API pairwise summaryjson,
Bonobo (Pan paniscus),Olive baboon (Papio anubis),9597,9555,Pan paniscus,Papio anubis,Pan paniscus,Papio anubis,28.82,26.8,30.6,83.0,TimeTree API pairwise summaryjson,
Bonobo (Pan paniscus),Yellow baboon (Papio cynocephalus),9597,9556,Pan paniscus,Papio cynocephalus,Pan paniscus,Papio cynocephalus,28.82,26.8,30.6,83.0,TimeTree API pairwise summaryjson,
Bonobo (Pan paniscus),Ring-tailed lemur (Lemur catta),9597,9447,Pan paniscus,Lemur catta,Pan paniscus,Lemur catta,73.75492,71.4,77.5,50.0,TimeTree API pairwise summaryjson,
Bonobo (Pan paniscus),Mouse lemurs (Microcebus spp.),9597,13149,Pan paniscus,Microcebus,Pan paniscus,Microcebus,73.75492,71.4,77.5,50.0,TimeTree API pairwise summaryjson,
Bonobo (Pan paniscus),Tufted capuchin (Sapajus apella),9597,9515,Pan paniscus,Sapajus apella,Pan paniscus,Sapajus apella,42.9,40.0,44.2,68.0,TimeTree API pairwise summaryjson,
Bonobo (Pan paniscus),Common marmoset (Callithrix jacchus),9597,9483,Pan paniscus,Callithrix jacchus,Pan paniscus,Callithrix jacchus,42.9,40.0,44.2,68.0,TimeTree API pairwise summaryjson,
Bonobo (Pan paniscus),Howler monkey (Alouatta spp.),9597,9499,Pan paniscus,Alouatta,Pan paniscus,Alouatta,42.9,40.0,44.2,68.0,TimeTree API pairwise summaryjson,
Bonobo (Pan paniscus),Diana monkey (Cercopithecus diana),9597,36224,Pan paniscus,Cercopithecus diana,Pan paniscus,Cercopithecus diana,28.82,26.8,30.6,83.0,TimeTree API pairwise summaryjson,
Bonobo (Pan paniscus),Putty-nosed monkey (Cercopithecus nictitans),9597,36228,Pan paniscus,Cercopithecus nictitans,Pan paniscus,Cercopithecus nictitans,28.82,26.8,30.6,83.0,TimeTree API pairwise summaryjson,
Bonobo (Pan paniscus),Red-tailed monkey (Cercopithecus ascanius),9597,36223,Pan paniscus,Cercopithecus ascanius,Pan paniscus,Cercopithecus ascanius,28.82,26.8,30.6,83.0,TimeTree API pairwise summaryjson,
Bonobo (Pan paniscus),De Brazza’s monkey (Cercopithecus neglectus),9597,36227,Pan paniscus,Cercopithecus neglectus,Pan paniscus,Cercopithecus neglectus,28.82,26.8,30.6,83.0,TimeTree API pairwise summaryjson,
Bonobo (Pan paniscus),L’Hoest’s monkey (Allochrocebus lhoesti),9597,100224,Pan paniscus,Allochrocebus lhoesti,Pan paniscus,Allochrocebus lhoesti,28.82,26.8,30.6,83.0,TimeTree API pairwise summaryjson,
Bonobo (Pan paniscus),Patas monkey (Erythrocebus patas),9597,9538,Pan paniscus,Erythrocebus patas,Pan paniscus,Erythrocebus patas,28.82,26.8,30.6,83.0,TimeTree API pairwise summaryjson,
Bonobo (Pan paniscus),Talapoin monkey (Miopithecus talapoin),9597,36231,Pan paniscus,Miopithecus talapoin,Pan paniscus,Miopithecus talapoin,28.82,26.8,30.6,83.0,TimeTree API pairwise summaryjson,
Bonobo (Pan paniscus),Gelada (Theropithecus gelada),9597,9565,Pan paniscus,Theropithecus gelada,Pan paniscus,Theropithecus gelada,28.82,26.8,30.6,83.0,TimeTree API pairwise summaryjson,
Bonobo (Pan paniscus),Crowned monkey / Crowned guenon (Cercopithecus pogonias),9597,102108,Pan paniscus,Cercopithecus pogonias,Pan paniscus,Cercopithecus pogonias,28.82,26.8,30.6,83.0,TimeTree API pairwise summaryjson,
Bonobo (Pan paniscus),Mona monkey (Cercopithecus mona),9597,36226,Pan paniscus,Cercopithecus mona,Pan paniscus,Cercopithecus mona,28.82,26.8,30.6,83.0,TimeTree API pairwise summaryjson,
Bonobo (Pan paniscus),Chacma baboon (Papio ursinus),9597,36229,Pan paniscus,Papio ursinus,Pan paniscus,Papio ursinus,28.82,26.8,30.6,83.0,TimeTree API pairwise summaryjson,
Bonobo (Pan paniscus),Zebra finch (Taeniopygia guttata),9597,59729,Pan paniscus,Taeniopygia guttata,Pan paniscus,Taeniopygia guttata,318.95,316.0,322.37,30.0,TimeTree API pairwise summaryjson,
Western Gorilla (Gorilla gorilla),Eastern Gorilla (Gorilla beringei),9593,499232,Gorilla gorilla,Gorilla beringei,Gorilla gorilla,Gorilla beringei,2.26895,0.68006,5.5,6.0,TimeTree API pairwise summaryjson,
Western Gorilla (Gorilla gorilla),Bornean Orangutan (Pongo pygmaeus),9593,9600,Gorilla gorilla,Pongo pygmaeus,Gorilla gorilla,Pongo pygmaeus,15.2,14.5,16.3,72.0,TimeTree API pairwise summaryjson,
Western Gorilla (Gorilla gorilla),Siamang (Symphalangus syndactylus),9593,9590,Gorilla gorilla,Symphalangus syndactylus,Gorilla gorilla,Symphalangus syndactylus,19.45714,18.8,20.3,64.0,TimeTree API pairwise summaryjson,
Western Gorilla (Gorilla gorilla),"Gibbons (Hylobates spp., Nomascus spp., Hoolock spp.)",9593,9578,Gorilla gorilla,Hylobates,Gorilla gorilla,Hylobates,19.45714,18.8,20.3,64.0,TimeTree API pairwise summaryjson,
Western Gorilla (Gorilla gorilla),Brown lemurs (Eulemur spp.),9593,13513,Gorilla gorilla,Eulemur,Gorilla gorilla,Eulemur,73.75492,71.4,77.5,50.0,TimeTree API pairwise summaryjson,
Western Gorilla (Gorilla gorilla),Indri (Indri indri),9593,34827,Gorilla gorilla,Indri indri,Gorilla gorilla,Indri indri,73.75492,71.4,77.5,50.0,TimeTree API pairwise summaryjson,
Western Gorilla (Gorilla gorilla),Rhesus macaque (Macaca mulatta),9593,9544,Gorilla gorilla,Macaca mulatta,Gorilla gorilla,Macaca mulatta,28.82,26.8,30.6,83.0,TimeTree API pairwise summaryjson,
Western Gorilla (Gorilla gorilla),Japanese macaque (Macaca fuscata),9593,9542,Gorilla gorilla,Macaca fuscata,Gorilla gorilla,Macaca fuscata,28.82,26.8,30.6,83.0,TimeTree API pairwise summaryjson,
Western Gorilla (Gorilla gorilla),Vervet monkey (Chlorocebus pygerythrus),9593,60710,Gorilla gorilla,Chlorocebus pygerythrus,Gorilla gorilla,Chlorocebus pygerythrus,28.82,26.8,30.6,83.0,TimeTree API pairwise summaryjson,
Western Gorilla (Gorilla gorilla),Campbell's monkey (Cercopithecus campbelli),9593,303588,Gorilla gorilla,Cercopithecus campbelli,Gorilla gorilla,Cercopithecus campbelli,28.82,26.8,30.6,83.0,TimeTree API pairwise summaryjson,
Western Gorilla (Gorilla gorilla),Olive baboon (Papio anubis),9593,9555,Gorilla gorilla,Papio anubis,Gorilla gorilla,Papio anubis,28.82,26.8,30.6,83.0,TimeTree API pairwise summaryjson,
Western Gorilla (Gorilla gorilla),Yellow baboon (Papio cynocephalus),9593,9556,Gorilla gorilla,Papio cynocephalus,Gorilla gorilla,Papio cynocephalus,28.82,26.8,30.6,83.0,TimeTree API pairwise summaryjson,
Western Gorilla (Gorilla gorilla),Ring-tailed lemur (Lemur catta),9593,9447,Gorilla gorilla,Lemur catta,Gorilla gorilla,Lemur catta,73.75492,71.4,77.5,50.0,TimeTree API pairwise summaryjson,
Western Gorilla (Gorilla gorilla),Mouse lemurs (Microcebus spp.),9593,13149,Gorilla gorilla,Microcebus,Gorilla gorilla,Microcebus,73.75492,71.4,77.5,50.0,TimeTree API pairwise summaryjson,
Western Gorilla (Gorilla gorilla),Tufted capuchin (Sapajus apella),9593,9515,Gorilla gorilla,Sapajus apella,Gorilla gorilla,Sapajus apella,42.9,40.0,44.2,68.0,TimeTree API pairwise summaryjson,
Western Gorilla (Gorilla gorilla),Common marmoset (Callithrix jacchus),9593,9483,Gorilla gorilla,Callithrix jacchus,Gorilla gorilla,Callithrix jacchus,42.9,40.0,44.2,68.0,TimeTree API pairwise summaryjson,
Western Gorilla (Gorilla gorilla),Howler monkey (Alouatta spp.),9593,9499,Gorilla gorilla,Alouatta,Gorilla gorilla,Alouatta,42.9,40.0,44.2,68.0,TimeTree API pairwise summaryjson,
Western Gorilla (Gorilla gorilla),Diana monkey (Cercopithecus diana),9593,36224,Gorilla gorilla,Cercopithecus diana,Gorilla gorilla,Cercopithecus diana,28.82,26.8,30.6,83.0,TimeTree API pairwise summaryjson,
Western Gorilla (Gorilla gorilla),Putty-nosed monkey (Cercopithecus nictitans),9593,36228,Gorilla gorilla,Cercopithecus nictitans,Gorilla gorilla,Cercopithecus nictitans,28.82,26.8,30.6,83.0,TimeTree API pairwise summaryjson,
Western Gorilla (Gorilla gorilla),Red-tailed monkey (Cercopithecus ascanius),9593,36223,Gorilla gorilla,Cercopithecus ascanius,Gorilla gorilla,Cercopithecus ascanius,28.82,26.8,30.6,83.0,TimeTree API pairwise summaryjson,
Western Gorilla (Gorilla gorilla),De Brazza’s monkey (Cercopithecus neglectus),9593,36227,Gorilla gorilla,Cercopithecus neglectus,Gorilla gorilla,Cercopithecus neglectus,28.82,26.8,30.6,83.0,TimeTree API pairwise summaryjson,
Western Gorilla (Gorilla gorilla),L’Hoest’s monkey (Allochrocebus lhoesti),9593,100224,Gorilla gorilla,Allochrocebus lhoesti,Gorilla gorilla,Allochrocebus lhoesti,28.82,26.8,30.6,83.0,TimeTree API pairwise summaryjson,
Western Gorilla (Gorilla gorilla),Patas monkey (Erythrocebus patas),9593,9538,Gorilla gorilla,Erythrocebus patas,Gorilla gorilla,Erythrocebus patas,28.82,26.8,30.6,83.0,TimeTree API pairwise summaryjson,
Western Gorilla (Gorilla gorilla),Talapoin monkey (Miopithecus talapoin),9593,36231,Gorilla gorilla,Miopithecus talapoin,Gorilla gorilla,Miopithecus talapoin,28.82,26.8,30.6,83.0,TimeTree API pairwise summaryjson,
Western Gorilla (Gorilla gorilla),Gelada (Theropithecus gelada),9593,9565,Gorilla gorilla,Theropithecus gelada,Gorilla gorilla,Theropithecus gelada,28.82,26.8,30.6,83.0,TimeTree API pairwise summaryjson,
Western Gorilla (Gorilla gorilla),Crowned monkey / Crowned guenon (Cercopithecus pogonias),9593,102108,Gorilla gorilla,Cercopithecus pogonias,Gorilla gorilla,Cercopithecus pogonias,28.82,26.8,30.6,83.0,TimeTree API pairwise summaryjson,
Western Gorilla (Gorilla gorilla),Mona monkey (Cercopithecus mona),9593,36226,Gorilla gorilla,Cercopithecus mona,Gorilla gorilla,Cercopithecus mona,28.82,26.8,30.6,83.0,TimeTree API pairwise summaryjson,
Western Gorilla (Gorilla gorilla),Chacma baboon (Papio ursinus),9593,36229,Gorilla gorilla,Papio ursinus,Gorilla gorilla,Papio ursinus,28.82,26.8,30.6,83.0,TimeTree API pairwise summaryjson,
Western Gorilla (Gorilla gorilla),Zebra finch (Taeniopygia guttata),9593,59729,Gorilla gorilla,Taeniopygia guttata,Gorilla gorilla,Taeniopygia guttata,318.95,316.0,322.37,30.0,TimeTree API pairwise summaryjson,
Eastern Gorilla (Gorilla beringei),Bornean Orangutan (Pongo pygmaeus),499232,9600,Gorilla beringei,Pongo pygmaeus,Gorilla beringei,Pongo pygmaeus,15.2,14.5,16.3,72.0,TimeTree API pairwise summaryjson,
Eastern Gorilla (Gorilla beringei),Siamang (Symphalangus syndactylus),499232,9590,Gorilla beringei,Symphalangus syndactylus,Gorilla beringei,Symphalangus syndactylus,19.45714,18.8,20.3,64.0,TimeTree API pairwise summaryjson,
Eastern Gorilla (Gorilla beringei),"Gibbons (Hylobates spp., Nomascus spp., Hoolock spp.)",499232,9578,Gorilla beringei,Hylobates,Gorilla beringei,Hylobates,19.45714,18.8,20.3,64.0,TimeTree API pairwise summaryjson,
Eastern Gorilla (Gorilla beringei),Brown lemurs (Eulemur spp.),499232,13513,Gorilla beringei,Eulemur,Gorilla beringei,Eulemur,73.75492,71.4,77.5,50.0,TimeTree API pairwise summaryjson,
Eastern Gorilla (Gorilla beringei),Indri (Indri indri),499232,34827,Gorilla beringei,Indri indri,Gorilla beringei,Indri indri,73.75492,71.4,77.5,50.0,TimeTree API pairwise summaryjson,
Eastern Gorilla (Gorilla beringei),Rhesus macaque (Macaca mulatta),499232,9544,Gorilla beringei,Macaca mulatta,Gorilla beringei,Macaca mulatta,28.82,26.8,30.6,83.0,TimeTree API pairwise summaryjson,
Eastern Gorilla (Gorilla beringei),Japanese macaque (Macaca fuscata),499232,9542,Gorilla beringei,Macaca fuscata,Gorilla beringei,Macaca fuscata,28.82,26.8,30.6,83.0,TimeTree API pairwise summaryjson,
Eastern Gorilla (Gorilla beringei),Vervet monkey (Chlorocebus pygerythrus),499232,60710,Gorilla beringei,Chlorocebus pygerythrus,Gorilla beringei,Chlorocebus pygerythrus,28.82,26.8,30.6,83.0,TimeTree API pairwise summaryjson,
Eastern Gorilla (Gorilla beringei),Campbell's monkey (Cercopithecus campbelli),499232,303588,Gorilla beringei,Cercopithecus campbelli,Gorilla beringei,Cercopithecus campbelli,28.82,26.8,30.6,83.0,TimeTree API pairwise summaryjson,
Eastern Gorilla (Gorilla beringei),Olive baboon (Papio anubis),499232,9555,Gorilla beringei,Papio anubis,Gorilla beringei,Papio anubis,28.82,26.8,30.6,83.0,TimeTree API pairwise summaryjson,
Eastern Gorilla (Gorilla beringei),Yellow baboon (Papio cynocephalus),499232,9556,Gorilla beringei,Papio cynocephalus,Gorilla beringei,Papio cynocephalus,28.82,26.8,30.6,83.0,TimeTree API pairwise summaryjson,
Eastern Gorilla (Gorilla beringei),Ring-tailed lemur (Lemur catta),499232,9447,Gorilla beringei,Lemur catta,Gorilla beringei,Lemur catta,73.75492,71.4,77.5,50.0,TimeTree API pairwise summaryjson,
Eastern Gorilla (Gorilla beringei),Mouse lemurs (Microcebus spp.),499232,13149,Gorilla beringei,Microcebus,Gorilla beringei,Microcebus,73.75492,71.4,77.5,50.0,TimeTree API pairwise summaryjson,
Eastern Gorilla (Gorilla beringei),Tufted capuchin (Sapajus apella),499232,9515,Gorilla beringei,Sapajus apella,Gorilla beringei,Sapajus apella,42.9,40.0,44.2,68.0,TimeTree API pairwise summaryjson,
Eastern Gorilla (Gorilla beringei),Common marmoset (Callithrix jacchus),499232,9483,Gorilla beringei,Callithrix jacchus,Gorilla beringei,Callithrix jacchus,42.9,40.0,44.2,68.0,TimeTree API pairwise summaryjson,
Eastern Gorilla (Gorilla beringei),Howler monkey (Alouatta spp.),499232,9499,Gorilla beringei,Alouatta,Gorilla beringei,Alouatta,42.9,40.0,44.2,68.0,TimeTree API pairwise summaryjson,
Eastern Gorilla (Gorilla beringei),Diana monkey (Cercopithecus diana),499232,36224,Gorilla beringei,Cercopithecus diana,Gorilla beringei,Cercopithecus diana,28.82,26.8,30.6,83.0,TimeTree API pairwise summaryjson,
Eastern Gorilla (Gorilla beringei),Putty-nosed monkey (Cercopithecus nictitans),499232,36228,Gorilla beringei,Cercopithecus nictitans,Gorilla beringei,Cercopithecus nictitans,28.82,26.8,30.6,83.0,TimeTree API pairwise summaryjson,
Eastern Gorilla (Gorilla beringei),Red-tailed monkey (Cercopithecus ascanius),499232,36223,Gorilla beringei,Cercopithecus ascanius,Gorilla beringei,Cercopithecus ascanius,28.82,26.8,30.6,83.0,TimeTree API pairwise summaryjson,
Eastern Gorilla (Gorilla beringei),De Brazza’s monkey (Cercopithecus neglectus),499232,36227,Gorilla beringei,Cercopithecus neglectus,Gorilla beringei,Cercopithecus neglectus,28.82,26.8,30.6,83.0,TimeTree API pairwise summaryjson,
Eastern Gorilla (Gorilla beringei),L’Hoest’s monkey (Allochrocebus lhoesti),499232,100224,Gorilla beringei,Allochrocebus lhoesti,Gorilla beringei,Allochrocebus lhoesti,28.82,26.8,30.6,83.0,TimeTree API pairwise summaryjson,
Eastern Gorilla (Gorilla beringei),Patas monkey (Erythrocebus patas),499232,9538,Gorilla beringei,Erythrocebus patas,Gorilla beringei,Erythrocebus patas,28.82,26.8,30.6,83.0,TimeTree API pairwise summaryjson,
Eastern Gorilla (Gorilla beringei),Talapoin monkey (Miopithecus talapoin),499232,36231,Gorilla beringei,Miopithecus talapoin,Gorilla beringei,Miopithecus talapoin,28.82,26.8,30.6,83.0,TimeTree API pairwise summaryjson,
Eastern Gorilla (Gorilla beringei),Gelada (Theropithecus gelada),499232,9565,Gorilla beringei,Theropithecus gelada,Gorilla beringei,Theropithecus gelada,28.82,26.8,30.6,83.0,TimeTree API pairwise summaryjson,
Eastern Gorilla (Gorilla beringei),Crowned monkey / Crowned guenon (Cercopithecus pogonias),499232,102108,Gorilla beringei,Cercopithecus pogonias,Gorilla beringei,Cercopithecus pogonias,28.82,26.8,30.6,83.0,TimeTree API pairwise summaryjson,
Eastern Gorilla (Gorilla beringei),Mona monkey (Cercopithecus mona),499232,36226,Gorilla beringei,Cercopithecus mona,Gorilla beringei,Cercopithecus mona,28.82,26.8,30.6,83.0,TimeTree API pairwise summaryjson,
Eastern Gorilla (Gorilla beringei),Chacma baboon (Papio ursinus),499232,36229,Gorilla beringei,Papio ursinus,Gorilla beringei,Papio ursinus,28.82,26.8,30.6,83.0,TimeTree API pairwise summaryjson,
Eastern Gorilla (Gorilla beringei),Zebra finch (Taeniopygia guttata),499232,59729,Gorilla beringei,Taeniopygia guttata,Gorilla beringei,Taeniopygia guttata,318.95,316.0,322.37,30.0,TimeTree API pairwise summaryjson,
Bornean Orangutan (Pongo pygmaeus),Siamang (Symphalangus syndactylus),9600,9590,Pongo pygmaeus,Symphalangus syndactylus,Pongo pygmaeus,Symphalangus syndactylus,19.45714,18.8,20.3,64.0,TimeTree API pairwise summaryjson,
Bornean Orangutan (Pongo pygmaeus),"Gibbons (Hylobates spp., Nomascus spp., Hoolock spp.)",9600,9578,Pongo pygmaeus,Hylobates,Pongo pygmaeus,Hylobates,19.45714,18.8,20.3,64.0,TimeTree API pairwise summaryjson,
Bornean Orangutan (Pongo pygmaeus),Brown lemurs (Eulemur spp.),9600,13513,Pongo pygmaeus,Eulemur,Pongo pygmaeus,Eulemur,73.75492,71.4,77.5,50.0,TimeTree API pairwise summaryjson,
Bornean Orangutan (Pongo pygmaeus),Indri (Indri indri),9600,34827,Pongo pygmaeus,Indri indri,Pongo pygmaeus,Indri indri,73.75492,71.4,77.5,50.0,TimeTree API pairwise summaryjson,
Bornean Orangutan (Pongo pygmaeus),Rhesus macaque (Macaca mulatta),9600,9544,Pongo pygmaeus,Macaca mulatta,Pongo pygmaeus,Macaca mulatta,28.82,26.8,30.6,83.0,TimeTree API pairwise summaryjson,
Bornean Orangutan (Pongo pygmaeus),Japanese macaque (Macaca fuscata),9600,9542,Pongo pygmaeus,Macaca fuscata,Pongo pygmaeus,Macaca fuscata,28.82,26.8,30.6,83.0,TimeTree API pairwise summaryjson,
Bornean Orangutan (Pongo pygmaeus),Vervet monkey (Chlorocebus pygerythrus),9600,60710,Pongo pygmaeus,Chlorocebus pygerythrus,Pongo pygmaeus,Chlorocebus pygerythrus,28.82,26.8,30.6,83.0,TimeTree API pairwise summaryjson,
Bornean Orangutan (Pongo pygmaeus),Campbell's monkey (Cercopithecus campbelli),9600,303588,Pongo pygmaeus,Cercopithecus campbelli,Pongo pygmaeus,Cercopithecus campbelli,28.82,26.8,30.6,83.0,TimeTree API pairwise summaryjson,
Bornean Orangutan (Pongo pygmaeus),Olive baboon (Papio anubis),9600,9555,Pongo pygmaeus,Papio anubis,Pongo pygmaeus,Papio anubis,28.82,26.8,30.6,83.0,TimeTree API pairwise summaryjson,
Bornean Orangutan (Pongo pygmaeus),Yellow baboon (Papio cynocephalus),9600,9556,Pongo pygmaeus,Papio cynocephalus,Pongo pygmaeus,Papio cynocephalus,28.82,26.8,30.6,83.0,TimeTree API pairwise summaryjson,
Bornean Orangutan (Pongo pygmaeus),Ring-tailed lemur (Lemur catta),9600,9447,Pongo pygmaeus,Lemur catta,Pongo pygmaeus,Lemur catta,73.75492,71.4,77.5,50.0,TimeTree API pairwise summaryjson,
Bornean Orangutan (Pongo pygmaeus),Mouse lemurs (Microcebus spp.),9600,13149,Pongo pygmaeus,Microcebus,Pongo pygmaeus,Microcebus,73.75492,71.4,77.5,50.0,TimeTree API pairwise summaryjson,
Bornean Orangutan (Pongo pygmaeus),Tufted capuchin (Sapajus apella),9600,9515,Pongo pygmaeus,Sapajus apella,Pongo pygmaeus,Sapajus apella,42.9,40.0,44.2,68.0,TimeTree API pairwise summaryjson,
Bornean Orangutan (Pongo pygmaeus),Common marmoset (Callithrix jacchus),9600,9483,Pongo pygmaeus,Callithrix jacchus,Pongo pygmaeus,Callithrix jacchus,42.9,40.0,44.2,68.0,TimeTree API pairwise summaryjson,
Bornean Orangutan (Pongo pygmaeus),Howler monkey (Alouatta spp.),9600,9499,Pongo pygmaeus,Alouatta,Pongo pygmaeus,Alouatta,42.9,40.0,44.2,68.0,TimeTree API pairwise summaryjson,
Bornean Orangutan (Pongo pygmaeus),Diana monkey (Cercopithecus diana),9600,36224,Pongo pygmaeus,Cercopithecus diana,Pongo pygmaeus,Cercopithecus diana,28.82,26.8,30.6,83.0,TimeTree API pairwise summaryjson,
Bornean Orangutan (Pongo pygmaeus),Putty-nosed monkey (Cercopithecus nictitans),9600,36228,Pongo pygmaeus,Cercopithecus nictitans,Pongo pygmaeus,Cercopithecus nictitans,28.82,26.8,30.6,83.0,TimeTree API pairwise summaryjson,
Bornean Orangutan (Pongo pygmaeus),Red-tailed monkey (Cercopithecus ascanius),9600,36223,Pongo pygmaeus,Cercopithecus ascanius,Pongo pygmaeus,Cercopithecus ascanius,28.82,26.8,30.6,83.0,TimeTree API pairwise summaryjson,
Bornean Orangutan (Pongo pygmaeus),De Brazza’s monkey (Cercopithecus neglectus),9600,36227,Pongo pygmaeus,Cercopithecus neglectus,Pongo pygmaeus,Cercopithecus neglectus,28.82,26.8,30.6,83.0,TimeTree API pairwise summaryjson,
Bornean Orangutan (Pongo pygmaeus),L’Hoest’s monkey (Allochrocebus lhoesti),9600,100224,Pongo pygmaeus,Allochrocebus lhoesti,Pongo pygmaeus,Allochrocebus lhoesti,28.82,26.8,30.6,83.0,TimeTree API pairwise summaryjson,
Bornean Orangutan (Pongo pygmaeus),Patas monkey (Erythrocebus patas),9600,9538,Pongo pygmaeus,Erythrocebus patas,Pongo pygmaeus,Erythrocebus patas,28.82,26.8,30.6,83.0,TimeTree API pairwise summaryjson,
Bornean Orangutan (Pongo pygmaeus),Talapoin monkey (Miopithecus talapoin),9600,36231,Pongo pygmaeus,Miopithecus talapoin,Pongo pygmaeus,Miopithecus talapoin,28.82,26.8,30.6,83.0,TimeTree API pairwise summaryjson,
Bornean Orangutan (Pongo pygmaeus),Gelada (Theropithecus gelada),9600,9565,Pongo pygmaeus,Theropithecus gelada,Pongo pygmaeus,Theropithecus gelada,28.82,26.8,30.6,83.0,TimeTree API pairwise summaryjson,
Bornean Orangutan (Pongo pygmaeus),Crowned monkey / Crowned guenon (Cercopithecus pogonias),9600,102108,Pongo pygmaeus,Cercopithecus pogonias,Pongo pygmaeus,Cercopithecus pogonias,28.82,26.8,30.6,83.0,TimeTree API pairwise summaryjson,
Bornean Orangutan (Pongo pygmaeus),Mona monkey (Cercopithecus mona),9600,36226,Pongo pygmaeus,Cercopithecus mona,Pongo pygmaeus,Cercopithecus mona,28.82,26.8,30.6,83.0,TimeTree API pairwise summaryjson,
Bornean Orangutan (Pongo pygmaeus),Chacma baboon (Papio ursinus),9600,36229,Pongo pygmaeus,Papio ursinus,Pongo pygmaeus,Papio ursinus,28.82,26.8,30.6,83.0,TimeTree API pairwise summaryjson,
Bornean Orangutan (Pongo pygmaeus),Zebra finch (Taeniopygia guttata),9600,59729,Pongo pygmaeus,Taeniopygia guttata,Pongo pygmaeus,Taeniopygia guttata,318.95,316.0,322.37,30.0,TimeTree API pairwise summaryjson,
Siamang (Symphalangus syndactylus),"Gibbons (Hylobates spp., Nomascus spp., Hoolock spp.)",9590,9578,Symphalangus syndactylus,Hylobates,Symphalangus syndactylus,Hylobates,7.409,6.39,8.0,11.0,TimeTree API pairwise summaryjson,
Siamang (Symphalangus syndactylus),Brown lemurs (Eulemur spp.),9590,13513,Symphalangus syndactylus,Eulemur,Symphalangus syndactylus,Eulemur,73.75492,71.4,77.5,50.0,TimeTree API pairwise summaryjson,
Siamang (Symphalangus syndactylus),Indri (Indri indri),9590,34827,Symphalangus syndactylus,Indri indri,Symphalangus syndactylus,Indri indri,73.75492,71.4,77.5,50.0,TimeTree API pairwise summaryjson,
Siamang (Symphalangus syndactylus),Rhesus macaque (Macaca mulatta),9590,9544,Symphalangus syndactylus,Macaca mulatta,Symphalangus syndactylus,Macaca mulatta,28.82,26.8,30.6,83.0,TimeTree API pairwise summaryjson,
Siamang (Symphalangus syndactylus),Japanese macaque (Macaca fuscata),9590,9542,Symphalangus syndactylus,Macaca fuscata,Symphalangus syndactylus,Macaca fuscata,28.82,26.8,30.6,83.0,TimeTree API pairwise summaryjson,
Siamang (Symphalangus syndactylus),Vervet monkey (Chlorocebus pygerythrus),9590,60710,Symphalangus syndactylus,Chlorocebus pygerythrus,Symphalangus syndactylus,Chlorocebus pygerythrus,28.82,26.8,30.6,83.0,TimeTree API pairwise summaryjson,
Siamang (Symphalangus syndactylus),Campbell's monkey (Cercopithecus campbelli),9590,303588,Symphalangus syndactylus,Cercopithecus campbelli,Symphalangus syndactylus,Cercopithecus campbelli,28.82,26.8,30.6,83.0,TimeTree API pairwise summaryjson,
Siamang (Symphalangus syndactylus),Olive baboon (Papio anubis),9590,9555,Symphalangus syndactylus,Papio anubis,Symphalangus syndactylus,Papio anubis,28.82,26.8,30.6,83.0,TimeTree API pairwise summaryjson,
Siamang (Symphalangus syndactylus),Yellow baboon (Papio cynocephalus),9590,9556,Symphalangus syndactylus,Papio cynocephalus,Symphalangus syndactylus,Papio cynocephalus,28.82,26.8,30.6,83.0,TimeTree API pairwise summaryjson,
Siamang (Symphalangus syndactylus),Ring-tailed lemur (Lemur catta),9590,9447,Symphalangus syndactylus,Lemur catta,Symphalangus syndactylus,Lemur catta,73.75492,71.4,77.5,50.0,TimeTree API pairwise summaryjson,
Siamang (Symphalangus syndactylus),Mouse lemurs (Microcebus spp.),9590,13149,Symphalangus syndactylus,Microcebus,Symphalangus syndactylus,Microcebus,73.75492,71.4,77.5,50.0,TimeTree API pairwise summaryjson,
Siamang (Symphalangus syndactylus),Tufted capuchin (Sapajus apella),9590,9515,Symphalangus syndactylus,Sapajus apella,Symphalangus syndactylus,Sapajus apella,42.9,40.0,44.2,68.0,TimeTree API pairwise summaryjson,
Siamang (Symphalangus syndactylus),Common marmoset (Callithrix jacchus),9590,9483,Symphalangus syndactylus,Callithrix jacchus,Symphalangus syndactylus,Callithrix jacchus,42.9,40.0,44.2,68.0,TimeTree API pairwise summaryjson,
Siamang (Symphalangus syndactylus),Howler monkey (Alouatta spp.),9590,9499,Symphalangus syndactylus,Alouatta,Symphalangus syndactylus,Alouatta,42.9,40.0,44.2,68.0,TimeTree API pairwise summaryjson,
Siamang (Symphalangus syndactylus),Diana monkey (Cercopithecus diana),9590,36224,Symphalangus syndactylus,Cercopithecus diana,Symphalangus syndactylus,Cercopithecus diana,28.82,26.8,30.6,83.0,TimeTree API pairwise summaryjson,
Siamang (Symphalangus syndactylus),Putty-nosed monkey (Cercopithecus nictitans),9590,36228,Symphalangus syndactylus,Cercopithecus nictitans,Symphalangus syndactylus,Cercopithecus nictitans,28.82,26.8,30.6,83.0,TimeTree API pairwise summaryjson,
Siamang (Symphalangus syndactylus),Red-tailed monkey (Cercopithecus ascanius),9590,36223,Symphalangus syndactylus,Cercopithecus ascanius,Symphalangus syndactylus,Cercopithecus ascanius,28.82,26.8,30.6,83.0,TimeTree API pairwise summaryjson,
Siamang (Symphalangus syndactylus),De Brazza’s monkey (Cercopithecus neglectus),9590,36227,Symphalangus syndactylus,Cercopithecus neglectus,Symphalangus syndactylus,Cercopithecus neglectus,28.82,26.8,30.6,83.0,TimeTree API pairwise summaryjson,
Siamang (Symphalangus syndactylus),L’Hoest’s monkey (Allochrocebus lhoesti),9590,100224,Symphalangus syndactylus,Allochrocebus lhoesti,Symphalangus syndactylus,Allochrocebus lhoesti,28.82,26.8,30.6,83.0,TimeTree API pairwise summaryjson,
Siamang (Symphalangus syndactylus),Patas monkey (Erythrocebus patas),9590,9538,Symphalangus syndactylus,Erythrocebus patas,Symphalangus syndactylus,Erythrocebus patas,28.82,26.8,30.6,83.0,TimeTree API pairwise summaryjson,
Siamang (Symphalangus syndactylus),Talapoin monkey (Miopithecus talapoin),9590,36231,Symphalangus syndactylus,Miopithecus talapoin,Symphalangus syndactylus,Miopithecus talapoin,28.82,26.8,30.6,83.0,TimeTree API pairwise summaryjson,
Siamang (Symphalangus syndactylus),Gelada (Theropithecus gelada),9590,9565,Symphalangus syndactylus,Theropithecus gelada,Symphalangus syndactylus,Theropithecus gelada,28.82,26.8,30.6,83.0,TimeTree API pairwise summaryjson,
Siamang (Symphalangus syndactylus),Crowned monkey / Crowned guenon (Cercopithecus pogonias),9590,102108,Symphalangus syndactylus,Cercopithecus pogonias,Symphalangus syndactylus,Cercopithecus pogonias,28.82,26.8,30.6,83.0,TimeTree API pairwise summaryjson,
Siamang (Symphalangus syndactylus),Mona monkey (Cercopithecus mona),9590,36226,Symphalangus syndactylus,Cercopithecus mona,Symphalangus syndactylus,Cercopithecus mona,28.82,26.8,30.6,83.0,TimeTree API pairwise summaryjson,
Siamang (Symphalangus syndactylus),Chacma baboon (Papio ursinus),9590,36229,Symphalangus syndactylus,Papio ursinus,Symphalangus syndactylus,Papio ursinus,28.82,26.8,30.6,83.0,TimeTree API pairwise summaryjson,
Siamang (Symphalangus syndactylus),Zebra finch (Taeniopygia guttata),9590,59729,Symphalangus syndactylus,Taeniopygia guttata,Symphalangus syndactylus,Taeniopygia guttata,318.95,316.0,322.37,30.0,TimeTree API pairwise summaryjson,
"Gibbons (Hylobates spp., Nomascus spp., Hoolock spp.)",Brown lemurs (Eulemur spp.),9578,13513,Hylobates,Eulemur,Hylobates,Eulemur,73.75492,71.4,77.5,50.0,TimeTree API pairwise summaryjson,
"Gibbons (Hylobates spp., Nomascus spp., Hoolock spp.)",Indri (Indri indri),9578,34827,Hylobates,Indri indri,Hylobates,Indri indri,73.75492,71.4,77.5,50.0,TimeTree API pairwise summaryjson,
"Gibbons (Hylobates spp., Nomascus spp., Hoolock spp.)",Rhesus macaque (Macaca mulatta),9578,9544,Hylobates,Macaca mulatta,Hylobates,Macaca mulatta,28.82,26.8,30.6,83.0,TimeTree API pairwise summaryjson,
"Gibbons (Hylobates spp., Nomascus spp., Hoolock spp.)",Japanese macaque (Macaca fuscata),9578,9542,Hylobates,Macaca fuscata,Hylobates,Macaca fuscata,28.82,26.8,30.6,83.0,TimeTree API pairwise summaryjson,
"Gibbons (Hylobates spp., Nomascus spp., Hoolock spp.)",Vervet monkey (Chlorocebus pygerythrus),9578,60710,Hylobates,Chlorocebus pygerythrus,Hylobates,Chlorocebus pygerythrus,28.82,26.8,30.6,83.0,TimeTree API pairwise summaryjson,
"Gibbons (Hylobates spp., Nomascus spp., Hoolock spp.)",Campbell's monkey (Cercopithecus campbelli),9578,303588,Hylobates,Cercopithecus campbelli,Hylobates,Cercopithecus campbelli,28.82,26.8,30.6,83.0,TimeTree API pairwise summaryjson,
"Gibbons (Hylobates spp., Nomascus spp., Hoolock spp.)",Olive baboon (Papio anubis),9578,9555,Hylobates,Papio anubis,Hylobates,Papio anubis,28.82,26.8,30.6,83.0,TimeTree API pairwise summaryjson,
"Gibbons (Hylobates spp., Nomascus spp., Hoolock spp.)",Yellow baboon (Papio cynocephalus),9578,9556,Hylobates,Papio cynocephalus,Hylobates,Papio cynocephalus,28.82,26.8,30.6,83.0,TimeTree API pairwise summaryjson,
"Gibbons (Hylobates spp., Nomascus spp., Hoolock spp.)",Ring-tailed lemur (Lemur catta),9578,9447,Hylobates,Lemur catta,Hylobates,Lemur catta,73.75492,71.4,77.5,50.0,TimeTree API pairwise summaryjson,
"Gibbons (Hylobates spp., Nomascus spp., Hoolock spp.)",Mouse lemurs (Microcebus spp.),9578,13149,Hylobates,Microcebus,Hylobates,Microcebus,73.75492,71.4,77.5,50.0,TimeTree API pairwise summaryjson,
"Gibbons (Hylobates spp., Nomascus spp., Hoolock spp.)",Tufted capuchin (Sapajus apella),9578,9515,Hylobates,Sapajus apella,Hylobates,Sapajus apella,42.9,40.0,44.2,68.0,TimeTree API pairwise summaryjson,
"Gibbons (Hylobates spp., Nomascus spp., Hoolock spp.)",Common marmoset (Callithrix jacchus),9578,9483,Hylobates,Callithrix jacchus,Hylobates,Callithrix jacchus,42.9,40.0,44.2,68.0,TimeTree API pairwise summaryjson,
"Gibbons (Hylobates spp., Nomascus spp., Hoolock spp.)",Howler monkey (Alouatta spp.),9578,9499,Hylobates,Alouatta,Hylobates,Alouatta,42.9,40.0,44.2,68.0,TimeTree API pairwise summaryjson,
"Gibbons (Hylobates spp., Nomascus spp., Hoolock spp.)",Diana monkey (Cercopithecus diana),9578,36224,Hylobates,Cercopithecus diana,Hylobates,Cercopithecus diana,28.82,26.8,30.6,83.0,TimeTree API pairwise summaryjson,
"Gibbons (Hylobates spp., Nomascus spp., Hoolock spp.)",Putty-nosed monkey (Cercopithecus nictitans),9578,36228,Hylobates,Cercopithecus nictitans,Hylobates,Cercopithecus nictitans,28.82,26.8,30.6,83.0,TimeTree API pairwise summaryjson,
"Gibbons (Hylobates spp., Nomascus spp., Hoolock spp.)",Red-tailed monkey (Cercopithecus ascanius),9578,36223,Hylobates,Cercopithecus ascanius,Hylobates,Cercopithecus ascanius,28.82,26.8,30.6,83.0,TimeTree API pairwise summaryjson,
"Gibbons (Hylobates spp., Nomascus spp., Hoolock spp.)",De Brazza’s monkey (Cercopithecus neglectus),9578,36227,Hylobates,Cercopithecus neglectus,Hylobates,Cercopithecus neglectus,28.82,26.8,30.6,83.0,TimeTree API pairwise summaryjson,
"Gibbons (Hylobates spp., Nomascus spp., Hoolock spp.)",L’Hoest’s monkey (Allochrocebus lhoesti),9578,100224,Hylobates,Allochrocebus lhoesti,Hylobates,Allochrocebus lhoesti,28.82,26.8,30.6,83.0,TimeTree API pairwise summaryjson,
"Gibbons (Hylobates spp., Nomascus spp., Hoolock spp.)",Patas monkey (Erythrocebus patas),9578,9538,Hylobates,Erythrocebus patas,Hylobates,Erythrocebus patas,28.82,26.8,30.6,83.0,TimeTree API pairwise summaryjson,
"Gibbons (Hylobates spp., Nomascus spp., Hoolock spp.)",Talapoin monkey (Miopithecus talapoin),9578,36231,Hylobates,Miopithecus talapoin,Hylobates,Miopithecus talapoin,28.82,26.8,30.6,83.0,TimeTree API pairwise summaryjson,
"Gibbons (Hylobates spp., Nomascus spp., Hoolock spp.)",Gelada (Theropithecus gelada),9578,9565,Hylobates,Theropithecus gelada,Hylobates,Theropithecus gelada,28.82,26.8,30.6,83.0,TimeTree API pairwise summaryjson,
"Gibbons (Hylobates spp., Nomascus spp., Hoolock spp.)",Crowned monkey / Crowned guenon (Cercopithecus pogonias),9578,102108,Hylobates,Cercopithecus pogonias,Hylobates,Cercopithecus pogonias,28.82,26.8,30.6,83.0,TimeTree API pairwise summaryjson,
"Gibbons (Hylobates spp., Nomascus spp., Hoolock spp.)",Mona monkey (Cercopithecus mona),9578,36226,Hylobates,Cercopithecus mona,Hylobates,Cercopithecus mona,28.82,26.8,30.6,83.0,TimeTree API pairwise summaryjson,
"Gibbons (Hylobates spp., Nomascus spp., Hoolock spp.)",Chacma baboon (Papio ursinus),9578,36229,Hylobates,Papio ursinus,Hylobates,Papio ursinus,28.82,26.8,30.6,83.0,TimeTree API pairwise summaryjson,
"Gibbons (Hylobates spp., Nomascus spp., Hoolock spp.)",Zebra finch (Taeniopygia guttata),9578,59729,Hylobates,Taeniopygia guttata,Hylobates,Taeniopygia guttata,318.95,316.0,322.37,30.0,TimeTree API pairwise summaryjson,
Brown lemurs (Eulemur spp.),Indri (Indri indri),13513,34827,Eulemur,Indri indri,Eulemur,Indri indri,36.0,33.0,39.33,21.0,TimeTree API pairwise summaryjson,
Brown lemurs (Eulemur spp.),Rhesus macaque (Macaca mulatta),13513,9544,Eulemur,Macaca mulatta,Eulemur,Macaca mulatta,73.75492,71.4,77.5,50.0,TimeTree API pairwise summaryjson,
Brown lemurs (Eulemur spp.),Japanese macaque (Macaca fuscata),13513,9542,Eulemur,Macaca fuscata,Eulemur,Macaca fuscata,73.75492,71.4,77.5,50.0,TimeTree API pairwise summaryjson,
Brown lemurs (Eulemur spp.),Vervet monkey (Chlorocebus pygerythrus),13513,60710,Eulemur,Chlorocebus pygerythrus,Eulemur,Chlorocebus pygerythrus,73.75492,71.4,77.5,50.0,TimeTree API pairwise summaryjson,
Brown lemurs (Eulemur spp.),Campbell's monkey (Cercopithecus campbelli),13513,303588,Eulemur,Cercopithecus campbelli,Eulemur,Cercopithecus campbelli,73.75492,71.4,77.5,50.0,TimeTree API pairwise summaryjson,
Brown lemurs (Eulemur spp.),Olive baboon (Papio anubis),13513,9555,Eulemur,Papio anubis,Eulemur,Papio anubis,73.75492,71.4,77.5,50.0,TimeTree API pairwise summaryjson,
Brown lemurs (Eulemur spp.),Yellow baboon (Papio cynocephalus),13513,9556,Eulemur,Papio cynocephalus,Eulemur,Papio cynocephalus,73.75492,71.4,77.5,50.0,TimeTree API pairwise summaryjson,
Brown lemurs (Eulemur spp.),Ring-tailed lemur (Lemur catta),13513,9447,Eulemur,Lemur catta,Eulemur,Lemur catta,19.73,14.668,21.94079,17.0,TimeTree API pairwise summaryjson,
Brown lemurs (Eulemur spp.),Mouse lemurs (Microcebus spp.),13513,13149,Eulemur,Microcebus,Eulemur,Microcebus,36.0,33.0,39.33,21.0,TimeTree API pairwise summaryjson,
Brown lemurs (Eulemur spp.),Tufted capuchin (Sapajus apella),13513,9515,Eulemur,Sapajus apella,Eulemur,Sapajus apella,73.75492,71.4,77.5,50.0,TimeTree API pairwise summaryjson,
Brown lemurs (Eulemur spp.),Common marmoset (Callithrix jacchus),13513,9483,Eulemur,Callithrix jacchus,Eulemur,Callithrix jacchus,73.75492,71.4,77.5,50.0,TimeTree API pairwise summaryjson,
Brown lemurs (Eulemur spp.),Howler monkey (Alouatta spp.),13513,9499,Eulemur,Alouatta,Eulemur,Alouatta,73.75492,71.4,77.5,50.0,TimeTree API pairwise summaryjson,
Brown lemurs (Eulemur spp.),Diana monkey (Cercopithecus diana),13513,36224,Eulemur,Cercopithecus diana,Eulemur,Cercopithecus diana,73.75492,71.4,77.5,50.0,TimeTree API pairwise summaryjson,
Brown lemurs (Eulemur spp.),Putty-nosed monkey (Cercopithecus nictitans),13513,36228,Eulemur,Cercopithecus nictitans,Eulemur,Cercopithecus nictitans,73.75492,71.4,77.5,50.0,TimeTree API pairwise summaryjson,
Brown lemurs (Eulemur spp.),Red-tailed monkey (Cercopithecus ascanius),13513,36223,Eulemur,Cercopithecus ascanius,Eulemur,Cercopithecus ascanius,73.75492,71.4,77.5,50.0,TimeTree API pairwise summaryjson,
Brown lemurs (Eulemur spp.),De Brazza’s monkey (Cercopithecus neglectus),13513,36227,Eulemur,Cercopithecus neglectus,Eulemur,Cercopithecus neglectus,73.75492,71.4,77.5,50.0,TimeTree API pairwise summaryjson,
Brown lemurs (Eulemur spp.),L’Hoest’s monkey (Allochrocebus lhoesti),13513,100224,Eulemur,Allochrocebus lhoesti,Eulemur,Allochrocebus lhoesti,73.75492,71.4,77.5,50.0,TimeTree API pairwise summaryjson,
Brown lemurs (Eulemur spp.),Patas monkey (Erythrocebus patas),13513,9538,Eulemur,Erythrocebus patas,Eulemur,Erythrocebus patas,73.75492,71.4,77.5,50.0,TimeTree API pairwise summaryjson,
Brown lemurs (Eulemur spp.),Talapoin monkey (Miopithecus talapoin),13513,36231,Eulemur,Miopithecus talapoin,Eulemur,Miopithecus talapoin,73.75492,71.4,77.5,50.0,TimeTree API pairwise summaryjson,
Brown lemurs (Eulemur spp.),Gelada (Theropithecus gelada),13513,9565,Eulemur,Theropithecus gelada,Eulemur,Theropithecus gelada,73.75492,71.4,77.5,50.0,TimeTree API pairwise summaryjson,
Brown lemurs (Eulemur spp.),Crowned monkey / Crowned guenon (Cercopithecus pogonias),13513,102108,Eulemur,Cercopithecus pogonias,Eulemur,Cercopithecus pogonias,73.75492,71.4,77.5,50.0,TimeTree API pairwise summaryjson,
Brown lemurs (Eulemur spp.),Mona monkey (Cercopithecus mona),13513,36226,Eulemur,Cercopithecus mona,Eulemur,Cercopithecus mona,73.75492,71.4,77.5,50.0,TimeTree API pairwise summaryjson,
Brown lemurs (Eulemur spp.),Chacma baboon (Papio ursinus),13513,36229,Eulemur,Papio ursinus,Eulemur,Papio ursinus,73.75492,71.4,77.5,50.0,TimeTree API pairwise summaryjson,
Brown lemurs (Eulemur spp.),Zebra finch (Taeniopygia guttata),13513,59729,Eulemur,Taeniopygia guttata,Eulemur,Taeniopygia guttata,318.95,316.0,322.37,30.0,TimeTree API pairwise summaryjson,
Indri (Indri indri),Rhesus macaque (Macaca mulatta),34827,9544,Indri indri,Macaca mulatta,Indri indri,Macaca mulatta,73.75492,71.4,77.5,50.0,TimeTree API pairwise summaryjson,
Indri (Indri indri),Japanese macaque (Macaca fuscata),34827,9542,Indri indri,Macaca fuscata,Indri indri,Macaca fuscata,73.75492,71.4,77.5,50.0,TimeTree API pairwise summaryjson,
Indri (Indri indri),Vervet monkey (Chlorocebus pygerythrus),34827,60710,Indri indri,Chlorocebus pygerythrus,Indri indri,Chlorocebus pygerythrus,73.75492,71.4,77.5,50.0,TimeTree API pairwise summaryjson,
Indri (Indri indri),Campbell's monkey (Cercopithecus campbelli),34827,303588,Indri indri,Cercopithecus campbelli,Indri indri,Cercopithecus campbelli,73.75492,71.4,77.5,50.0,TimeTree API pairwise summaryjson,
Indri (Indri indri),Olive baboon (Papio anubis),34827,9555,Indri indri,Papio anubis,Indri indri,Papio anubis,73.75492,71.4,77.5,50.0,TimeTree API pairwise summaryjson,
Indri (Indri indri),Yellow baboon (Papio cynocephalus),34827,9556,Indri indri,Papio cynocephalus,Indri indri,Papio cynocephalus,73.75492,71.4,77.5,50.0,TimeTree API pairwise summaryjson,
Indri (Indri indri),Ring-tailed lemur (Lemur catta),34827,9447,Indri indri,Lemur catta,Indri indri,Lemur catta,36.0,33.0,39.33,21.0,TimeTree API pairwise summaryjson,
Indri (Indri indri),Mouse lemurs (Microcebus spp.),34827,13149,Indri indri,Microcebus,Indri indri,Microcebus,35.94,32.37793,37.44,19.0,TimeTree API pairwise summaryjson,
Indri (Indri indri),Tufted capuchin (Sapajus apella),34827,9515,Indri indri,Sapajus apella,Indri indri,Sapajus apella,73.75492,71.4,77.5,50.0,TimeTree API pairwise summaryjson,
Indri (Indri indri),Common marmoset (Callithrix jacchus),34827,9483,Indri indri,Callithrix jacchus,Indri indri,Callithrix jacchus,73.75492,71.4,77.5,50.0,TimeTree API pairwise summaryjson,
Indri (Indri indri),Howler monkey (Alouatta spp.),34827,9499,Indri indri,Alouatta,Indri indri,Alouatta,73.75492,71.4,77.5,50.0,TimeTree API pairwise summaryjson,
Indri (Indri indri),Diana monkey (Cercopithecus diana),34827,36224,Indri indri,Cercopithecus diana,Indri indri,Cercopithecus diana,73.75492,71.4,77.5,50.0,TimeTree API pairwise summaryjson,
Indri (Indri indri),Putty-nosed monkey (Cercopithecus nictitans),34827,36228,Indri indri,Cercopithecus nictitans,Indri indri,Cercopithecus nictitans,73.75492,71.4,77.5,50.0,TimeTree API pairwise summaryjson,
Indri (Indri indri),Red-tailed monkey (Cercopithecus ascanius),34827,36223,Indri indri,Cercopithecus ascanius,Indri indri,Cercopithecus ascanius,73.75492,71.4,77.5,50.0,TimeTree API pairwise summaryjson,
Indri (Indri indri),De Brazza’s monkey (Cercopithecus neglectus),34827,36227,Indri indri,Cercopithecus neglectus,Indri indri,Cercopithecus neglectus,73.75492,71.4,77.5,50.0,TimeTree API pairwise summaryjson,
Indri (Indri indri),L’Hoest’s monkey (Allochrocebus lhoesti),34827,100224,Indri indri,Allochrocebus lhoesti,Indri indri,Allochrocebus lhoesti,73.75492,71.4,77.5,50.0,TimeTree API pairwise summaryjson,
Indri (Indri indri),Patas monkey (Erythrocebus patas),34827,9538,Indri indri,Erythrocebus patas,Indri indri,Erythrocebus patas,73.75492,71.4,77.5,50.0,TimeTree API pairwise summaryjson,
Indri (Indri indri),Talapoin monkey (Miopithecus talapoin),34827,36231,Indri indri,Miopithecus talapoin,Indri indri,Miopithecus talapoin,73.75492,71.4,77.5,50.0,TimeTree API pairwise summaryjson,
Indri (Indri indri),Gelada (Theropithecus gelada),34827,9565,Indri indri,Theropithecus gelada,Indri indri,Theropithecus gelada,73.75492,71.4,77.5,50.0,TimeTree API pairwise summaryjson,
Indri (Indri indri),Crowned monkey / Crowned guenon (Cercopithecus pogonias),34827,102108,Indri indri,Cercopithecus pogonias,Indri indri,Cercopithecus pogonias,73.75492,71.4,77.5,50.0,TimeTree API pairwise summaryjson,
Indri (Indri indri),Mona monkey (Cercopithecus mona),34827,36226,Indri indri,Cercopithecus mona,Indri indri,Cercopithecus mona,73.75492,71.4,77.5,50.0,TimeTree API pairwise summaryjson,
Indri (Indri indri),Chacma baboon (Papio ursinus),34827,36229,Indri indri,Papio ursinus,Indri indri,Papio ursinus,73.75492,71.4,77.5,50.0,TimeTree API pairwise summaryjson,
Indri (Indri indri),Zebra finch (Taeniopygia guttata),34827,59729,Indri indri,Taeniopygia guttata,Indri indri,Taeniopygia guttata,318.95,316.0,322.37,30.0,TimeTree API pairwise summaryjson,
Rhesus macaque (Macaca mulatta),Japanese macaque (Macaca fuscata),9544,9542,Macaca mulatta,Macaca fuscata,Macaca mulatta,Macaca fuscata,3.718905,1.53,9.83621,4.0,TimeTree API pairwise summaryjson,
Rhesus macaque (Macaca mulatta),Vervet monkey (Chlorocebus pygerythrus),9544,60710,Macaca mulatta,Chlorocebus pygerythrus,Macaca mulatta,Chlorocebus pygerythrus,12.32716,11.5,13.0889,28.0,TimeTree API pairwise summaryjson,
Rhesus macaque (Macaca mulatta),Campbell's monkey (Cercopithecus campbelli),9544,303588,Macaca mulatta,Cercopithecus campbelli,Macaca mulatta,Cercopithecus campbelli,12.32716,11.5,13.0889,28.0,TimeTree API pairwise summaryjson,
Rhesus macaque (Macaca mulatta),Olive baboon (Papio anubis),9544,9555,Macaca mulatta,Papio anubis,Macaca mulatta,Papio anubis,10.454,8.78921,11.05064,42.0,TimeTree API pairwise summaryjson,
Rhesus macaque (Macaca mulatta),Yellow baboon (Papio cynocephalus),9544,9556,Macaca mulatta,Papio cynocephalus,Macaca mulatta,Papio cynocephalus,10.454,8.78921,11.05064,42.0,TimeTree API pairwise summaryjson,
Rhesus macaque (Macaca mulatta),Ring-tailed lemur (Lemur catta),9544,9447,Macaca mulatta,Lemur catta,Macaca mulatta,Lemur catta,73.75492,71.4,77.5,50.0,TimeTree API pairwise summaryjson,
Rhesus macaque (Macaca mulatta),Mouse lemurs (Microcebus spp.),9544,13149,Macaca mulatta,Microcebus,Macaca mulatta,Microcebus,73.75492,71.4,77.5,50.0,TimeTree API pairwise summaryjson,
Rhesus macaque (Macaca mulatta),Tufted capuchin (Sapajus apella),9544,9515,Macaca mulatta,Sapajus apella,Macaca mulatta,Sapajus apella,42.9,40.0,44.2,68.0,TimeTree API pairwise summaryjson,
Rhesus macaque (Macaca mulatta),Common marmoset (Callithrix jacchus),9544,9483,Macaca mulatta,Callithrix jacchus,Macaca mulatta,Callithrix jacchus,42.9,40.0,44.2,68.0,TimeTree API pairwise summaryjson,
Rhesus macaque (Macaca mulatta),Howler monkey (Alouatta spp.),9544,9499,Macaca mulatta,Alouatta,Macaca mulatta,Alouatta,42.9,40.0,44.2,68.0,TimeTree API pairwise summaryjson,
Rhesus macaque (Macaca mulatta),Diana monkey (Cercopithecus diana),9544,36224,Macaca mulatta,Cercopithecus diana,Macaca mulatta,Cercopithecus diana,12.32716,11.5,13.0889,28.0,TimeTree API pairwise summaryjson,
Rhesus macaque (Macaca mulatta),Putty-nosed monkey (Cercopithecus nictitans),9544,36228,Macaca mulatta,Cercopithecus nictitans,Macaca mulatta,Cercopithecus nictitans,12.32716,11.5,13.0889,28.0,TimeTree API pairwise summaryjson,
Rhesus macaque (Macaca mulatta),Red-tailed monkey (Cercopithecus ascanius),9544,36223,Macaca mulatta,Cercopithecus ascanius,Macaca mulatta,Cercopithecus ascanius,12.32716,11.5,13.0889,28.0,TimeTree API pairwise summaryjson,
Rhesus macaque (Macaca mulatta),De Brazza’s monkey (Cercopithecus neglectus),9544,36227,Macaca mulatta,Cercopithecus neglectus,Macaca mulatta,Cercopithecus neglectus,12.32716,11.5,13.0889,28.0,TimeTree API pairwise summaryjson,
Rhesus macaque (Macaca mulatta),L’Hoest’s monkey (Allochrocebus lhoesti),9544,100224,Macaca mulatta,Allochrocebus lhoesti,Macaca mulatta,Allochrocebus lhoesti,12.32716,11.5,13.0889,28.0,TimeTree API pairwise summaryjson,
Rhesus macaque (Macaca mulatta),Patas monkey (Erythrocebus patas),9544,9538,Macaca mulatta,Erythrocebus patas,Macaca mulatta,Erythrocebus patas,12.32716,11.5,13.0889,28.0,TimeTree API pairwise summaryjson,
Rhesus macaque (Macaca mulatta),Talapoin monkey (Miopithecus talapoin),9544,36231,Macaca mulatta,Miopithecus talapoin,Macaca mulatta,Miopithecus talapoin,12.32716,11.5,13.0889,28.0,TimeTree API pairwise summaryjson,
Rhesus macaque (Macaca mulatta),Gelada (Theropithecus gelada),9544,9565,Macaca mulatta,Theropithecus gelada,Macaca mulatta,Theropithecus gelada,10.454,8.78921,11.05064,42.0,TimeTree API pairwise summaryjson,
Rhesus macaque (Macaca mulatta),Crowned monkey / Crowned guenon (Cercopithecus pogonias),9544,102108,Macaca mulatta,Cercopithecus pogonias,Macaca mulatta,Cercopithecus pogonias,12.32716,11.5,13.0889,28.0,TimeTree API pairwise summaryjson,
Rhesus macaque (Macaca mulatta),Mona monkey (Cercopithecus mona),9544,36226,Macaca mulatta,Cercopithecus mona,Macaca mulatta,Cercopithecus mona,12.32716,11.5,13.0889,28.0,TimeTree API pairwise summaryjson,
Rhesus macaque (Macaca mulatta),Chacma baboon (Papio ursinus),9544,36229,Macaca mulatta,Papio ursinus,Macaca mulatta,Papio ursinus,10.454,8.78921,11.05064,42.0,TimeTree API pairwise summaryjson,
Rhesus macaque (Macaca mulatta),Zebra finch (Taeniopygia guttata),9544,59729,Macaca mulatta,Taeniopygia guttata,Macaca mulatta,Taeniopygia guttata,318.95,316.0,322.37,30.0,TimeTree API pairwise summaryjson,
Japanese macaque (Macaca fuscata),Vervet monkey (Chlorocebus pygerythrus),9542,60710,Macaca fuscata,Chlorocebus pygerythrus,Macaca fuscata,Chlorocebus pygerythrus,12.32716,11.5,13.0889,28.0,TimeTree API pairwise summaryjson,
Japanese macaque (Macaca fuscata),Campbell's monkey (Cercopithecus campbelli),9542,303588,Macaca fuscata,Cercopithecus campbelli,Macaca fuscata,Cercopithecus campbelli,12.32716,11.5,13.0889,28.0,TimeTree API pairwise summaryjson,
Japanese macaque (Macaca fuscata),Olive baboon (Papio anubis),9542,9555,Macaca fuscata,Papio anubis,Macaca fuscata,Papio anubis,10.454,8.78921,11.05064,42.0,TimeTree API pairwise summaryjson,
Japanese macaque (Macaca fuscata),Yellow baboon (Papio cynocephalus),9542,9556,Macaca fuscata,Papio cynocephalus,Macaca fuscata,Papio cynocephalus,10.454,8.78921,11.05064,42.0,TimeTree API pairwise summaryjson,
Japanese macaque (Macaca fuscata),Ring-tailed lemur (Lemur catta),9542,9447,Macaca fuscata,Lemur catta,Macaca fuscata,Lemur catta,73.75492,71.4,77.5,50.0,TimeTree API pairwise summaryjson,
Japanese macaque (Macaca fuscata),Mouse lemurs (Microcebus spp.),9542,13149,Macaca fuscata,Microcebus,Macaca fuscata,Microcebus,73.75492,71.4,77.5,50.0,TimeTree API pairwise summaryjson,
Japanese macaque (Macaca fuscata),Tufted capuchin (Sapajus apella),9542,9515,Macaca fuscata,Sapajus apella,Macaca fuscata,Sapajus apella,42.9,40.0,44.2,68.0,TimeTree API pairwise summaryjson,
Japanese macaque (Macaca fuscata),Common marmoset (Callithrix jacchus),9542,9483,Macaca fuscata,Callithrix jacchus,Macaca fuscata,Callithrix jacchus,42.9,40.0,44.2,68.0,TimeTree API pairwise summaryjson,
Japanese macaque (Macaca fuscata),Howler monkey (Alouatta spp.),9542,9499,Macaca fuscata,Alouatta,Macaca fuscata,Alouatta,42.9,40.0,44.2,68.0,TimeTree API pairwise summaryjson,
Japanese macaque (Macaca fuscata),Diana monkey (Cercopithecus diana),9542,36224,Macaca fuscata,Cercopithecus diana,Macaca fuscata,Cercopithecus diana,12.32716,11.5,13.0889,28.0,TimeTree API pairwise summaryjson,
Japanese macaque (Macaca fuscata),Putty-nosed monkey (Cercopithecus nictitans),9542,36228,Macaca fuscata,Cercopithecus nictitans,Macaca fuscata,Cercopithecus nictitans,12.32716,11.5,13.0889,28.0,TimeTree API pairwise summaryjson,
Japanese macaque (Macaca fuscata),Red-tailed monkey (Cercopithecus ascanius),9542,36223,Macaca fuscata,Cercopithecus ascanius,Macaca fuscata,Cercopithecus ascanius,12.32716,11.5,13.0889,28.0,TimeTree API pairwise summaryjson,
Japanese macaque (Macaca fuscata),De Brazza’s monkey (Cercopithecus neglectus),9542,36227,Macaca fuscata,Cercopithecus neglectus,Macaca fuscata,Cercopithecus neglectus,12.32716,11.5,13.0889,28.0,TimeTree API pairwise summaryjson,
Japanese macaque (Macaca fuscata),L’Hoest’s monkey (Allochrocebus lhoesti),9542,100224,Macaca fuscata,Allochrocebus lhoesti,Macaca fuscata,Allochrocebus lhoesti,12.32716,11.5,13.0889,28.0,TimeTree API pairwise summaryjson,
Japanese macaque (Macaca fuscata),Patas monkey (Erythrocebus patas),9542,9538,Macaca fuscata,Erythrocebus patas,Macaca fuscata,Erythrocebus patas,12.32716,11.5,13.0889,28.0,TimeTree API pairwise summaryjson,
Japanese macaque (Macaca fuscata),Talapoin monkey (Miopithecus talapoin),9542,36231,Macaca fuscata,Miopithecus talapoin,Macaca fuscata,Miopithecus talapoin,12.32716,11.5,13.0889,28.0,TimeTree API pairwise summaryjson,
Japanese macaque (Macaca fuscata),Gelada (Theropithecus gelada),9542,9565,Macaca fuscata,Theropithecus gelada,Macaca fuscata,Theropithecus gelada,10.454,8.78921,11.05064,42.0,TimeTree API pairwise summaryjson,
Japanese macaque (Macaca fuscata),Crowned monkey / Crowned guenon (Cercopithecus pogonias),9542,102108,Macaca fuscata,Cercopithecus pogonias,Macaca fuscata,Cercopithecus pogonias,12.32716,11.5,13.0889,28.0,TimeTree API pairwise summaryjson,
Japanese macaque (Macaca fuscata),Mona monkey (Cercopithecus mona),9542,36226,Macaca fuscata,Cercopithecus mona,Macaca fuscata,Cercopithecus mona,12.32716,11.5,13.0889,28.0,TimeTree API pairwise summaryjson,
Japanese macaque (Macaca fuscata),Chacma baboon (Papio ursinus),9542,36229,Macaca fuscata,Papio ursinus,Macaca fuscata,Papio ursinus,10.454,8.78921,11.05064,42.0,TimeTree API pairwise summaryjson,
Japanese macaque (Macaca fuscata),Zebra finch (Taeniopygia guttata),9542,59729,Macaca fuscata,Taeniopygia guttata,Macaca fuscata,Taeniopygia guttata,318.95,316.0,322.37,30.0,TimeTree API pairwise summaryjson,
Vervet monkey (Chlorocebus pygerythrus),Campbell's monkey (Cercopithecus campbelli),60710,303588,Chlorocebus pygerythrus,Cercopithecus campbelli,Chlorocebus pygerythrus,Cercopithecus campbelli,7.38319,4.7293,13.8,5.0,TimeTree API pairwise summaryjson,
Vervet monkey (Chlorocebus pygerythrus),Olive baboon (Papio anubis),60710,9555,Chlorocebus pygerythrus,Papio anubis,Chlorocebus pygerythrus,Papio anubis,12.32716,11.5,13.0889,28.0,TimeTree API pairwise summaryjson,
Vervet monkey (Chlorocebus pygerythrus),Yellow baboon (Papio cynocephalus),60710,9556,Chlorocebus pygerythrus,Papio cynocephalus,Chlorocebus pygerythrus,Papio cynocephalus,12.32716,11.5,13.0889,28.0,TimeTree API pairwise summaryjson,
Vervet monkey (Chlorocebus pygerythrus),Ring-tailed lemur (Lemur catta),60710,9447,Chlorocebus pygerythrus,Lemur catta,Chlorocebus pygerythrus,Lemur catta,73.75492,71.4,77.5,50.0,TimeTree API pairwise summaryjson,
Vervet monkey (Chlorocebus pygerythrus),Mouse lemurs (Microcebus spp.),60710,13149,Chlorocebus pygerythrus,Microcebus,Chlorocebus pygerythrus,Microcebus,73.75492,71.4,77.5,50.0,TimeTree API pairwise summaryjson,
Vervet monkey (Chlorocebus pygerythrus),Tufted capuchin (Sapajus apella),60710,9515,Chlorocebus pygerythrus,Sapajus apella,Chlorocebus pygerythrus,Sapajus apella,42.9,40.0,44.2,68.0,TimeTree API pairwise summaryjson,
Vervet monkey (Chlorocebus pygerythrus),Common marmoset (Callithrix jacchus),60710,9483,Chlorocebus pygerythrus,Callithrix jacchus,Chlorocebus pygerythrus,Callithrix jacchus,42.9,40.0,44.2,68.0,TimeTree API pairwise summaryjson,
Vervet monkey (Chlorocebus pygerythrus),Howler monkey (Alouatta spp.),60710,9499,Chlorocebus pygerythrus,Alouatta,Chlorocebus pygerythrus,Alouatta,42.9,40.0,44.2,68.0,TimeTree API pairwise summaryjson,
Vervet monkey (Chlorocebus pygerythrus),Diana monkey (Cercopithecus diana),60710,36224,Chlorocebus pygerythrus,Cercopithecus diana,Chlorocebus pygerythrus,Cercopithecus diana,8.61071,7.0046,11.448,5.0,TimeTree API pairwise summaryjson,
Vervet monkey (Chlorocebus pygerythrus),Putty-nosed monkey (Cercopithecus nictitans),60710,36228,Chlorocebus pygerythrus,Cercopithecus nictitans,Chlorocebus pygerythrus,Cercopithecus nictitans,8.61071,7.0046,11.448,5.0,TimeTree API pairwise summaryjson,
Vervet monkey (Chlorocebus pygerythrus),Red-tailed monkey (Cercopithecus ascanius),60710,36223,Chlorocebus pygerythrus,Cercopithecus ascanius,Chlorocebus pygerythrus,Cercopithecus ascanius,8.61071,7.0046,11.448,5.0,TimeTree API pairwise summaryjson,
Vervet monkey (Chlorocebus pygerythrus),De Brazza’s monkey (Cercopithecus neglectus),60710,36227,Chlorocebus pygerythrus,Cercopithecus neglectus,Chlorocebus pygerythrus,Cercopithecus neglectus,8.61071,7.0046,11.448,5.0,TimeTree API pairwise summaryjson,
Vervet monkey (Chlorocebus pygerythrus),L’Hoest’s monkey (Allochrocebus lhoesti),60710,100224,Chlorocebus pygerythrus,Allochrocebus lhoesti,Chlorocebus pygerythrus,Allochrocebus lhoesti,5.5541,4.8,9.02845,7.0,TimeTree API pairwise summaryjson,
Vervet monkey (Chlorocebus pygerythrus),Patas monkey (Erythrocebus patas),60710,9538,Chlorocebus pygerythrus,Erythrocebus patas,Chlorocebus pygerythrus,Erythrocebus patas,5.5541,4.8,9.02845,7.0,TimeTree API pairwise summaryjson,
Vervet monkey (Chlorocebus pygerythrus),Talapoin monkey (Miopithecus talapoin),60710,36231,Chlorocebus pygerythrus,Miopithecus talapoin,Chlorocebus pygerythrus,Miopithecus talapoin,8.859425,7.5516,12.946,8.0,TimeTree API pairwise summaryjson,
Vervet monkey (Chlorocebus pygerythrus),Gelada (Theropithecus gelada),60710,9565,Chlorocebus pygerythrus,Theropithecus gelada,Chlorocebus pygerythrus,Theropithecus gelada,12.32716,11.5,13.0889,28.0,TimeTree API pairwise summaryjson,
Vervet monkey (Chlorocebus pygerythrus),Crowned monkey / Crowned guenon (Cercopithecus pogonias),60710,102108,Chlorocebus pygerythrus,Cercopithecus pogonias,Chlorocebus pygerythrus,Cercopithecus pogonias,5.091342,0.0,0.0,5.0,TimeTree API pairwise summaryjson,
Vervet monkey (Chlorocebus pygerythrus),Mona monkey (Cercopithecus mona),60710,36226,Chlorocebus pygerythrus,Cercopithecus mona,Chlorocebus pygerythrus,Cercopithecus mona,8.61071,7.0046,11.448,5.0,TimeTree API pairwise summaryjson,
Vervet monkey (Chlorocebus pygerythrus),Chacma baboon (Papio ursinus),60710,36229,Chlorocebus pygerythrus,Papio ursinus,Chlorocebus pygerythrus,Papio ursinus,12.32716,11.5,13.0889,28.0,TimeTree API pairwise summaryjson,
Vervet monkey (Chlorocebus pygerythrus),Zebra finch (Taeniopygia guttata),60710,59729,Chlorocebus pygerythrus,Taeniopygia guttata,Chlorocebus pygerythrus,Taeniopygia guttata,318.95,316.0,322.37,30.0,TimeTree API pairwise summaryjson,
Campbell's monkey (Cercopithecus campbelli),Olive baboon (Papio anubis),303588,9555,Cercopithecus campbelli,Papio anubis,Cercopithecus campbelli,Papio anubis,12.32716,11.5,13.0889,28.0,TimeTree API pairwise summaryjson,
Campbell's monkey (Cercopithecus campbelli),Yellow baboon (Papio cynocephalus),303588,9556,Cercopithecus campbelli,Papio cynocephalus,Cercopithecus campbelli,Papio cynocephalus,12.32716,11.5,13.0889,28.0,TimeTree API pairwise summaryjson,
Campbell's monkey (Cercopithecus campbelli),Ring-tailed lemur (Lemur catta),303588,9447,Cercopithecus campbelli,Lemur catta,Cercopithecus campbelli,Lemur catta,73.75492,71.4,77.5,50.0,TimeTree API pairwise summaryjson,
Campbell's monkey (Cercopithecus campbelli),Mouse lemurs (Microcebus spp.),303588,13149,Cercopithecus campbelli,Microcebus,Cercopithecus campbelli,Microcebus,73.75492,71.4,77.5,50.0,TimeTree API pairwise summaryjson,
Campbell's monkey (Cercopithecus campbelli),Tufted capuchin (Sapajus apella),303588,9515,Cercopithecus campbelli,Sapajus apella,Cercopithecus campbelli,Sapajus apella,42.9,40.0,44.2,68.0,TimeTree API pairwise summaryjson,
Campbell's monkey (Cercopithecus campbelli),Common marmoset (Callithrix jacchus),303588,9483,Cercopithecus campbelli,Callithrix jacchus,Cercopithecus campbelli,Callithrix jacchus,42.9,40.0,44.2,68.0,TimeTree API pairwise summaryjson,
Campbell's monkey (Cercopithecus campbelli),Howler monkey (Alouatta spp.),303588,9499,Cercopithecus campbelli,Alouatta,Cercopithecus campbelli,Alouatta,42.9,40.0,44.2,68.0,TimeTree API pairwise summaryjson,
Campbell's monkey (Cercopithecus campbelli),Diana monkey (Cercopithecus diana),303588,36224,Cercopithecus campbelli,Cercopithecus diana,Cercopithecus campbelli,Cercopithecus diana,8.61071,7.0046,11.448,5.0,TimeTree API pairwise summaryjson,
Campbell's monkey (Cercopithecus campbelli),Putty-nosed monkey (Cercopithecus nictitans),303588,36228,Cercopithecus campbelli,Cercopithecus nictitans,Cercopithecus campbelli,Cercopithecus nictitans,8.61071,7.0046,11.448,5.0,TimeTree API pairwise summaryjson,
Campbell's monkey (Cercopithecus campbelli),Red-tailed monkey (Cercopithecus ascanius),303588,36223,Cercopithecus campbelli,Cercopithecus ascanius,Cercopithecus campbelli,Cercopithecus ascanius,8.61071,7.0046,11.448,5.0,TimeTree API pairwise summaryjson,
Campbell's monkey (Cercopithecus campbelli),De Brazza’s monkey (Cercopithecus neglectus),303588,36227,Cercopithecus campbelli,Cercopithecus neglectus,Cercopithecus campbelli,Cercopithecus neglectus,8.61071,7.0046,11.448,5.0,TimeTree API pairwise summaryjson,
Campbell's monkey (Cercopithecus campbelli),L’Hoest’s monkey (Allochrocebus lhoesti),303588,100224,Cercopithecus campbelli,Allochrocebus lhoesti,Cercopithecus campbelli,Allochrocebus lhoesti,5.5541,4.8,9.02845,7.0,TimeTree API pairwise summaryjson,
Campbell's monkey (Cercopithecus campbelli),Patas monkey (Erythrocebus patas),303588,9538,Cercopithecus campbelli,Erythrocebus patas,Cercopithecus campbelli,Erythrocebus patas,5.5541,4.8,9.02845,7.0,TimeTree API pairwise summaryjson,
Campbell's monkey (Cercopithecus campbelli),Talapoin monkey (Miopithecus talapoin),303588,36231,Cercopithecus campbelli,Miopithecus talapoin,Cercopithecus campbelli,Miopithecus talapoin,8.859425,7.5516,12.946,8.0,TimeTree API pairwise summaryjson,
Campbell's monkey (Cercopithecus campbelli),Gelada (Theropithecus gelada),303588,9565,Cercopithecus campbelli,Theropithecus gelada,Cercopithecus campbelli,Theropithecus gelada,12.32716,11.5,13.0889,28.0,TimeTree API pairwise summaryjson,
Campbell's monkey (Cercopithecus campbelli),Crowned monkey / Crowned guenon (Cercopithecus pogonias),303588,102108,Cercopithecus campbelli,Cercopithecus pogonias,Cercopithecus campbelli,Cercopithecus pogonias,5.091342,0.0,0.0,5.0,TimeTree API pairwise summaryjson,
Campbell's monkey (Cercopithecus campbelli),Mona monkey (Cercopithecus mona),303588,36226,Cercopithecus campbelli,Cercopithecus mona,Cercopithecus campbelli,Cercopithecus mona,8.61071,7.0046,11.448,5.0,TimeTree API pairwise summaryjson,
Campbell's monkey (Cercopithecus campbelli),Chacma baboon (Papio ursinus),303588,36229,Cercopithecus campbelli,Papio ursinus,Cercopithecus campbelli,Papio ursinus,12.32716,11.5,13.0889,28.0,TimeTree API pairwise summaryjson,
Campbell's monkey (Cercopithecus campbelli),Zebra finch (Taeniopygia guttata),303588,59729,Cercopithecus campbelli,Taeniopygia guttata,Cercopithecus campbelli,Taeniopygia guttata,318.95,316.0,322.37,30.0,TimeTree API pairwise summaryjson,
Olive baboon (Papio anubis),Yellow baboon (Papio cynocephalus),9555,9556,Papio anubis,Papio cynocephalus,Papio anubis,Papio cynocephalus,1.986615,0.39,7.5,4.0,TimeTree API pairwise summaryjson,
Olive baboon (Papio anubis),Ring-tailed lemur (Lemur catta),9555,9447,Papio anubis,Lemur catta,Papio anubis,Lemur catta,73.75492,71.4,77.5,50.0,TimeTree API pairwise summaryjson,
Olive baboon (Papio anubis),Mouse lemurs (Microcebus spp.),9555,13149,Papio anubis,Microcebus,Papio anubis,Microcebus,73.75492,71.4,77.5,50.0,TimeTree API pairwise summaryjson,
Olive baboon (Papio anubis),Tufted capuchin (Sapajus apella),9555,9515,Papio anubis,Sapajus apella,Papio anubis,Sapajus apella,42.9,40.0,44.2,68.0,TimeTree API pairwise summaryjson,
Olive baboon (Papio anubis),Common marmoset (Callithrix jacchus),9555,9483,Papio anubis,Callithrix jacchus,Papio anubis,Callithrix jacchus,42.9,40.0,44.2,68.0,TimeTree API pairwise summaryjson,
Olive baboon (Papio anubis),Howler monkey (Alouatta spp.),9555,9499,Papio anubis,Alouatta,Papio anubis,Alouatta,42.9,40.0,44.2,68.0,TimeTree API pairwise summaryjson,
Olive baboon (Papio anubis),Diana monkey (Cercopithecus diana),9555,36224,Papio anubis,Cercopithecus diana,Papio anubis,Cercopithecus diana,12.32716,11.5,13.0889,28.0,TimeTree API pairwise summaryjson,
Olive baboon (Papio anubis),Putty-nosed monkey (Cercopithecus nictitans),9555,36228,Papio anubis,Cercopithecus nictitans,Papio anubis,Cercopithecus nictitans,12.32716,11.5,13.0889,28.0,TimeTree API pairwise summaryjson,
Olive baboon (Papio anubis),Red-tailed monkey (Cercopithecus ascanius),9555,36223,Papio anubis,Cercopithecus ascanius,Papio anubis,Cercopithecus ascanius,12.32716,11.5,13.0889,28.0,TimeTree API pairwise summaryjson,
Olive baboon (Papio anubis),De Brazza’s monkey (Cercopithecus neglectus),9555,36227,Papio anubis,Cercopithecus neglectus,Papio anubis,Cercopithecus neglectus,12.32716,11.5,13.0889,28.0,TimeTree API pairwise summaryjson,
Olive baboon (Papio anubis),L’Hoest’s monkey (Allochrocebus lhoesti),9555,100224,Papio anubis,Allochrocebus lhoesti,Papio anubis,Allochrocebus lhoesti,12.32716,11.5,13.0889,28.0,TimeTree API pairwise summaryjson,
Olive baboon (Papio anubis),Patas monkey (Erythrocebus patas),9555,9538,Papio anubis,Erythrocebus patas,Papio anubis,Erythrocebus patas,12.32716,11.5,13.0889,28.0,TimeTree API pairwise summaryjson,
Olive baboon (Papio anubis),Talapoin monkey (Miopithecus talapoin),9555,36231,Papio anubis,Miopithecus talapoin,Papio anubis,Miopithecus talapoin,12.32716,11.5,13.0889,28.0,TimeTree API pairwise summaryjson,
Olive baboon (Papio anubis),Gelada (Theropithecus gelada),9555,9565,Papio anubis,Theropithecus gelada,Papio anubis,Theropithecus gelada,4.52,4.0,4.83554,20.0,TimeTree API pairwise summaryjson,
Olive baboon (Papio anubis),Crowned monkey / Crowned guenon (Cercopithecus pogonias),9555,102108,Papio anubis,Cercopithecus pogonias,Papio anubis,Cercopithecus pogonias,12.32716,11.5,13.0889,28.0,TimeTree API pairwise summaryjson,
Olive baboon (Papio anubis),Mona monkey (Cercopithecus mona),9555,36226,Papio anubis,Cercopithecus mona,Papio anubis,Cercopithecus mona,12.32716,11.5,13.0889,28.0,TimeTree API pairwise summaryjson,
Olive baboon (Papio anubis),Chacma baboon (Papio ursinus),9555,36229,Papio anubis,Papio ursinus,Papio anubis,Papio ursinus,1.986615,0.39,7.5,4.0,TimeTree API pairwise summaryjson,
Olive baboon (Papio anubis),Zebra finch (Taeniopygia guttata),9555,59729,Papio anubis,Taeniopygia guttata,Papio anubis,Taeniopygia guttata,318.95,316.0,322.37,30.0,TimeTree API pairwise summaryjson,
Yellow baboon (Papio cynocephalus),Ring-tailed lemur (Lemur catta),9556,9447,Papio cynocephalus,Lemur catta,Papio cynocephalus,Lemur catta,73.75492,71.4,77.5,50.0,TimeTree API pairwise summaryjson,
Yellow baboon (Papio cynocephalus),Mouse lemurs (Microcebus spp.),9556,13149,Papio cynocephalus,Microcebus,Papio cynocephalus,Microcebus,73.75492,71.4,77.5,50.0,TimeTree API pairwise summaryjson,
Yellow baboon (Papio cynocephalus),Tufted capuchin (Sapajus apella),9556,9515,Papio cynocephalus,Sapajus apella,Papio cynocephalus,Sapajus apella,42.9,40.0,44.2,68.0,TimeTree API pairwise summaryjson,
Yellow baboon (Papio cynocephalus),Common marmoset (Callithrix jacchus),9556,9483,Papio cynocephalus,Callithrix jacchus,Papio cynocephalus,Callithrix jacchus,42.9,40.0,44.2,68.0,TimeTree API pairwise summaryjson,
Yellow baboon (Papio cynocephalus),Howler monkey (Alouatta spp.),9556,9499,Papio cynocephalus,Alouatta,Papio cynocephalus,Alouatta,42.9,40.0,44.2,68.0,TimeTree API pairwise summaryjson,
Yellow baboon (Papio cynocephalus),Diana monkey (Cercopithecus diana),9556,36224,Papio cynocephalus,Cercopithecus diana,Papio cynocephalus,Cercopithecus diana,12.32716,11.5,13.0889,28.0,TimeTree API pairwise summaryjson,
Yellow baboon (Papio cynocephalus),Putty-nosed monkey (Cercopithecus nictitans),9556,36228,Papio cynocephalus,Cercopithecus nictitans,Papio cynocephalus,Cercopithecus nictitans,12.32716,11.5,13.0889,28.0,TimeTree API pairwise summaryjson,
Yellow baboon (Papio cynocephalus),Red-tailed monkey (Cercopithecus ascanius),9556,36223,Papio cynocephalus,Cercopithecus ascanius,Papio cynocephalus,Cercopithecus ascanius,12.32716,11.5,13.0889,28.0,TimeTree API pairwise summaryjson,
Yellow baboon (Papio cynocephalus),De Brazza’s monkey (Cercopithecus neglectus),9556,36227,Papio cynocephalus,Cercopithecus neglectus,Papio cynocephalus,Cercopithecus neglectus,12.32716,11.5,13.0889,28.0,TimeTree API pairwise summaryjson,
Yellow baboon (Papio cynocephalus),L’Hoest’s monkey (Allochrocebus lhoesti),9556,100224,Papio cynocephalus,Allochrocebus lhoesti,Papio cynocephalus,Allochrocebus lhoesti,12.32716,11.5,13.0889,28.0,TimeTree API pairwise summaryjson,
Yellow baboon (Papio cynocephalus),Patas monkey (Erythrocebus patas),9556,9538,Papio cynocephalus,Erythrocebus patas,Papio cynocephalus,Erythrocebus patas,12.32716,11.5,13.0889,28.0,TimeTree API pairwise summaryjson,
Yellow baboon (Papio cynocephalus),Talapoin monkey (Miopithecus talapoin),9556,36231,Papio cynocephalus,Miopithecus talapoin,Papio cynocephalus,Miopithecus talapoin,12.32716,11.5,13.0889,28.0,TimeTree API pairwise summaryjson,
Yellow baboon (Papio cynocephalus),Gelada (Theropithecus gelada),9556,9565,Papio cynocephalus,Theropithecus gelada,Papio cynocephalus,Theropithecus gelada,4.52,4.0,4.83554,20.0,TimeTree API pairwise summaryjson,
Yellow baboon (Papio cynocephalus),Crowned monkey / Crowned guenon (Cercopithecus pogonias),9556,102108,Papio cynocephalus,Cercopithecus pogonias,Papio cynocephalus,Cercopithecus pogonias,12.32716,11.5,13.0889,28.0,TimeTree API pairwise summaryjson,
Yellow baboon (Papio cynocephalus),Mona monkey (Cercopithecus mona),9556,36226,Papio cynocephalus,Cercopithecus mona,Papio cynocephalus,Cercopithecus mona,12.32716,11.5,13.0889,28.0,TimeTree API pairwise summaryjson,
Yellow baboon (Papio cynocephalus),Chacma baboon (Papio ursinus),9556,36229,Papio cynocephalus,Papio ursinus,Papio cynocephalus,Papio ursinus,1.277215,0.7104,1.91,4.0,TimeTree API pairwise summaryjson,
Yellow baboon (Papio cynocephalus),Zebra finch (Taeniopygia guttata),9556,59729,Papio cynocephalus,Taeniopygia guttata,Papio cynocephalus,Taeniopygia guttata,318.95,316.0,322.37,30.0,TimeTree API pairwise summaryjson,
Ring-tailed lemur (Lemur catta),Mouse lemurs (Microcebus spp.),9447,13149,Lemur catta,Microcebus,Lemur catta,Microcebus,36.0,33.0,39.33,21.0,TimeTree API pairwise summaryjson,
Ring-tailed lemur (Lemur catta),Tufted capuchin (Sapajus apella),9447,9515,Lemur catta,Sapajus apella,Lemur catta,Sapajus apella,73.75492,71.4,77.5,50.0,TimeTree API pairwise summaryjson,
Ring-tailed lemur (Lemur catta),Common marmoset (Callithrix jacchus),9447,9483,Lemur catta,Callithrix jacchus,Lemur catta,Callithrix jacchus,73.75492,71.4,77.5,50.0,TimeTree API pairwise summaryjson,
Ring-tailed lemur (Lemur catta),Howler monkey (Alouatta spp.),9447,9499,Lemur catta,Alouatta,Lemur catta,Alouatta,73.75492,71.4,77.5,50.0,TimeTree API pairwise summaryjson,
Ring-tailed lemur (Lemur catta),Diana monkey (Cercopithecus diana),9447,36224,Lemur catta,Cercopithecus diana,Lemur catta,Cercopithecus diana,73.75492,71.4,77.5,50.0,TimeTree API pairwise summaryjson,
Ring-tailed lemur (Lemur catta),Putty-nosed monkey (Cercopithecus nictitans),9447,36228,Lemur catta,Cercopithecus nictitans,Lemur catta,Cercopithecus nictitans,73.75492,71.4,77.5,50.0,TimeTree API pairwise summaryjson,
Ring-tailed lemur (Lemur catta),Red-tailed monkey (Cercopithecus ascanius),9447,36223,Lemur catta,Cercopithecus ascanius,Lemur catta,Cercopithecus ascanius,73.75492,71.4,77.5,50.0,TimeTree API pairwise summaryjson,
Ring-tailed lemur (Lemur catta),De Brazza’s monkey (Cercopithecus neglectus),9447,36227,Lemur catta,Cercopithecus neglectus,Lemur catta,Cercopithecus neglectus,73.75492,71.4,77.5,50.0,TimeTree API pairwise summaryjson,
Ring-tailed lemur (Lemur catta),L’Hoest’s monkey (Allochrocebus lhoesti),9447,100224,Lemur catta,Allochrocebus lhoesti,Lemur catta,Allochrocebus lhoesti,73.75492,71.4,77.5,50.0,TimeTree API pairwise summaryjson,
Ring-tailed lemur (Lemur catta),Patas monkey (Erythrocebus patas),9447,9538,Lemur catta,Erythrocebus patas,Lemur catta,Erythrocebus patas,73.75492,71.4,77.5,50.0,TimeTree API pairwise summaryjson,
Ring-tailed lemur (Lemur catta),Talapoin monkey (Miopithecus talapoin),9447,36231,Lemur catta,Miopithecus talapoin,Lemur catta,Miopithecus talapoin,73.75492,71.4,77.5,50.0,TimeTree API pairwise summaryjson,
Ring-tailed lemur (Lemur catta),Gelada (Theropithecus gelada),9447,9565,Lemur catta,Theropithecus gelada,Lemur catta,Theropithecus gelada,73.75492,71.4,77.5,50.0,TimeTree API pairwise summaryjson,
Ring-tailed lemur (Lemur catta),Crowned monkey / Crowned guenon (Cercopithecus pogonias),9447,102108,Lemur catta,Cercopithecus pogonias,Lemur catta,Cercopithecus pogonias,73.75492,71.4,77.5,50.0,TimeTree API pairwise summaryjson,
Ring-tailed lemur (Lemur catta),Mona monkey (Cercopithecus mona),9447,36226,Lemur catta,Cercopithecus mona,Lemur catta,Cercopithecus mona,73.75492,71.4,77.5,50.0,TimeTree API pairwise summaryjson,
Ring-tailed lemur (Lemur catta),Chacma baboon (Papio ursinus),9447,36229,Lemur catta,Papio ursinus,Lemur catta,Papio ursinus,73.75492,71.4,77.5,50.0,TimeTree API pairwise summaryjson,
Ring-tailed lemur (Lemur catta),Zebra finch (Taeniopygia guttata),9447,59729,Lemur catta,Taeniopygia guttata,Lemur catta,Taeniopygia guttata,318.95,316.0,322.37,30.0,TimeTree API pairwise summaryjson,
Mouse lemurs (Microcebus spp.),Tufted capuchin (Sapajus apella),13149,9515,Microcebus,Sapajus apella,Microcebus,Sapajus apella,73.75492,71.4,77.5,50.0,TimeTree API pairwise summaryjson,
Mouse lemurs (Microcebus spp.),Common marmoset (Callithrix jacchus),13149,9483,Microcebus,Callithrix jacchus,Microcebus,Callithrix jacchus,73.75492,71.4,77.5,50.0,TimeTree API pairwise summaryjson,
Mouse lemurs (Microcebus spp.),Howler monkey (Alouatta spp.),13149,9499,Microcebus,Alouatta,Microcebus,Alouatta,73.75492,71.4,77.5,50.0,TimeTree API pairwise summaryjson,
Mouse lemurs (Microcebus spp.),Diana monkey (Cercopithecus diana),13149,36224,Microcebus,Cercopithecus diana,Microcebus,Cercopithecus diana,73.75492,71.4,77.5,50.0,TimeTree API pairwise summaryjson,
Mouse lemurs (Microcebus spp.),Putty-nosed monkey (Cercopithecus nictitans),13149,36228,Microcebus,Cercopithecus nictitans,Microcebus,Cercopithecus nictitans,73.75492,71.4,77.5,50.0,TimeTree API pairwise summaryjson,
Mouse lemurs (Microcebus spp.),Red-tailed monkey (Cercopithecus ascanius),13149,36223,Microcebus,Cercopithecus ascanius,Microcebus,Cercopithecus ascanius,73.75492,71.4,77.5,50.0,TimeTree API pairwise summaryjson,
Mouse lemurs (Microcebus spp.),De Brazza’s monkey (Cercopithecus neglectus),13149,36227,Microcebus,Cercopithecus neglectus,Microcebus,Cercopithecus neglectus,73.75492,71.4,77.5,50.0,TimeTree API pairwise summaryjson,
Mouse lemurs (Microcebus spp.),L’Hoest’s monkey (Allochrocebus lhoesti),13149,100224,Microcebus,Allochrocebus lhoesti,Microcebus,Allochrocebus lhoesti,73.75492,71.4,77.5,50.0,TimeTree API pairwise summaryjson,
Mouse lemurs (Microcebus spp.),Patas monkey (Erythrocebus patas),13149,9538,Microcebus,Erythrocebus patas,Microcebus,Erythrocebus patas,73.75492,71.4,77.5,50.0,TimeTree API pairwise summaryjson,
Mouse lemurs (Microcebus spp.),Talapoin monkey (Miopithecus talapoin),13149,36231,Microcebus,Miopithecus talapoin,Microcebus,Miopithecus talapoin,73.75492,71.4,77.5,50.0,TimeTree API pairwise summaryjson,
Mouse lemurs (Microcebus spp.),Gelada (Theropithecus gelada),13149,9565,Microcebus,Theropithecus gelada,Microcebus,Theropithecus gelada,73.75492,71.4,77.5,50.0,TimeTree API pairwise summaryjson,
Mouse lemurs (Microcebus spp.),Crowned monkey / Crowned guenon (Cercopithecus pogonias),13149,102108,Microcebus,Cercopithecus pogonias,Microcebus,Cercopithecus pogonias,73.75492,71.4,77.5,50.0,TimeTree API pairwise summaryjson,
Mouse lemurs (Microcebus spp.),Mona monkey (Cercopithecus mona),13149,36226,Microcebus,Cercopithecus mona,Microcebus,Cercopithecus mona,73.75492,71.4,77.5,50.0,TimeTree API pairwise summaryjson,
Mouse lemurs (Microcebus spp.),Chacma baboon (Papio ursinus),13149,36229,Microcebus,Papio ursinus,Microcebus,Papio ursinus,73.75492,71.4,77.5,50.0,TimeTree API pairwise summaryjson,
Mouse lemurs (Microcebus spp.),Zebra finch (Taeniopygia guttata),13149,59729,Microcebus,Taeniopygia guttata,Microcebus,Taeniopygia guttata,318.95,316.0,322.37,30.0,TimeTree API pairwise summaryjson,
Tufted capuchin (Sapajus apella),Common marmoset (Callithrix jacchus),9515,9483,Sapajus apella,Callithrix jacchus,Sapajus apella,Callithrix jacchus,17.88348,17.1,19.10146,26.0,TimeTree API pairwise summaryjson,
Tufted capuchin (Sapajus apella),Howler monkey (Alouatta spp.),9515,9499,Sapajus apella,Alouatta,Sapajus apella,Alouatta,19.6,18.1,21.80027,23.0,TimeTree API pairwise summaryjson,
Tufted capuchin (Sapajus apella),Diana monkey (Cercopithecus diana),9515,36224,Sapajus apella,Cercopithecus diana,Sapajus apella,Cercopithecus diana,42.9,40.0,44.2,68.0,TimeTree API pairwise summaryjson,
Tufted capuchin (Sapajus apella),Putty-nosed monkey (Cercopithecus nictitans),9515,36228,Sapajus apella,Cercopithecus nictitans,Sapajus apella,Cercopithecus nictitans,42.9,40.0,44.2,68.0,TimeTree API pairwise summaryjson,
Tufted capuchin (Sapajus apella),Red-tailed monkey (Cercopithecus ascanius),9515,36223,Sapajus apella,Cercopithecus ascanius,Sapajus apella,Cercopithecus ascanius,42.9,40.0,44.2,68.0,TimeTree API pairwise summaryjson,
Tufted capuchin (Sapajus apella),De Brazza’s monkey (Cercopithecus neglectus),9515,36227,Sapajus apella,Cercopithecus neglectus,Sapajus apella,Cercopithecus neglectus,42.9,40.0,44.2,68.0,TimeTree API pairwise summaryjson,
Tufted capuchin (Sapajus apella),L’Hoest’s monkey (Allochrocebus lhoesti),9515,100224,Sapajus apella,Allochrocebus lhoesti,Sapajus apella,Allochrocebus lhoesti,42.9,40.0,44.2,68.0,TimeTree API pairwise summaryjson,
Tufted capuchin (Sapajus apella),Patas monkey (Erythrocebus patas),9515,9538,Sapajus apella,Erythrocebus patas,Sapajus apella,Erythrocebus patas,42.9,40.0,44.2,68.0,TimeTree API pairwise summaryjson,
Tufted capuchin (Sapajus apella),Talapoin monkey (Miopithecus talapoin),9515,36231,Sapajus apella,Miopithecus talapoin,Sapajus apella,Miopithecus talapoin,42.9,40.0,44.2,68.0,TimeTree API pairwise summaryjson,
Tufted capuchin (Sapajus apella),Gelada (Theropithecus gelada),9515,9565,Sapajus apella,Theropithecus gelada,Sapajus apella,Theropithecus gelada,42.9,40.0,44.2,68.0,TimeTree API pairwise summaryjson,
Tufted capuchin (Sapajus apella),Crowned monkey / Crowned guenon (Cercopithecus pogonias),9515,102108,Sapajus apella,Cercopithecus pogonias,Sapajus apella,Cercopithecus pogonias,42.9,40.0,44.2,68.0,TimeTree API pairwise summaryjson,
Tufted capuchin (Sapajus apella),Mona monkey (Cercopithecus mona),9515,36226,Sapajus apella,Cercopithecus mona,Sapajus apella,Cercopithecus mona,42.9,40.0,44.2,68.0,TimeTree API pairwise summaryjson,
Tufted capuchin (Sapajus apella),Chacma baboon (Papio ursinus),9515,36229,Sapajus apella,Papio ursinus,Sapajus apella,Papio ursinus,42.9,40.0,44.2,68.0,TimeTree API pairwise summaryjson,
Tufted capuchin (Sapajus apella),Zebra finch (Taeniopygia guttata),9515,59729,Sapajus apella,Taeniopygia guttata,Sapajus apella,Taeniopygia guttata,318.95,316.0,322.37,30.0,TimeTree API pairwise summaryjson,
Common marmoset (Callithrix jacchus),Howler monkey (Alouatta spp.),9483,9499,Callithrix jacchus,Alouatta,Callithrix jacchus,Alouatta,19.6,18.1,21.80027,23.0,TimeTree API pairwise summaryjson,
Common marmoset (Callithrix jacchus),Diana monkey (Cercopithecus diana),9483,36224,Callithrix jacchus,Cercopithecus diana,Callithrix jacchus,Cercopithecus diana,42.9,40.0,44.2,68.0,TimeTree API pairwise summaryjson,
Common marmoset (Callithrix jacchus),Putty-nosed monkey (Cercopithecus nictitans),9483,36228,Callithrix jacchus,Cercopithecus nictitans,Callithrix jacchus,Cercopithecus nictitans,42.9,40.0,44.2,68.0,TimeTree API pairwise summaryjson,
Common marmoset (Callithrix jacchus),Red-tailed monkey (Cercopithecus ascanius),9483,36223,Callithrix jacchus,Cercopithecus ascanius,Callithrix jacchus,Cercopithecus ascanius,42.9,40.0,44.2,68.0,TimeTree API pairwise summaryjson,
Common marmoset (Callithrix jacchus),De Brazza’s monkey (Cercopithecus neglectus),9483,36227,Callithrix jacchus,Cercopithecus neglectus,Callithrix jacchus,Cercopithecus neglectus,42.9,40.0,44.2,68.0,TimeTree API pairwise summaryjson,
Common marmoset (Callithrix jacchus),L’Hoest’s monkey (Allochrocebus lhoesti),9483,100224,Callithrix jacchus,Allochrocebus lhoesti,Callithrix jacchus,Allochrocebus lhoesti,42.9,40.0,44.2,68.0,TimeTree API pairwise summaryjson,
Common marmoset (Callithrix jacchus),Patas monkey (Erythrocebus patas),9483,9538,Callithrix jacchus,Erythrocebus patas,Callithrix jacchus,Erythrocebus patas,42.9,40.0,44.2,68.0,TimeTree API pairwise summaryjson,
Common marmoset (Callithrix jacchus),Talapoin monkey (Miopithecus talapoin),9483,36231,Callithrix jacchus,Miopithecus talapoin,Callithrix jacchus,Miopithecus talapoin,42.9,40.0,44.2,68.0,TimeTree API pairwise summaryjson,
Common marmoset (Callithrix jacchus),Gelada (Theropithecus gelada),9483,9565,Callithrix jacchus,Theropithecus gelada,Callithrix jacchus,Theropithecus gelada,42.9,40.0,44.2,68.0,TimeTree API pairwise summaryjson,
Common marmoset (Callithrix jacchus),Crowned monkey / Crowned guenon (Cercopithecus pogonias),9483,102108,Callithrix jacchus,Cercopithecus pogonias,Callithrix jacchus,Cercopithecus pogonias,42.9,40.0,44.2,68.0,TimeTree API pairwise summaryjson,
Common marmoset (Callithrix jacchus),Mona monkey (Cercopithecus mona),9483,36226,Callithrix jacchus,Cercopithecus mona,Callithrix jacchus,Cercopithecus mona,42.9,40.0,44.2,68.0,TimeTree API pairwise summaryjson,
Common marmoset (Callithrix jacchus),Chacma baboon (Papio ursinus),9483,36229,Callithrix jacchus,Papio ursinus,Callithrix jacchus,Papio ursinus,42.9,40.0,44.2,68.0,TimeTree API pairwise summaryjson,
Common marmoset (Callithrix jacchus),Zebra finch (Taeniopygia guttata),9483,59729,Callithrix jacchus,Taeniopygia guttata,Callithrix jacchus,Taeniopygia guttata,318.95,316.0,322.37,30.0,TimeTree API pairwise summaryjson,
Howler monkey (Alouatta spp.),Diana monkey (Cercopithecus diana),9499,36224,Alouatta,Cercopithecus diana,Alouatta,Cercopithecus diana,42.9,40.0,44.2,68.0,TimeTree API pairwise summaryjson,
Howler monkey (Alouatta spp.),Putty-nosed monkey (Cercopithecus nictitans),9499,36228,Alouatta,Cercopithecus nictitans,Alouatta,Cercopithecus nictitans,42.9,40.0,44.2,68.0,TimeTree API pairwise summaryjson,
Howler monkey (Alouatta spp.),Red-tailed monkey (Cercopithecus ascanius),9499,36223,Alouatta,Cercopithecus ascanius,Alouatta,Cercopithecus ascanius,42.9,40.0,44.2,68.0,TimeTree API pairwise summaryjson,
Howler monkey (Alouatta spp.),De Brazza’s monkey (Cercopithecus neglectus),9499,36227,Alouatta,Cercopithecus neglectus,Alouatta,Cercopithecus neglectus,42.9,40.0,44.2,68.0,TimeTree API pairwise summaryjson,
Howler monkey (Alouatta spp.),L’Hoest’s monkey (Allochrocebus lhoesti),9499,100224,Alouatta,Allochrocebus lhoesti,Alouatta,Allochrocebus lhoesti,42.9,40.0,44.2,68.0,TimeTree API pairwise summaryjson,
Howler monkey (Alouatta spp.),Patas monkey (Erythrocebus patas),9499,9538,Alouatta,Erythrocebus patas,Alouatta,Erythrocebus patas,42.9,40.0,44.2,68.0,TimeTree API pairwise summaryjson,
Howler monkey (Alouatta spp.),Talapoin monkey (Miopithecus talapoin),9499,36231,Alouatta,Miopithecus talapoin,Alouatta,Miopithecus talapoin,42.9,40.0,44.2,68.0,TimeTree API pairwise summaryjson,
Howler monkey (Alouatta spp.),Gelada (Theropithecus gelada),9499,9565,Alouatta,Theropithecus gelada,Alouatta,Theropithecus gelada,42.9,40.0,44.2,68.0,TimeTree API pairwise summaryjson,
Howler monkey (Alouatta spp.),Crowned monkey / Crowned guenon (Cercopithecus pogonias),9499,102108,Alouatta,Cercopithecus pogonias,Alouatta,Cercopithecus pogonias,42.9,40.0,44.2,68.0,TimeTree API pairwise summaryjson,
Howler monkey (Alouatta spp.),Mona monkey (Cercopithecus mona),9499,36226,Alouatta,Cercopithecus mona,Alouatta,Cercopithecus mona,42.9,40.0,44.2,68.0,TimeTree API pairwise summaryjson,
Howler monkey (Alouatta spp.),Chacma baboon (Papio ursinus),9499,36229,Alouatta,Papio ursinus,Alouatta,Papio ursinus,42.9,40.0,44.2,68.0,TimeTree API pairwise summaryjson,
Howler monkey (Alouatta spp.),Zebra finch (Taeniopygia guttata),9499,59729,Alouatta,Taeniopygia guttata,Alouatta,Taeniopygia guttata,318.95,316.0,322.37,30.0,TimeTree API pairwise summaryjson,
Diana monkey (Cercopithecus diana),Putty-nosed monkey (Cercopithecus nictitans),36224,36228,Cercopithecus diana,Cercopithecus nictitans,Cercopithecus diana,Cercopithecus nictitans,5.3233,5.22,7.59,3.0,TimeTree API pairwise summaryjson,
Diana monkey (Cercopithecus diana),Red-tailed monkey (Cercopithecus ascanius),36224,36223,Cercopithecus diana,Cercopithecus ascanius,Cercopithecus diana,Cercopithecus ascanius,5.3233,5.22,7.59,3.0,TimeTree API pairwise summaryjson,
Diana monkey (Cercopithecus diana),De Brazza’s monkey (Cercopithecus neglectus),36224,36227,Cercopithecus diana,Cercopithecus neglectus,Cercopithecus diana,Cercopithecus neglectus,5.86525,5.2228,8.348,4.0,TimeTree API pairwise summaryjson,
Diana monkey (Cercopithecus diana),L’Hoest’s monkey (Allochrocebus lhoesti),36224,100224,Cercopithecus diana,Allochrocebus lhoesti,Cercopithecus diana,Allochrocebus lhoesti,8.61071,7.0046,11.448,5.0,TimeTree API pairwise summaryjson,
Diana monkey (Cercopithecus diana),Patas monkey (Erythrocebus patas),36224,9538,Cercopithecus diana,Erythrocebus patas,Cercopithecus diana,Erythrocebus patas,8.61071,7.0046,11.448,5.0,TimeTree API pairwise summaryjson,
Diana monkey (Cercopithecus diana),Talapoin monkey (Miopithecus talapoin),36224,36231,Cercopithecus diana,Miopithecus talapoin,Cercopithecus diana,Miopithecus talapoin,8.859425,7.5516,12.946,8.0,TimeTree API pairwise summaryjson,
Diana monkey (Cercopithecus diana),Gelada (Theropithecus gelada),36224,9565,Cercopithecus diana,Theropithecus gelada,Cercopithecus diana,Theropithecus gelada,12.32716,11.5,13.0889,28.0,TimeTree API pairwise summaryjson,
Diana monkey (Cercopithecus diana),Crowned monkey / Crowned guenon (Cercopithecus pogonias),36224,102108,Cercopithecus diana,Cercopithecus pogonias,Cercopithecus diana,Cercopithecus pogonias,5.091342,0.0,0.0,5.0,TimeTree API pairwise summaryjson,
Diana monkey (Cercopithecus diana),Mona monkey (Cercopithecus mona),36224,36226,Cercopithecus diana,Cercopithecus mona,Cercopithecus diana,Cercopithecus mona,5.86525,5.2228,8.348,4.0,TimeTree API pairwise summaryjson,
Diana monkey (Cercopithecus diana),Chacma baboon (Papio ursinus),36224,36229,Cercopithecus diana,Papio ursinus,Cercopithecus diana,Papio ursinus,12.32716,11.5,13.0889,28.0,TimeTree API pairwise summaryjson,
Diana monkey (Cercopithecus diana),Zebra finch (Taeniopygia guttata),36224,59729,Cercopithecus diana,Taeniopygia guttata,Cercopithecus diana,Taeniopygia guttata,318.95,316.0,322.37,30.0,TimeTree API pairwise summaryjson,
Putty-nosed monkey (Cercopithecus nictitans),Red-tailed monkey (Cercopithecus ascanius),36228,36223,Cercopithecus nictitans,Cercopithecus ascanius,Cercopithecus nictitans,Cercopithecus ascanius,5.318425,3.95332,10.2,6.0,TimeTree API pairwise summaryjson,
Putty-nosed monkey (Cercopithecus nictitans),De Brazza’s monkey (Cercopithecus neglectus),36228,36227,Cercopithecus nictitans,Cercopithecus neglectus,Cercopithecus nictitans,Cercopithecus neglectus,5.86525,5.2228,8.348,4.0,TimeTree API pairwise summaryjson,
Putty-nosed monkey (Cercopithecus nictitans),L’Hoest’s monkey (Allochrocebus lhoesti),36228,100224,Cercopithecus nictitans,Allochrocebus lhoesti,Cercopithecus nictitans,Allochrocebus lhoesti,8.61071,7.0046,11.448,5.0,TimeTree API pairwise summaryjson,
Putty-nosed monkey (Cercopithecus nictitans),Patas monkey (Erythrocebus patas),36228,9538,Cercopithecus nictitans,Erythrocebus patas,Cercopithecus nictitans,Erythrocebus patas,8.61071,7.0046,11.448,5.0,TimeTree API pairwise summaryjson,
Putty-nosed monkey (Cercopithecus nictitans),Talapoin monkey (Miopithecus talapoin),36228,36231,Cercopithecus nictitans,Miopithecus talapoin,Cercopithecus nictitans,Miopithecus talapoin,8.859425,7.5516,12.946,8.0,TimeTree API pairwise summaryjson,
Putty-nosed monkey (Cercopithecus nictitans),Gelada (Theropithecus gelada),36228,9565,Cercopithecus nictitans,Theropithecus gelada,Cercopithecus nictitans,Theropithecus gelada,12.32716,11.5,13.0889,28.0,TimeTree API pairwise summaryjson,
Putty-nosed monkey (Cercopithecus nictitans),Crowned monkey / Crowned guenon (Cercopithecus pogonias),36228,102108,Cercopithecus nictitans,Cercopithecus pogonias,Cercopithecus nictitans,Cercopithecus pogonias,5.091342,0.0,0.0,5.0,TimeTree API pairwise summaryjson,
Putty-nosed monkey (Cercopithecus nictitans),Mona monkey (Cercopithecus mona),36228,36226,Cercopithecus nictitans,Cercopithecus mona,Cercopithecus nictitans,Cercopithecus mona,5.86525,5.2228,8.348,4.0,TimeTree API pairwise summaryjson,
Putty-nosed monkey (Cercopithecus nictitans),Chacma baboon (Papio ursinus),36228,36229,Cercopithecus nictitans,Papio ursinus,Cercopithecus nictitans,Papio ursinus,12.32716,11.5,13.0889,28.0,TimeTree API pairwise summaryjson,
Putty-nosed monkey (Cercopithecus nictitans),Zebra finch (Taeniopygia guttata),36228,59729,Cercopithecus nictitans,Taeniopygia guttata,Cercopithecus nictitans,Taeniopygia guttata,318.95,316.0,322.37,30.0,TimeTree API pairwise summaryjson,
Red-tailed monkey (Cercopithecus ascanius),De Brazza’s monkey (Cercopithecus neglectus),36223,36227,Cercopithecus ascanius,Cercopithecus neglectus,Cercopithecus ascanius,Cercopithecus neglectus,5.86525,5.2228,8.348,4.0,TimeTree API pairwise summaryjson,
Red-tailed monkey (Cercopithecus ascanius),L’Hoest’s monkey (Allochrocebus lhoesti),36223,100224,Cercopithecus ascanius,Allochrocebus lhoesti,Cercopithecus ascanius,Allochrocebus lhoesti,8.61071,7.0046,11.448,5.0,TimeTree API pairwise summaryjson,
Red-tailed monkey (Cercopithecus ascanius),Patas monkey (Erythrocebus patas),36223,9538,Cercopithecus ascanius,Erythrocebus patas,Cercopithecus ascanius,Erythrocebus patas,8.61071,7.0046,11.448,5.0,TimeTree API pairwise summaryjson,
Red-tailed monkey (Cercopithecus ascanius),Talapoin monkey (Miopithecus talapoin),36223,36231,Cercopithecus ascanius,Miopithecus talapoin,Cercopithecus ascanius,Miopithecus talapoin,8.859425,7.5516,12.946,8.0,TimeTree API pairwise summaryjson,
Red-tailed monkey (Cercopithecus ascanius),Gelada (Theropithecus gelada),36223,9565,Cercopithecus ascanius,Theropithecus gelada,Cercopithecus ascanius,Theropithecus gelada,12.32716,11.5,13.0889,28.0,TimeTree API pairwise summaryjson,
Red-tailed monkey (Cercopithecus ascanius),Crowned monkey / Crowned guenon (Cercopithecus pogonias),36223,102108,Cercopithecus ascanius,Cercopithecus pogonias,Cercopithecus ascanius,Cercopithecus pogonias,5.091342,0.0,0.0,5.0,TimeTree API pairwise summaryjson,
Red-tailed monkey (Cercopithecus ascanius),Mona monkey (Cercopithecus mona),36223,36226,Cercopithecus ascanius,Cercopithecus mona,Cercopithecus ascanius,Cercopithecus mona,5.86525,5.2228,8.348,4.0,TimeTree API pairwise summaryjson,
Red-tailed monkey (Cercopithecus ascanius),Chacma baboon (Papio ursinus),36223,36229,Cercopithecus ascanius,Papio ursinus,Cercopithecus ascanius,Papio ursinus,12.32716,11.5,13.0889,28.0,TimeTree API pairwise summaryjson,
Red-tailed monkey (Cercopithecus ascanius),Zebra finch (Taeniopygia guttata),36223,59729,Cercopithecus ascanius,Taeniopygia guttata,Cercopithecus ascanius,Taeniopygia guttata,318.95,316.0,322.37,30.0,TimeTree API pairwise summaryjson,
De Brazza’s monkey (Cercopithecus neglectus),L’Hoest’s monkey (Allochrocebus lhoesti),36227,100224,Cercopithecus neglectus,Allochrocebus lhoesti,Cercopithecus neglectus,Allochrocebus lhoesti,8.61071,7.0046,11.448,5.0,TimeTree API pairwise summaryjson,
De Brazza’s monkey (Cercopithecus neglectus),Patas monkey (Erythrocebus patas),36227,9538,Cercopithecus neglectus,Erythrocebus patas,Cercopithecus neglectus,Erythrocebus patas,8.61071,7.0046,11.448,5.0,TimeTree API pairwise summaryjson,
De Brazza’s monkey (Cercopithecus neglectus),Talapoin monkey (Miopithecus talapoin),36227,36231,Cercopithecus neglectus,Miopithecus talapoin,Cercopithecus neglectus,Miopithecus talapoin,8.859425,7.5516,12.946,8.0,TimeTree API pairwise summaryjson,
De Brazza’s monkey (Cercopithecus neglectus),Gelada (Theropithecus gelada),36227,9565,Cercopithecus neglectus,Theropithecus gelada,Cercopithecus neglectus,Theropithecus gelada,12.32716,11.5,13.0889,28.0,TimeTree API pairwise summaryjson,
De Brazza’s monkey (Cercopithecus neglectus),Crowned monkey / Crowned guenon (Cercopithecus pogonias),36227,102108,Cercopithecus neglectus,Cercopithecus pogonias,Cercopithecus neglectus,Cercopithecus pogonias,5.091342,0.0,0.0,5.0,TimeTree API pairwise summaryjson,
De Brazza’s monkey (Cercopithecus neglectus),Mona monkey (Cercopithecus mona),36227,36226,Cercopithecus neglectus,Cercopithecus mona,Cercopithecus neglectus,Cercopithecus mona,5.39665,3.5,7.21,4.0,TimeTree API pairwise summaryjson,
De Brazza’s monkey (Cercopithecus neglectus),Chacma baboon (Papio ursinus),36227,36229,Cercopithecus neglectus,Papio ursinus,Cercopithecus neglectus,Papio ursinus,12.32716,11.5,13.0889,28.0,TimeTree API pairwise summaryjson,
De Brazza’s monkey (Cercopithecus neglectus),Zebra finch (Taeniopygia guttata),36227,59729,Cercopithecus neglectus,Taeniopygia guttata,Cercopithecus neglectus,Taeniopygia guttata,318.95,316.0,322.37,30.0,TimeTree API pairwise summaryjson,
L’Hoest’s monkey (Allochrocebus lhoesti),Patas monkey (Erythrocebus patas),100224,9538,Allochrocebus lhoesti,Erythrocebus patas,Allochrocebus lhoesti,Erythrocebus patas,5.70485,5.0897,7.95359,8.0,TimeTree API pairwise summaryjson,
L’Hoest’s monkey (Allochrocebus lhoesti),Talapoin monkey (Miopithecus talapoin),100224,36231,Allochrocebus lhoesti,Miopithecus talapoin,Allochrocebus lhoesti,Miopithecus talapoin,8.859425,7.5516,12.946,8.0,TimeTree API pairwise summaryjson,
L’Hoest’s monkey (Allochrocebus lhoesti),Gelada (Theropithecus gelada),100224,9565,Allochrocebus lhoesti,Theropithecus gelada,Allochrocebus lhoesti,Theropithecus gelada,12.32716,11.5,13.0889,28.0,TimeTree API pairwise summaryjson,
L’Hoest’s monkey (Allochrocebus lhoesti),Crowned monkey / Crowned guenon (Cercopithecus pogonias),100224,102108,Allochrocebus lhoesti,Cercopithecus pogonias,Allochrocebus lhoesti,Cercopithecus pogonias,5.091342,0.0,0.0,5.0,TimeTree API pairwise summaryjson,
L’Hoest’s monkey (Allochrocebus lhoesti),Mona monkey (Cercopithecus mona),100224,36226,Allochrocebus lhoesti,Cercopithecus mona,Allochrocebus lhoesti,Cercopithecus mona,8.61071,7.0046,11.448,5.0,TimeTree API pairwise summaryjson,
L’Hoest’s monkey (Allochrocebus lhoesti),Chacma baboon (Papio ursinus),100224,36229,Allochrocebus lhoesti,Papio ursinus,Allochrocebus lhoesti,Papio ursinus,12.32716,11.5,13.0889,28.0,TimeTree API pairwise summaryjson,
L’Hoest’s monkey (Allochrocebus lhoesti),Zebra finch (Taeniopygia guttata),100224,59729,Allochrocebus lhoesti,Taeniopygia guttata,Allochrocebus lhoesti,Taeniopygia guttata,318.95,316.0,322.37,30.0,TimeTree API pairwise summaryjson,
Patas monkey (Erythrocebus patas),Talapoin monkey (Miopithecus talapoin),9538,36231,Erythrocebus patas,Miopithecus talapoin,Erythrocebus patas,Miopithecus talapoin,8.859425,7.5516,12.946,8.0,TimeTree API pairwise summaryjson,
Patas monkey (Erythrocebus patas),Gelada (Theropithecus gelada),9538,9565,Erythrocebus patas,Theropithecus gelada,Erythrocebus patas,Theropithecus gelada,12.32716,11.5,13.0889,28.0,TimeTree API pairwise summaryjson,
Patas monkey (Erythrocebus patas),Crowned monkey / Crowned guenon (Cercopithecus pogonias),9538,102108,Erythrocebus patas,Cercopithecus pogonias,Erythrocebus patas,Cercopithecus pogonias,5.091342,0.0,0.0,5.0,TimeTree API pairwise summaryjson,
Patas monkey (Erythrocebus patas),Mona monkey (Cercopithecus mona),9538,36226,Erythrocebus patas,Cercopithecus mona,Erythrocebus patas,Cercopithecus mona,8.61071,7.0046,11.448,5.0,TimeTree API pairwise summaryjson,
Patas monkey (Erythrocebus patas),Chacma baboon (Papio ursinus),9538,36229,Erythrocebus patas,Papio ursinus,Erythrocebus patas,Papio ursinus,12.32716,11.5,13.0889,28.0,TimeTree API pairwise summaryjson,
Patas monkey (Erythrocebus patas),Zebra finch (Taeniopygia guttata),9538,59729,Erythrocebus patas,Taeniopygia guttata,Erythrocebus patas,Taeniopygia guttata,318.95,316.0,322.37,30.0,TimeTree API pairwise summaryjson,
Talapoin monkey (Miopithecus talapoin),Gelada (Theropithecus gelada),36231,9565,Miopithecus talapoin,Theropithecus gelada,Miopithecus talapoin,Theropithecus gelada,12.32716,11.5,13.0889,28.0,TimeTree API pairwise summaryjson,
Talapoin monkey (Miopithecus talapoin),Crowned monkey / Crowned guenon (Cercopithecus pogonias),36231,102108,Miopithecus talapoin,Cercopithecus pogonias,Miopithecus talapoin,Cercopithecus pogonias,8.859425,7.5516,12.946,8.0,TimeTree API pairwise summaryjson,
Talapoin monkey (Miopithecus talapoin),Mona monkey (Cercopithecus mona),36231,36226,Miopithecus talapoin,Cercopithecus mona,Miopithecus talapoin,Cercopithecus mona,8.859425,7.5516,12.946,8.0,TimeTree API pairwise summaryjson,
Talapoin monkey (Miopithecus talapoin),Chacma baboon (Papio ursinus),36231,36229,Miopithecus talapoin,Papio ursinus,Miopithecus talapoin,Papio ursinus,12.32716,11.5,13.0889,28.0,TimeTree API pairwise summaryjson,
Talapoin monkey (Miopithecus talapoin),Zebra finch (Taeniopygia guttata),36231,59729,Miopithecus talapoin,Taeniopygia guttata,Miopithecus talapoin,Taeniopygia guttata,318.95,316.0,322.37,30.0,TimeTree API pairwise summaryjson,
Gelada (Theropithecus gelada),Crowned monkey / Crowned guenon (Cercopithecus pogonias),9565,102108,Theropithecus gelada,Cercopithecus pogonias,Theropithecus gelada,Cercopithecus pogonias,12.32716,11.5,13.0889,28.0,TimeTree API pairwise summaryjson,
Gelada (Theropithecus gelada),Mona monkey (Cercopithecus mona),9565,36226,Theropithecus gelada,Cercopithecus mona,Theropithecus gelada,Cercopithecus mona,12.32716,11.5,13.0889,28.0,TimeTree API pairwise summaryjson,
Gelada (Theropithecus gelada),Chacma baboon (Papio ursinus),9565,36229,Theropithecus gelada,Papio ursinus,Theropithecus gelada,Papio ursinus,4.52,4.0,4.83554,20.0,TimeTree API pairwise summaryjson,
Gelada (Theropithecus gelada),Zebra finch (Taeniopygia guttata),9565,59729,Theropithecus gelada,Taeniopygia guttata,Theropithecus gelada,Taeniopygia guttata,318.95,316.0,322.37,30.0,TimeTree API pairwise summaryjson,
Crowned monkey / Crowned guenon (Cercopithecus pogonias),Mona monkey (Cercopithecus mona),102108,36226,Cercopithecus pogonias,Cercopithecus mona,Cercopithecus pogonias,Cercopithecus mona,5.091342,0.0,0.0,5.0,TimeTree API pairwise summaryjson,
Crowned monkey / Crowned guenon (Cercopithecus pogonias),Chacma baboon (Papio ursinus),102108,36229,Cercopithecus pogonias,Papio ursinus,Cercopithecus pogonias,Papio ursinus,12.32716,11.5,13.0889,28.0,TimeTree API pairwise summaryjson,
Crowned monkey / Crowned guenon (Cercopithecus pogonias),Zebra finch (Taeniopygia guttata),102108,59729,Cercopithecus pogonias,Taeniopygia guttata,Cercopithecus pogonias,Taeniopygia guttata,318.95,316.0,322.37,30.0,TimeTree API pairwise summaryjson,
Mona monkey (Cercopithecus mona),Chacma baboon (Papio ursinus),36226,36229,Cercopithecus mona,Papio ursinus,Cercopithecus mona,Papio ursinus,12.32716,11.5,13.0889,28.0,TimeTree API pairwise summaryjson,
Mona monkey (Cercopithecus mona),Zebra finch (Taeniopygia guttata),36226,59729,Cercopithecus mona,Taeniopygia guttata,Cercopithecus mona,Taeniopygia guttata,318.95,316.0,322.37,30.0,TimeTree API pairwise summaryjson,
Chacma baboon (Papio ursinus),Zebra finch (Taeniopygia guttata),36229,59729,Papio ursinus,Taeniopygia guttata,Papio ursinus,Taeniopygia guttata,318.95,316.0,322.37,30.0,TimeTree API pairwise summaryjson,
